idprincipal,tipo,fecha,Actor,Actor1,descripcion,activo,alarmstate,alarmfecha,porquealarm,institucion,identificadorcda,detallecda,bandera,fecharegistro,identidad,entidadsigla
333,ACUERDO,2026-08-05T04:00:00.000Z,CENTRAL OBRERA BOLIVIANA,MINISTERIO DE PRODUCCION SOSTENIBLE MEDIAO AMBIENTE y AGUA,"EN LOS PUNTOS DE ACUERDO AL PLANTEAMIENTO PARA LA PACIFICACION PACIFICACION Y LA RECUPERACION DEL PAIS ENTRE EL GOBIERNO NACIONAL Y LA CENTRAL OBRERA BOLIVIANA., PARA EL PUNTO DE CANASTA FAMILIAR, DERECHOS LABORALES Y SEGURIDAD SOCIAL requiere medidas para proteger la canasta familiar.  ",activo,,,,"Ministerio de Desarrollo Productivo, Rural y Agua",A202610593334,"EN FECHA 05 DE AGOSTO DE 2026 EL VICEMINISTRO DE JUSTICIA INDIGENA CON NOTA DIIRGIDA AL SR. VICTOR HUGO AÑEZ BELLO JEFE DE GABINETE DEL MINISTERIO DE DESARROLLO PRODUCTIVO, RURAL Y AGUA EL ACUERDO ENTRE EL GOBIERNO NACIONAL Y LA CENTRAL OBRERA BOLIVIANA. ",,2026-10-05T19:44:40.000Z,,
332,DEMANDA,2026-09-30T04:00:00.000Z,SUBALCALDES-TACAMARA:CORPAPUTO:WILLCAHUAYA-COCOTONI,VDAyA,"LOS SUBALCALDES DE TACAMARA:CORPAPUTO:WILLCAHUAYA-COCOTONI, SOICITAN  INFORMACION DE PROGRAMAS Y PROYECTOS, CREDITOS PRODUCTIVOS AL VDAyA. ",activo,,,,"Ministerio de Desarrollo Productivo, Rural y Agua",D202610215576,EN FECHA 30 DE SEPTIEMBRE DE 2026 EN OFICINAS DEL VDAyA SE REUNIERON CON LOS SUBALCALDES Y LA DGPPAyP ,,2026-10-03T02:00:18.000Z,,
331,DEMANDA,2026-09-29T04:00:00.000Z,SUBCENTRAL 26 DE AGOSTO-GAM CONCEPCION,VDAyA,LA SUBCENTRAL 26 DE AGOSTO-DEL GAM DE CONCEPCION DE LA PROV. NUFLO CHAVEZ DEL DPTO DE SANTA CRUZ SOLICITAN PROGRAMAS PRODUCTIVOS Y CREDITOS PARA EL SECTOR PRODUCTIVO VDAyA por ,activo,,,,"Ministerio de Desarrollo Productivo, Rural y Agua",D2026102154925,EN FECHA 29 DE SEPTIEMBRE DE 2026 EN OFICINAS DEL VDAYA SE REUNION CON LA SUBCENTRAL 26 DE AGOSTO DEL MUNICIPIO DE CONCEPCION DE LA PROV. NUFLO CHAVEZ. ,,2026-10-03T01:52:26.000Z,,
330,DEMANDA,2026-09-28T04:00:00.000Z,GOBIERNO AUTONOMO MUNICIPAL DE TITO YUPANQUI,VDAyA,EL GAM DE TITO YUPANQUI SOLICITA INFORMACION DE PROGRAMAS Y PROYECTOS PRODUCTIVOS AL VDAyA.,activo,,,,"Ministerio de Desarrollo Productivo, Rural y Agua",D2026102154157,EN FECHA 28 DE SEPTIEMBRE DE 2026 EL VDAyA en REUNION CONJUNTA CON EL GAM DE TITO YUPANQUI EXPONE SUS ACCIONES PARA LA ACTIVIDAD AGROPECUARIA. ,,2026-10-03T01:44:53.000Z,,
329,DEMANDA,2026-09-26T04:00:00.000Z,CENTRAL AGRARIA AJLLATA GRANDE,VDAyA,"LA CENTRAL AGRARIA AJLLATA GRANDE SOCIALIZACION SOLICITA INFORMACION PARA LA GESTION RESILIENTE DEL AGUA PARA RIEGO COMUNITARIO Y FAMILIAR, USO EFICIENTE DE AGUAS SUBTERRANEAS PARA LA PRODUCCION DEL AGRO, MI PUENTE EMPODERAR. ",activo,,,,"Ministerio de Desarrollo Productivo, Rural y Agua",D2026102152217,EN FECHA 26 DE SEPTIEMBRE DE 2026 LA CENTRAL AGRARIA AJLLATA GRANDE REALIZA UNA REUNION EN FORMA CONJUNTA CON EL VADyA y solicita la socializacion de los programas y proyectos que se vienen y vendran siendo desarrollados por las entidades bajo su tuicion.,,2026-10-03T01:26:58.000Z,,
328,DEMANDA,2026-09-25T04:00:00.000Z,AJLLATA GRANDE,VICEMINISTERIO DE DESARROLLO AGROPECUARIO Y AGROFORESTAL,"LA COMUNIDA AJLLATA GRANDE SOLICITA LA PERFORACION DE POZOS, IMPLEMENTACION DE PROYECTOS ACUICULTURA, PESCA Y TURISMO, SOLICITA AUDIENCIA CON MINISTRODemanda a VICEMINISTERIO DE DESARROLLO AGROPECUARIO Y AGROFORESTAL",activo,,,,"Ministerio de Desarrollo Productivo, Rural y Agua",D202610215915,EN FECHA 25 DE SEPTIEMBRE EL VDAYA SE REUNE CON COMUNARIOS DE AJLLA GRANDE EN LA MISMA COMUNIDAD EN EL MUNICIPIO DE ACHACACHI EN LA PROVINCIA OMASUYOS. ,,2026-10-03T01:12:27.000Z,,
327,DEMANDA,2026-09-24T04:00:00.000Z,SUNTIA GRANDE-PROV.OMASUYOS,VDAyA/DGPPAyP/EMPODERAR,"LA COMUNIDAD SUNTIA GRANDE SOLICITA A EMPODERAR MEDIANTE EL VDAyA LA INSPECCION AL PROGRAMA MI PUENTE, TAMBIEN REQUIERE LA INSPECCION DE POTENCIALIDADES. ",activo,,,,"Ministerio de Desarrollo Productivo, Rural y Agua",D2026102145453,EN FECHA 24 DE SEPTIEMBRE DE 2026 LA COMUNIDAD SUNTIA GRANDE REQUIERE DEL VDAYA INPSECCION DE PROYECTOS Y ESPECIALIDADES,,2026-10-03T00:59:46.000Z,,
326,DEMANDA,2026-09-23T04:00:00.000Z,GAM COLQUENCHA CONCEJALES,VDAyA,EL GAM DE COLQUENCHA MEDIANTE NOTA DE SOLICITUD SOLICITA AL VDAYA SOCIALIZACION DE PROGRAMAS Y PROYECTOS PARA DESARROLLO AGROPECUARIO ,activo,,,,"Ministerio de Desarrollo Productivo, Rural y Agua",D2026102143237,EN FECHA 23 DE SEPTIEMBRE EL VDAyA EN REUNION CON EL GAM DE COLQUENCHA REALIZA LA SOCIALIZACION DE PROGRAMAS Y PROYECTOS ,,2026-10-03T00:36:04.000Z,,
325,DEMANDA,2026-09-08T04:00:00.000Z,GOBIERNO AUTONOMO MUNICIPAL DE NAZACARA,VDAyA,"EL GAM DE NAZACARA SOLICITA INFORMACION DE PROYECTOS AGROPECUARIOS AL VDAyA
",activo,,,,"Ministerio de Desarrollo Productivo, Rural y Agua",D2026102135933,"
EN FECHA 8 DE SEPTIEMBRE DE 2026 A SOLICITUD VERBAL DEL GAM DE NAZACARA EL VICEMINISTERIO DE DESARROLLO AGROPECUARIO Y AGROFORESTAL ATENDIO LA SOLICITUD DE REUNION PARA BRINDAR INFORMACION DE LOS PROGRAMAS Y PROYECTOS QUE SE ENCUENTRAN BAJO TUICION DEL VADyA.
",,2026-10-03T00:27:02.000Z,,
324,DEMANDA,2026-06-19T04:00:00.000Z,COB-Central Obrera Boliviana,Ministerio de la Presidencia,COB-Central Obrera Boliviana Demanda a Ministerio de la Presidencia por planteamiento para la pacificación y la recuperación del país entre el gobierno nacional y la central obrera boliviana,activo,,,,"Ministerio de Desarrollo Productivo, Rural y Agua",D202693010932,Puntos de acuerdo al planteamiento para la pacificación y la recuperación del país entre el gobierno nacional y la central obrera boliviana,,2026-09-30T20:11:42.000Z,,
316,ACUERDO,2026-09-21T04:00:00.000Z,"Gobiernos Autónomos Municipales de Corque, Totora y Marka La Cumbre","Ministerio de Producción Sostenible, Medio Ambiente y Agua / VPISyA / PRO-BOLIVIA","Se llevaron a cabo reuniones de coordinación entre VPISyA, PRO-BOLIVIA y las autoridades municipales/originarias de Corque (38 comunidades en 17 ayllus), Totora (32 comunidades en 9 ayllus) y Marka La Cumbre (22 comunidades). Se establecieron compromisos de apoyo en los sectores lácteo, agricultura, PyMEs e infraestructura. Asimismo, se están proyectando proyectos piloto de crianza de cuyes, avícola, dotación de semillas, carpas solares, forraje e invernaderos. No existen sectores en conflicto",activo,,,,"Ministerio de Desarrollo Productivo, Rural y Agua",A2026922172938,"Informe: INF/MPSMAyA/VPISyA N° 0025/2026
Remitente: Gustavo Jáuregui Gonzáles - Viceministro de Políticas de Industrialización Sostenible y Artesanía
Destinatario: Ricardo Erick Sanjines Chavez - Ministro a.i.
Ref.: Estado de situación con sectores",,2026-09-23T03:52:08.000Z,4.0,VDAYA
315,ACUERDO,2026-09-21T04:00:00.000Z,"Gobiernos Autónomos Municipales de Corque, Totora y Marka La Cumbre","Ministerio de Producción Sostenible, Medio Ambiente y Agua / VPISyA / PRO-BOLIVIA","Se llevaron a cabo reuniones de coordinación entre VPISyA, PRO-BOLIVIA y las autoridades municipales/originarias de Corque (38 comunidades en 17 ayllus), Totora (32 comunidades en 9 ayllus) y Marka La Cumbre (22 comunidades). Se establecieron compromisos de apoyo en los sectores lácteo, agricultura, PyMEs e infraestructura. Asimismo, se están proyectando proyectos piloto de crianza de cuyes, avícola, dotación de semillas, carpas solares, forraje e invernaderos. No existen sectores en conflicto",activo,,,,"Ministerio de Desarrollo Productivo, Rural y Agua",A2026922172938,"Informe: INF/MPSMAyA/VPISyA N° 0025/2026
Remitente: Gustavo Jáuregui Gonzáles - Viceministro de Políticas de Industrialización Sostenible y Artesanía
Destinatario: Ricardo Erick Sanjines Chavez - Ministro a.i.
Ref.: Estado de situación con sectores",,2026-09-23T03:52:01.000Z,4.0,VDAYA
314,DEMANDA,2026-09-08T04:00:00.000Z,Productores Cañeros de la Provincia Abel Iturralde / Diputado Edgar Zegarra,Empresa Azucarera San Buenaventura (EASBA),"Preocupación por la demora en el inicio de la Zafra 2026 debido a la falta de maquinaria, insumos y abastecimiento de combustible por parte de EASBA, solicitando garantías y acciones concretas para iniciar en la segunda quincena de septiembre.",activo,,,,"Ministerio de Desarrollo Productivo, Rural y Agua",D202692217153,"Los productores manifestaron riesgo de pérdida de sacarosa, afectación económica y amenazas climáticas/incendios por el retraso en la Zafra. EASBA justificó la demora por contrataciones e insumos externos, estimando inicio para la 2da quincena de septiembre. Se instaló mesa de trabajo el 08/09/2026 con el Diputado Edgar Zegarra acordando 5 compromisos clave.",,2026-09-23T03:15:26.000Z,4.0,VDAYA
313,CONFLICTO,2026-09-22T04:00:00.000Z,COMITE DE DEFENSA DEL PRODUCTOR  CO.DE.PRO.,MINISTERIO DE PRODUCCION SOSTENIBLE MEDIO AMBIENTE Y AGUA,EL COMITE DE DEFENSA DEL PRODUCTOR  CO.DE.PRO.  MANIFIESTA UN PRONUNCIAMIENTO PUBLICO NACIONAL EL CAMPO EN ESTADO DE EMERGENCIA PRODUCTIVA  POR LA POR LA SOSTENIBILIDAD DEL PRODUCTOR LA LIBERTAD DE COMERCIO Y LA REACTIVACION DEL SECTOR PRODUCTIVO,activo,,,,"Ministerio de Desarrollo Productivo, Rural y Agua",C2026922162235,"EN FECHA 21 DE SEPTIEMBRE CO.DE.PRO REALIZA UN PRONUNCIAMIENTO PUBLICO NACIONAL ANTE EL INCREMENTO DEL PRECIO DEL DIESEL , MANIFIESTA LA NECESIDAD DE MANTENER E INCREMENTAR LA PRODUCCION AGROPECUARIA PARA PARA GARANTIZAR EL ABASTECIMIENTO INTERNO GENERAR EMPLEO IMPULSAR LA INDUSTRIA Y GENERAR DIVISAS PARA EL FUNCIONAMIENTO DE LA ECONOMIA",,2026-09-23T02:33:10.000Z,4.0,VDAYA
312,CONFLICTO,2026-09-22T04:00:00.000Z,COMITE DE DEFENSA DEL PRODUCTOR  CO.DE.PRO.,MINISTERIO DE PRODUCCION SOSTENIBLE MEDIO AMBIENTE Y AGUA,EL COMITE DE DEFENSA DEL PRODUCTOR  CO.DE.PRO.  MANIFIESTA UN PRONUNCIAMIENTO PUBLICO NACIONAL EL CAMPO EN ESTADO DE EMERGENCIA PRODUCTIVA  POR LA POR LA SOSTENIBILIDAD DEL PRODUCTOR LA LIBERTAD DE COMERCIO Y LA REACTIVACION DEL SECTOR PRODUCTIVO,activo,,,,"Ministerio de Desarrollo Productivo, Rural y Agua",C2026922162235,"EN FECHA 21 DE SEPTIEMBRE CO.DE.PRO REALIZA UN PRONUNCIAMIENTO PUBLICO NACIONAL ANTE EL INCREMENTO DEL PRECIO DEL DIESEL , MANIFIESTA LA NECESIDAD DE MANTENER E INCREMENTAR LA PRODUCCION AGROPECUARIA PARA PARA GARANTIZAR EL ABASTECIMIENTO INTERNO GENERAR EMPLEO IMPULSAR LA INDUSTRIA Y GENERAR DIVISAS PARA EL FUNCIONAMIENTO DE LA ECONOMIA",,2026-09-23T02:33:04.000Z,4.0,VDAYA
311,DEMANDA,2026-09-21T04:00:00.000Z,Autoridades municipales y autoridades originarias de Corque,Viceministerio de Políticas de Industrialización Sostenible y Artesanía / PRO-BOLIVIA,"Necesidades y requerimientos productivos, técnicos y de infraestructura",activo,,,,"Ministerio de Desarrollo Productivo, Rural y Agua",D2026922122929,"Autoridades municipales y originarias del municipio de Corque plantean necesidades y requerimientos vinculados al sector lácteo, agricultura, fortalecimiento y promoción de pequeñas y medianas industrias, infraestructura productiva y apoyo y fortalecimiento de las actividades productivas.",,2026-09-22T23:39:25.000Z,4.0,VDAYA
310,DEMANDA,2026-09-10T04:00:00.000Z,BRIGADA PARLAMENTARIA DE LA PAZ,VLCC,"BRIGADA PARLAMENTARIA DE LA PAZ Demanda a VLCC por la falta del control de contrabando de ganado bovino en pie y carne, solicitado por FUTECRA",activo,,,,"Ministerio de Desarrollo Productivo, Rural y Agua",D202692211254,Nota remitida por la Brigada Parlamentaria de La Paz,,2026-09-22T21:06:13.000Z,,
309,DEMANDA,2026-08-10T04:00:00.000Z,CENTRAL AGRARIA MURUMAMANI,Oscar Mario Justiniano Pinto - MINISTRO,"CON NOTA RECEPCIONADA EN FECHA 03 DE JULIO DE 2026 LA CENTRAL AGRARIA MURUMAMANI SOLICITA AUDIENCIA PARA TRATAR:
CASO DE PROPUESTA DE SEMILLA DE PAPA CERTIFICADA
VENTA DE SEMILLAS
TEMA DE PROYECTOS.
SENASAG Y OTROS. ",activo,,,,"Ministerio de Desarrollo Productivo, Rural y Agua",D2026917171345,DERIVADA ESTA NOTA AL VDAYA LA SOLICITUD FUE ATENDIDA EN FECHA 10 DE AGOSTO DE 2026  ,,2026-09-18T03:18:20.000Z,4.0,VDAYA
308,DEMANDA,2026-07-21T04:00:00.000Z,ORGANIZACION DE MUJERES BARTOLINA SISA,Oscar Mario Justiniano Pinto - MINISTRO,"CON NOTA RECEPCIONADA EN FECHA 13 DE JULIO DE 2026 LA SRA SULMA CARDOZO TOLABA REPRESENTANTE DE LA ORGANIZACION DE MUJERES BARTOLINA SISA SOLICITA AUDIENCIA PARA TRATAR TEMAS DE DESARROLLO PRODUCTIVO Y RURAL DEL MUNICPIO DE VILLA CHARCAS, ESTA SOLICITUD LA DIRIJE AL SEÑOR OSCAR MARIO JUSTINIANO PINTO MINISTRO DE DESARROLLO PRODUCTIVO RURAL Y AGUA. ",activo,,,,"Ministerio de Desarrollo Productivo, Rural y Agua",D2026917164921,EN AMBIENTES DEL VDADI  A HRS 13: 00 EN FECHA 21 DE JULIO DE 2026 SE LLEVA A CABO LA REUNION PARA TRATAR LOS PUNTOS SOLICITADOS.  ,,2026-09-18T02:54:35.000Z,4.0,VDAYA
307,DEMANDA,2026-07-21T04:00:00.000Z,GOBIERNO AUTONOMO MUNICIPAL DE CHUMA,LIC. KAREL RIVERO MARIN - VICEMINISTRO,CON NOTA RECEPCIONADA EN FECHA 26 DE JUNIO DE 2026 EL GAM DE CHUMA SOLICITA AUDIENCIA PARA SOCIALIZAR PROGRAMAS Y PROYECTOS QUE EXISTIRIAN EN LA PRESENTE GESTION. ,activo,,,,"Ministerio de Desarrollo Productivo, Rural y Agua",D2026917163732,EN FECHA 21 DE JULIO DE 2026 EN INSTALACIONES DE DEL VDAYA SE LLEVO A CABO LA REUNION ENTRE EL GAM DE CHUMA Y TEC. DEL VDAYA . ,,2026-09-18T02:42:29.000Z,4.0,VDAYA
306,DEMANDA,2026-07-27T04:00:00.000Z,DISTRITO KAJANI COMUNIDAD SALLA,RODRIGO PAZ PEREIRA,CON NOTA DE FECHA 29 DE JUNIO Y RECEPCIONADA EN FECHA 30 DE JUNIO EL DISTRITO KAJANI COMUNIDAD SALLA DEMANDA SOLICITUD DE APOYO PARA PROYECTOS Y PROGRAMAS DE DESARROLLO AL SEÑOR RODRIGO PAZ PEREIRA PRESIDENTE DEL ESTADO PLURINACIONAL DE BOLIVIA,activo,,,,"Ministerio de Desarrollo Productivo, Rural y Agua",D202691716118,ESTA SOLICITUD RECEPCIONADA EN PRESIDENCIA ES DERIVADA Y RECEPCIONADA EN FECHA 14 DE JULIO DE 2026 AL SEÑOR OSCAR MARIO JUSTINIANO PINTO EN LA CUAL SE SOLICITA LA INFORMACION RESPECTIVA  ,,2026-09-18T02:16:21.000Z,4.0,VDAYA
305,DEMANDA,2026-05-28T04:00:00.000Z,GOBIERNO AUTONOMO MUNICIPAL DE CAQUIAVIRI,Oscar Mario Justiniano Pinto - MINISTRO,CON NOTA RECEPCIONADA EN FECHA 14 DE MAYO DE 2026 EL GAM DE CAQUIAVIRI SOLICITA LA EJECUCION DEL PROGRAMA PAPA EN LAS COMUNIDADES DEL MUNICIPIO DE CAQUIAVIRI,activo,,,,"Ministerio de Desarrollo Productivo, Rural y Agua",D202691715412,"EN FECHA 14 DE MAYO EL GAM DE CAQUIAVIRI SOLICITA REUNION DE COORDINACION, EN FECHA 28 DE MAYO DE 2026 SE LLEVA A CABO LA REUNION EN INSTALACIONES DEL VDAYA PARA RESPONDER A LO SOLICITADO ",,2026-09-18T01:46:45.000Z,4.0,VDAYA
304,ACUERDO,2026-07-10T04:00:00.000Z,CENTRO FOCAPACI,VDAYA,EN FECHA 17 DE JUNIO DE 2026 LA RED DE AGRICULTURA URBANA Y PERIURBANA REGIONAL ALTIPLANO (RED AUP ALTIPLANO) HIZO LLEGAR SU SOLICITUD AL MINISTERIO DE DESARROLLO PRODUCTIVO RURAL Y AGUA.,activo,,,,"Ministerio de Desarrollo Productivo, Rural y Agua",A2026917151810,EN FECHA 10 DE JULIO DE 2026 EN INSTALACIONES DEL VDAYA REUNIERON REPRESENTANTES DEL VDAYA Y EL CENTRO FOCAPACI- RED AUP ALTIPLANO ,,2026-09-18T01:23:44.000Z,4.0,VDAYA
303,DEMANDA,2026-09-16T04:00:00.000Z,DIPUTADOS NACIONALES,VDAyA,SIENDO LAS HRS 10:00 DE FECHA 16 DE SEPTIEMBRE DE 2026 EN INSTALACION DEL VICEMINISTERIO DE DESARROLLO AGROPECUARIO Y AGROFORESTAL SE LLEVO A CABO LA REUNION CON DIPUTADOS NACIONALES. ,activo,,,,"Ministerio de Desarrollo Productivo, Rural y Agua",D202691715225,EL VDAYA ATENDIO LA SOLICITUD REALIZADA MEDIANTE NOTA. ,,2026-09-18T01:07:51.000Z,4.0,VDAYA
302,DEMANDA,2026-08-20T04:00:00.000Z,MARKA LA CUMBRE.PROV. MURILLO,VDAyA,"EN FECHA 20 DE AGOSTO DE 2026 EN INSTALACIONES DEL VDAyA LA ORGANIZACION SOCIAL MARKA LA CUMBRE DE LA PROV. MURILLO DEMANDO LO SIGUIENTE:
1.- SOLICITAN APOYO PARA LA PRODUCCION DE CAMELIDOS Y SISTEMAS DE RIEGO 
2.- SOLICITAN CERCOS PARA LA PROTECCION CONTRA PERRO VAGABUNDOS VDAyA por ",activo,,,,"Ministerio de Desarrollo Productivo, Rural y Agua",D2026917144253,EN FECHA 20 DE AGOSTO EL VDAyA atendio el requerimiento realizado por la organizacion social marka la Cumbre de la provincia murillo del departamento de La Paz. ,,2026-09-18T00:46:49.000Z,4.0,VDAYA
301,DEMANDA,2026-08-20T04:00:00.000Z,GOBIERNO AUTONOMO MUNICIPAL DE UNCIA,VDAyA,"EN FECHA 20 DE AGOSTO DE 2026 EL GAM DE UNCIA SOLICITA INFORMACION RESPECTO DE LOS PROGRAMAS PRODUCTIVOS, CAMELIDOS, POZOS Y PUENTES PRODUCTIVOS AL VDAyA .",activo,,,,"Ministerio de Desarrollo Productivo, Rural y Agua",D2026917141720,A SOLICITUD VERBAL DEL GAM DE UNCIA EL VDAyA INFORMO RESPECTO DE LOS PROYECTOS QUE VIENEN SIENDO DESARROLLADOS POR LAS ENTIDADES BAJO TUICION DEL VICEMINISTERIO.,,2026-09-18T00:24:01.000Z,4.0,VDAYA
300,DEMANDA,2026-08-21T04:00:00.000Z,GOBIERNO AUTONOMO MUNICIPAL DE PAPELPAMPA,VDAyA,EL GAM GAM DE PAPELPAMPA REQUIERE LA SOCIALIZACION DE PROGRAMAS Y PROYECTOS  POR PARTE DEL VICEMINISTERIO DE DESARROLLO AGROPECUARIO,activo,,,,"Ministerio de Desarrollo Productivo, Rural y Agua",D2026917135852,EN FECHA 21 DE AGOSTO DE 2026 EL VICEMINISTERIO DE DESARROLLO AGROPECUARIO ATENDIO LA SOLICITUD REALIZADA POR EL GAM DE PAPELPAMPA,,2026-09-18T00:01:22.000Z,4.0,VDAYA
299,DEMANDA,2026-08-21T04:00:00.000Z,GOBIERNO AUTONOMO MUNICIPAL DE CHACARILLA,VDAyA,"EL G.A.M. DE CHACARILLA DEMANDA LA SOCIALIZACION DE PROGRAMAS Y PROYECTOS AL VICEMINISTERIO DE DESARROLLO AGROPECUARIO RESPECTO DE PROGRAMAS DE GANADO DE LECHE, PROGRAMA GANADO DE CARNE Y DEL PROGRAMA POZOS DE AGUA",activo,,,,"Ministerio de Desarrollo Productivo, Rural y Agua",D2026917134244,EN FECHA 21 DE AGOSTO EL VICEMINISTERIO DE DESARROLLO AGROPECUARIO ATIENDE LA SOLICITUD REALIZADA POR EL GAM DE CHACARILLA,,2026-09-17T23:46:14.000Z,4.0,VDAYA
298,DEMANDA,2026-08-24T04:00:00.000Z,BARTOLINAS DEL MUNICIPIO DE CARABUCO,VDAyA,lA Organizacion Social BARTOLINAS DEL MUNICIPIO DE CARABUCO REQUIERE SOCIALIZACION DE PROGRAMAS Y SOLICITA CAPACITACION Y ASISTENCIA TECNICA PARA LOS PROYECTOS PRODUCTIVOS VDAyA por ,activo,,,,"Ministerio de Desarrollo Productivo, Rural y Agua",D202691710564,EN FECHA 24 DE AGOSTO EL VDAyA SOCIALIZO LOS PROGRAMAS Y PROYECTOS EN FUNCION DEL LUGAR GEOGRAFICO AL QUE REPRESENTAN LA ORGANIZACION SOCIAL BARTOLINAS DEL MUNICIPIO DE CARABUCO-PROV.CAMACHO DEL DPTO DE LA PAZ ,,2026-09-17T21:18:02.000Z,4.0,VDAYA
297,DEMANDA,2026-08-25T04:00:00.000Z,ORG. BARTOLINAS SISA PROVINCIA MURILLO,VDADI,LA ORGANIZACION SOCIAL BARTOLINAS SISA DE LA PROVINCIA MURILLO DEL DPTO DE LA PAZ EN FECHA 26 DE JUNIO DE 2026 SOLICITA UN REUNION CON EL VDADI ,activo,,,,"Ministerio de Desarrollo Productivo, Rural y Agua",D2026917103614,"LA SOLICITUD DE LAS BARTOLINAS SISA DE LA PROV. MURILLO HA SIDO PROGRAMADA PARA SER ATENDIDA EN FECHA 25 DE AGOSTO DE 2026 DONDE SE TRATARA LOS PROYECTOS QUE VIENEN SIENDO ENCARADOS POR EL EMPODERAR EL PROGRAMA PAR III, INIAF, RIEGO Y AGUA POTABLE ",,2026-09-17T20:40:17.000Z,4.0,VDAYA
289,DEMANDA,2026-08-27T04:00:00.000Z,ASOCIACION DE USUARIOS PROYECTO ACHACACHI-AUPA,VDAyA,"LA ASOCIACIÓN DE USUARIOS PROYECTO ACHACACHI-AUPA  HA SOLICITADO UNA REUNIÓN PARA : 
1). LA COORDINACIÓN PARA LA AUDIENCIA VDADI -VRHR, AP y SB 
2). SOLICITUD DE MACROPROYECTO RIEGOS Y CUENCA.
3). SOLICITUD DE REUNIÓN CON MINISTRO DE PRODUCCIÓN SOSTENIBLE MEDIO AMBIENTE Y AGUA  VDAyA. ",activo,,,,"Ministerio de Desarrollo Productivo, Rural y Agua",D202694134612,"EN FECHA 27 DE AGOSTO LA ASOCIACIÓN DE USUARIOS PROYECTO ACHACACHI-AUPA  HA SOLICITADO UNA REUNIÓN AL VDAyA : 
1). LA COORDINACIÓN PARA LA AUDIENCIA VDADI -VRHR, AP y SB 
2). SOLICITUD DE MACROPROYECTO RIEGOS Y CUENCA.
3). SOLICITUD DE REUNIÓN CON MINISTRO DE PRODUCCIÓN SOSTENIBLE MEDIO AMBIENTE Y AGUA  VDAyA. ",,2026-09-04T23:59:07.000Z,,
288,DEMANDA,2026-08-27T04:00:00.000Z,ASOCIACION CIVIL CONCEJO DE CAPITANIA GUARANI-SANTA CRUZ -CCGSC,Viceministerio de Desarrollo Agropecuario y Agroforestal,"La ASOCIACION CIVIL CONCEJO DE CAPITANIA GUARANI-SANTA CRUZ -CCGSC REQUIERE INFORMACION DE PROYECTOS DE GANADERIA, LECHE Y CARNE al Viceministerio de Desarrollo Agropecuario y Agroforestal",activo,,,,"Ministerio de Desarrollo Productivo, Rural y Agua",D202694123439,"En fecha 27 de agosto a solicitud verbal el VDAyA atendio la solicitud realizada por La ASOCIACION CIVIL CONCEJO DE CAPITANIA GUARANI-SANTA CRUZ -CCGSC REQUIERE INFORMACION DE PROYECTOS DE GANADERIA, LECHE Y CARNE. ",,2026-09-04T22:37:48.000Z,,
287,DEMANDA,2026-08-27T04:00:00.000Z,Gobierno  Autonomo Municipal de Achacachi-Subalcaldia,VDAyA-Viceministerio de Desarrollo Agropecuario y Agroforestal,"El GAM -Subalcaldia solicitan al VDAyA :  1) Información de programas y proyectos productivos, 2) presentación de EDTP puente vehicular rio Llasaraya",activo,,,,"Ministerio de Desarrollo Productivo, Rural y Agua",D20269412728,"a solicitud verbal de los comunarios de la comunidad LLAsaraya solicitan al VDAyA :  1) Información de programas y proyectos productivos, 
2) presentación de EDTP puente vehicular rio Llasaraya",,2026-09-04T22:15:29.000Z,,
286,DEMANDA,2026-09-02T04:00:00.000Z,Gobierno Autonomo Municipal de Pucarani,Viceministerio de Desarrollo Agropecuario,"En fecha 02 de septiembre el Gobierno Autonomo Municipal de Pucarani Requiere Socializacion de programas y Proyectos en su Jurisdiccion 
 al Viceministerio de Desarrollo Agropecuario y Forestal. ",activo,,,,"Ministerio de Desarrollo Productivo, Rural y Agua",D202694113623,En atencion a solicitud verbal en oficinas del VDAyA En fecha 02 de septiembre se atendio la solicitud de Planificacion realizada por el Gobierno Autonomo Municipal de Pucarani. ,,2026-09-04T21:43:41.000Z,,
285,DEMANDA,2026-06-01T04:00:00.000Z,BARTOLINA SISA-CONFEDERACION NACIONAL DE MUJERES CAMPESINAS INDIGENAS ORIGINARIAS DE BOLIVIA BARTOLINA SISA,"MDPRyA-Ministerio de Desarrollo productivo, rural y agua","BARTOLINA SISA-CONFEDERACION NACIONAL DE MUJERES CAMPESINAS INDIGENAS ORIGINARIAS DE BOLIVIA BARTOLINA SISA En contra de MDPRyA-Ministerio de Desarrollo productivo, rural y agua por BARTOLINA SISA-CONFEDERACION NACIONAL DE MUJERES CAMPESINAS INDIGENAS ORIGINARIAS DE BOLIVIA BARTOLINA SISA En contra de MDPRyA-Ministerio de Desarrollo productivo, rural y agua por ",activo,,,,"Ministerio de Desarrollo Productivo, Rural y Agua",D202692185119,REMISIÓN DE DEMANDAS,,2026-09-03T04:52:20.000Z,,
284,CONFLICTO,2026-08-31T04:00:00.000Z,"MARIA GALINDO, REPRESENTANTES DE URBANIZACIONES AFECTADAS",VCLIyDUC-DGDUCC,"MARIA GALINDO, REPRESENTANTES DE URBANIZACIONES AFECTADAS En contra de DGDUCC por conflicto social relacionado por el tipo de cambio aplicados en los contratos con la modalidad de pre venta ",activo,,,,"Ministerio de Desarrollo Productivo, Rural y Agua",C202692184158,"En fecha 31 de Agosto se llevo a acabo una reunión con representantes de los sectores inmobiliarios afectados, por contratos con clausulas abusivas y modificaciones unilaterales  en contratos de pre venta ",,2026-09-03T04:47:46.000Z,1.0,VCLIDUC
283,DEMANDA,2026-08-19T04:00:00.000Z,RAUL ORTIZ GARNICA,VCLI,RAUL ORTIZ GARNICA Demanda a VCLI por iniciar mesas de trabajo para importar harina de trigo.,activo,,,,"Ministerio de Desarrollo Productivo, Rural y Agua",D202692182718,La instancia UNIDOS EN ACCION solicitan viabilizar mecanismo institucionala para importar harina de trigo a precio social,,2026-09-03T04:29:37.000Z,,
282,DEMANDA,2026-08-10T04:00:00.000Z,ORGANIZACIONES SOCIALES BARTOLINA SISA,VDADI,LAS ORGANIZACIONES SOCIALES BARTOLINA SISA DEL MUNICIPIO DE MECAPACA SOLICITAN AL VDADI LA INCORPORACION AL PROGRAMA NACIONAL DE PRODUCCION DE FRUTAS DE VALLES  Y AL PROGRAMA DE AGRICULTURA FAMILIAR SOSTENIBLE Y RESILIENTE.,activo,,,,"Ministerio de Desarrollo Productivo, Rural y Agua",D202682116831,EN FECHA 10 DE AGOSTO DE 2026 LAS ORGANIZACIONES SOCIALES BARTOLINA SISA DEL MUNICIPIO DE MECAPACA SOLICITAN AL VDADI LA INCORPORACION A LOS PROGRAMAS DE : PRODUCCION DE FRUTAS DE VALLES  Y AL DE AGRICULTURA FAMILIAR SOSTENIBLE Y RESILIENTE.,,2026-08-22T02:11:44.000Z,4.0,VDAYA
281,DEMANDA,2026-08-18T04:00:00.000Z,GOBIERNO MUNICIPAL DE ARQUE,VDADI - VICEMINISTERIO DE DESARROLLO AGROPECUARIO Y DESARROLLO INTEGRAL,EL GAM DE ARQUE SOLICITA  AL VDADI SER PARTE DEL PROGRAMA APROCAM Y EL PROGRAMA NACIONAL DE FRUTA DEL VALLES.,activo,,,,"Ministerio de Desarrollo Productivo, Rural y Agua",D202682115536,EN FECHA 18 DE AGOSTO DE 2024 EL GAM DE ARQUE  REQUIERE UNA REUNION PARA SOLICITAR  AL VDADI  SER PARTE DEL PROGRAMA DE APROCAM Y DEL PROGRAMA NACIONAL DE FRUTA DEL VALLES,,2026-08-22T01:57:20.000Z,,
280,DEMANDA,2026-06-19T04:00:00.000Z,FEDERACION SINDICAL UNICA DE TRABAJADORES INDIGENAS ORIGINARIOS CAMPESINOS REGIONAL NORTE DE LA CHIQUITANIA,VDADI - VICEMINISTERIO DE DESARROLLO AGROPECUARIO Y DESARROLLO INTEGRAL,LA FEDERACION SINDICAL UNICA DE TRABAJADORES INDIGENAS ORIGINARIOS CAMPESINOS REGIONAL NORTE DE LA CHIQUITANIA SOLICITA AL VDADI LA INFORMACION DE PROGRAMAS Y PROYECTOS. ,activo,,,,"Ministerio de Desarrollo Productivo, Rural y Agua",D2026821153639,EN FECHA 19 DE JUNIO DE 2026 LA FEDERACION SINDICAL UNICA DE TRABAJADORES INDIGENAS ORIGINARIOS CAMPESINOS REGIONAL NORTE DE LA CHIQUITANIA SOLICITA UNA REUNION DE COORDINACION  AL VDADI PARA RECABAR INFORMACION DE LOS PROGRAMAS Y PROYECTOS QUE SE VIENEN DESARROLLANDO EN SU REGION. . ,,2026-08-22T01:40:47.000Z,4.0,VDAYA
279,DEMANDA,2026-07-02T04:00:00.000Z,GOBIERNO MUNICIPAL DE CAMBAYA- PROVINCIA LARECAJA,VDADI - VICEMINISTERIO DE DESARROLLO AGROPECUARIO Y DESARROLLO INTEGRAL,"EL GOBIERNO MUNICIPAL DE CAMBAYA- DE LA PROVINCIA LARECAJA EN ESTA REUNION DE COORDINACION SOLICITA EL APOYO PARA LA PRODUCCION DE FRUTAS COMO LA MANZANA, EL DURAZNO, TUMBO, CHIRIMOYA, PALTA, PAPA Y HORTALIZAS  AL VICEMINISTERIO DE DESARROLLO AGROPECUARIO Y DESARROLLO INTEGRAL.
",activo,,,,"Ministerio de Desarrollo Productivo, Rural y Agua",D2026821152029,"EN FECHA 02 DE JULIO DEL 2026 EL GOBIERNO MUNICIPAL DE CAMBAYA- DE LA PROVINCIA LARECAJA SOLICITA UNA REUNION AL VDADI PARA EL APOYO EN LA PRODUCCION FRUTAS (MANZANA, DURAZNO, TUMBO, CHIRIMOYA, PALTA), PAPA Y HORTALIZAS .",,2026-08-22T01:25:31.000Z,4.0,VDAYA
278,DEMANDA,2026-05-05T04:00:00.000Z,"ARCOPCOCA – MK-ASOCIACIÓN REGIONAL DE PRODUCTORES DE LA HOJA DE COCA TRADICIONAL,CODEPCOCA, AREPCOCA,FT APOLOFDCLOLLP.","VDADI - VICEMINISTRO KAREL RIVERO, DIGECO  Y AREAS DE ERRADICACION EXCEDENTARIAS","LA ASOCIACIÓN REGIONAL DE PRODUCTORES DE LA HOJA DE COCA TRADICIONAL,CODEPCOCA, AREPCOCA,FT APOLOFDCLOLLP. REQUIEREN ACLARACION RESPECTO DEL REGLAMENTO 3318 AL VICEMINISTRO KAREL RIVERO Y SUS UNIDADES RESPECTIVAS. ",activo,,,,"Ministerio de Desarrollo Productivo, Rural y Agua",D2026821145411,"EN FECHA 05 DE MAYO DE 2026 LA ASOCIACIÓN REGIONAL DE PRODUCTORES DE LA HOJA DE COCA TRADICIONAL,CODEPCOCA, AREPCOCA,FT APOLOFDCLOLLP. SOLICITAN UNA REUNION DE COORDINACION CON EL VDADI  PARA ACLARAS ASPECTOS DEL NUEVO REGLAMENTO 3318 ",,2026-08-22T01:00:23.000Z,4.0,VDAYA
277,DEMANDA,2026-05-06T04:00:00.000Z,ASOCIACION INTEGRAL DE PRODUCTORES AGROPECUARIOS WALI SUMA AMBANA,VDADI - VICEMINISTERIO DE DESARROLLO AGROPECUARIO Y DESARROLLO INTEGRAL,LA ASOCIACION INTEGRAL DE PRODUCTORES AGROPECUARIOS WALI SUMA AMBANA SOLICITA LA REVISION DE PROGRAMAS Y PROYECTOS PARA LA COMUNIDAD DE AMBANA. ,activo,,,,"Ministerio de Desarrollo Productivo, Rural y Agua",D2026821143339,"EN FECHA 6 DE MAYO EN OFICINAS DEL DESPACHO DEL SEÑOR  VICEMINISTRO DEL VDADI,  LA ASOCIACION INTEGRAL DE PRODUCTORES AGROPECUARIOS WALI SUMA AMBANA REQUIRIO INFORMACION DE LOS PROGRAMAS Y PROYECTOS PARA LA COMUNIDAD DE AMBANA, ESTA SOLICITUD FUE ATENDIDA DE MANERA PERSONAL POR EL SEÑOR VICEMNISTRO. ",,2026-08-22T00:41:21.000Z,4.0,VDAYA
276,DEMANDA,2026-05-07T04:00:00.000Z,FEDERACION SINDICAL UNICA DE  COMJNIDADES CAMPESINAS DE TARIJA,VDADI - VICEMINISTERIO DE DESARROLLO AGROPECUARIO Y DESARROLLO INTEGRAL,LA FEDERACION SINDICAL UNICA DE  COMJNIDADES CAMPESINAS DE TARIJA SOLICIAN INFORMACION AL VDADI RESPECTO DE LOS PROGRAMAS Y PROYECTOS QUE SE ENCUENTRAN BAJO TUICION DEL VICEMINISTERIO DE DESARROLLO AGROPECUARIO Y DESARROLLO INTEGRAL. ,activo,,,,"Ministerio de Desarrollo Productivo, Rural y Agua",D2026821141543,EN FECHA 07 DE MAYO DE 2026 LA FEDERACION SINDICAL UNICA DE  COMJNIDADES CAMPESINAS DE TARIJA SOLICITO UNA REUNON DE CARACTER INFORMATIVO AL VDADI RESPECTO DE LOS PROGRAMAS Y PROYECTOS QUE SE ENCUENTRAN EN EJECUCION Y EJECUTADOS. ,,2026-08-22T00:22:16.000Z,4.0,VDAYA
275,DEMANDA,2026-05-11T04:00:00.000Z,EJECUTIVO PROVINCIAL DE  LA PROVINCIA CARANAVI,VDADI - VICEMINISTERIO DE DESARROLLO AGROPECUARIO Y DESARROLLO INTEGRAL,EL EJECUTIVO PROVINCIAL DE  LA PROVINCIA CARANAVI CARLOS TANCARA SOLICITA UNA REUNON DE CARACTER INFORMATIVO RESPECTO DE LOS PROGRAMAS Y PROYECTOS DE DESARROLLO PRODUCTIVO QUE VIENEN SIENDO EJECUTADOS EN SU JURISDICCION POR PARTE DEL VDADI - VICEMINISTERIO DE DESARROLLO AGROPECUARIO Y DESARROLLO INTEGRAL,activo,,,,"Ministerio de Desarrollo Productivo, Rural y Agua",D202682111420,EN FECHA 11 DE MAYO A HRS 16:00 EL EJECUTIVO PROVINCIAL DE  LA PROVINCIA CARANAVI CARLOS TANCARA SOLICITA UNA REUNON DE CARACTER INFORMATIVO RESPECTO DE LOS PROGRAMAS Y PROYECTOS DE DESARROLLO PRODUCTIVO QUE VIENEN SIENDO EJECUTADOS EN SU JURISDICCION POR PARTE DEL VDADI. ,,2026-08-21T21:08:06.000Z,4.0,VDAYA
274,DEMANDA,2026-05-11T04:00:00.000Z,GOBIERNOS AUTONOMOS MUNICIPALESA DE PALOS BLANCOS Y ALTO BENI,VDADI - VICEMINISTERIO DE DESARROLLO AGROPECUARIO Y DESARROLLO INTEGRAL,LOS GAMS DE PALOS BLANCOS Y ALTO BENI REQUIEREN INFORMACION DE LOS PROYECTO EN EJECUCION Y LOS EJECUTADOS POR PARTE DEL VDADI ,activo,,,,"Ministerio de Desarrollo Productivo, Rural y Agua",D2026821104535,"EN FECHA 11 DE MAYO DE 2026 SIN PREVIA NOTA, LOS GAMS DE PALOS BLANCOS Y ALTO BENI REQUIEREN INFORMACION DE LOS PROYECTO EN EJECUCION Y LOS EJECUTADOS POR PARTE DEL VICEMINISTERIO DE DESARROLLO AGROPECUARIO Y DESARROLLO INTEGRAL. ",,2026-08-21T20:49:52.000Z,4.0,VDAYA
273,DEMANDA,2026-05-12T04:00:00.000Z,GOBIERNO AUTONOMO MUNICPAL DE JESUS DE MACHACA- PROV. INGAVI,"VDADI - VICEMINISTERIO DE DESARROLLO AGROPECUARIO Y DESARROLLO INTEGRAL, VRHRAPySB VICEMINISTERIO DE RECURSOS HIDRICOS AGUA POTABLE Y SANEAMIENTO BASICO - VIVIANA MARISCAL","EL GAM DE JESUS DE MACHACA- PROV. INGAVI REQUIERE INFORMACION DEL SEGUIMIENTO DE PROGRAMAS Y PROYECTOS QUE VIENEN SIENDO EJECUTADOS POR EL VICEMINISTERIO DE DESARROLLO AGROPECUARIO Y DESARROLLO INTEGRAL Y EL VICEMNISTERIO DE RECURSOS HIDRICOS, RIEGO AGUA POTABLE Y SANEAMIENTO BASICO",activo,,,,"Ministerio de Desarrollo Productivo, Rural y Agua",D2026821102444,EN FECHA 12 DE MAYO DE 2026 SIN NOTA DE REQUERIMIENTO EL GAM DE JESUS DE MACHACA- PROV. INGAVI REQUIERE INFORMACION DE LOS PROYECTOS QUE VIENEN SIENDO EJECUTADOS POR EL VDADI Y EL VRHRAPySB,,2026-08-21T20:31:34.000Z,,
272,DEMANDA,2026-05-12T04:00:00.000Z,GOBIERNO AUTONOMO MUNICIPAL DE SORATA- ALCALDE,VDADI - VICEMINISTRO KAREL RIVERO,"EL GOBIERNO AUTONOMO MUNICIPAL DE SORATA- ALCALDE SOLICITA LA COLABORACION PARA EL MEJORAMIENTO DE CAMINOS, GENERACION DE PROGRAMAS PARA MEJORAR LA PRODUCCION DE CHIRIMOYA, ESTA SOLICITUD LA REALIZO AL VICEMINISTRO DE DESARROLLO AGROPECUARIO Y DESARROLLO INTEGRAL KAREL RIVERO ",activo,,,,"Ministerio de Desarrollo Productivo, Rural y Agua",D202682110626,"EL GAM DE SORATA REPRESENTADO POR SU ALCALDE SR. EUSTAQUI HUAYTA SOLICITA LA COLABORACION PARA EL MEJORAMIENTO DE CAMINOS, GENERACION DE PROGRAMAS PARA MEJORAR LA PRODUCCION DE CHIRIMOYA, ESTA SOLICITUD LA REALIZO AL VICEMINISTRO DEL VADADI KAREL RIVERO ",,2026-08-21T20:11:18.000Z,,
271,DEMANDA,2026-05-12T04:00:00.000Z,COFECAY-DIP. ARMIN LLUTA Y REPRESENTANTES DE L MUNICIPIO DE LA ASUNTA,VDADI,LA CONFEDERACION DE CAFETALEROS DE LOS YUNGAS ACOMPAÑADOS POR EL DIP. ARMIN LLUTA Y REPRESENTANTES DE L MUNICIPIO DE LA ASUNTA SOLICITAN UN ANALISIS PARA DIAGNOSTICAR EL ESTADO DE LA ORGANIZACION DE COFECAY. ,activo,,,,"Ministerio de Desarrollo Productivo, Rural y Agua",D202682194717,"EN FECHA 12 DE MAYO DE 2026 A HRS: 20:45, LA CONFEDERACION DE CAFETALEROS DE LOS YUNGAS COFECAY EN OFICINAS DEL DESPACHO DEL VICEMINISTRO KAREL RIVERO SE HICIERON PRESENTES PARA SOLICITAR UNA REUNION DE CARACTER INFORMATIVO - COORDINACION.  ",,2026-08-21T19:53:56.000Z,4.0,VDAYA
270,DEMANDA,2026-05-15T04:00:00.000Z,FEDERACION CARRASCO  DEL CHAPARE Y BRIGADA DPTAL DE COCHABAMBA,"VDADI,","LA FEDERACION CARRASCO  DEL CHAPARE  Y LA BRIGADA DEPARTAMENTAL DE COCHABAMBA SE REUNIERON PARA LA SOCIALIZACION DE PROYECTOS EN EL CHAPARE, CHIMORE Y CARRASCO, ESTA SOCIALIZACION FUE REALIZADA POR EL VDADI.",activo,,,,"Ministerio de Desarrollo Productivo, Rural y Agua",D202682192012,"LA FEDERACION CARRASCO  DEL CHAPARE EN FORMA CONJUNTA CON LA BRIGADA DEL DPTO DE COCHABAMBA SE REUNO CON EL VDADI PARA LA SOCIALIZACION DE PROYECTOS EN CHAPARE, CHIMORE Y CARRASCO VDADI.  ",,2026-08-21T19:26:34.000Z,4.0,VDAYA
269,DEMANDA,2026-05-28T04:00:00.000Z,"GAMS DE PUERTO ACOSTA,CARABUCO,ESCOMA, MOCO MOCO,, HUMANATA",VDADI - VICEMINISTERIO DE DESARROLLO AGROPECUARIO Y DESARROLLO INTEGRAL,"LA PROVINCIA CAMACHO COMPUESTA POR LOS GOBIERNOS MUNICIPALES DE PUERTO ACOSTA,CARABUCO,ESCOMA, MOCO MOCO Y HUMANATA SOLICITAN LA REVISION DE PROGRAMAS Y PROYECTOS EJECUTADOS POR EL VICEMINISTERIO DE DESARROLLO AGROPECUARIO (EMPODERAR) Y DESARROLLO INTEGRAL",activo,,,,"Ministerio de Desarrollo Productivo, Rural y Agua",D202682185422,EN FECHA 28 DE MAYO LA PROVINCIA CAMACHO DEL DEPARTAMENTO DE  LA PAZ COMPUESTA POR LOS 5 MUNIICIPIOS SOLICITA LA REUNON INFORMATIVA RESPECTO DE TODOS LOS PROYECTOS QUE VIENEN SIENDO ENCAMINADOS EN LA REGION POR PARTE DEL VDADI Y SUS ENTIDADES QUE COMPONEN LA MISMA.,,2026-08-21T19:00:08.000Z,4.0,VDAYA
268,DEMANDA,2026-07-14T04:00:00.000Z,ALCALDES DE LOS 8 MUNICIPIOS DE LA PROV. PACAJES,"VICEMINISTRO DE JUSTICIA, VICEMINISTRO DE SALUD, VICEMINISTRO DE RECURSOS HIDRICOS Y AGUA, FNR, ABC, UPRE, ENTIDAD EMPODERAR","LOS ALCALDES DE LOS 8 MUNICIPIOS DE LA PROV. PACAJES  REQUIEREN INFORMACION DE 1.- VIABILIDAD DE PROYECTOS PRESENTADO EN UPRE. 2. REQUERIMIENTO EN TEMAS DE SALUD Y EDUCACION 3. TRAMOS CARRETEROS CARANAVI-CHOCOROSI Y EL TRAMO PATACAMAYA-NAZACARA, 4. REQUERIMIENTO DE ALCANTARRILLADO Y AGUA POTABLE. ",activo,,,,"Ministerio de Desarrollo Productivo, Rural y Agua",D2026820165848,"EN FECHA 14 DE JULIO DE 2027 LOS ALCALDES DE LOS 8 MUNICIPIOS DE LA PROV. PACAJES SE REUNIERON EN FORMA CONJUNTA CON LOS REPRESENTANTES DE : VICEMINISTRO DE JUSTICIA, VICEMINISTRO DE SALUD, VICEMINISTRO DE RECURSOS HIDRICOS Y AGUA, FNR, ABC, UPRE, ENTIDAD EMPODERAR PARA TRATAR SUS DEMANDAS. ",,2026-08-21T03:04:54.000Z,2.0,VSHASBR
267,DEMANDA,2026-07-10T04:00:00.000Z,"PROVINCIA LARECAJA-ALCALDES Y CONCEJALES,INTERCULTURALES-FDTCTK PROV.LARECAJA","VICEMINISTERIO DE EDUCACION REGULAR, VICEMINISTRO DE SALUD, DIRECCION DE COORDINACION DE MOVIMIENTOS SOCIALES, MINISTERIO DE DESARROLLO PRODUCTIVO RURAL Y AGUA, FPS, PROGRAMA EMPODERAR E  YPFB","LA PROVINCIA LARECAJA-ALCALDES Y CONCEJALES,INTERCULTURALES-FDTCTK PROV.LARECAJA REQUIEREN INFORMACION DE LAS ENTIDADES PUBLICAS EN LOS ACTORES DEMANDADOS. ",activo,,,,"Ministerio de Desarrollo Productivo, Rural y Agua",D2026820155837,"EN FECHA 10 DE JULIO DEL AÑO 2026 SE HICIERON PRESENTES DE MANERA CONJUNTA LOS REPRESENTANTES DE  LA PROVINCIA LARECAJA-ALCALDES Y CONCEJALES,INTERCULTURALES-FDTCTK ,VICEMINISTERIO DE EDUCACION REGULAR, VICEMINISTRO DE SALUD, DIRECCION DE COORDINACION DE MOVIMIENTOS SOCIALES, MINISTERIO DE DESARROLLO PRODUCTIVO RURAL Y AGUA, FPS, PROGRAMA EMPODERAR E  YPFB. ",,2026-08-21T02:09:33.000Z,4.0,VDAYA
266,DEMANDA,2026-07-21T04:00:00.000Z,"5 MUNICIPIOS DE PROVINCIA LOAYZA- FDUTCLP - TUPAC KATARI, CMICIOLP BARTOLINA SISA , CENTRALES Y SUBCENTRALES","MINISTERIO DE EDUCACION, VICEMINISTERIO DE JUSTICIA, VICEMINISTERIO DE SALUD, VICEMINISTRIO DE RECURSOS HIDRIICOS , VICEMNISTERIO DE DESARROLLO AGROPECUARIO E INTEGRAL, DIRECCION GRAL DE VIVIENDA, ABC, y UPRE","5 MUNICIPIOS DE PROVINCIA LOAYZA- FDUTCLP - TUPAC KATARI, CMICIOLP BARTOLINA SISA , CENTRALES Y SUBCENTRALES CONSTRUCCION DE TINGLADOS Y AULAS EDUCATIVAS- 2 CONSTRUCCION DE CENTROS DE SALUD CON INTERVENCION EN LOS 5 MUNICIPIOS 3. CONSTRUCCION DE RESERVORIOS DE AGUA PARA RIEGO DE GOTEO 4. CONSTRUCCION DE PERFORACION DE POZO PARA CAPTACION DE AGUA 5. CONSTRUCCION DE CENTROS DE ELABORACION DE CAMELIDO 6. EQUIPAMIENTO A LOS CENTROS DE SALUD CON AMBULANCIAS Y EQUIPOS DE EMERGENCIA 7. EQUIPAMIENTO A LA EDUCACION CON EQUIPOS DEL AREA TECNICO HUMANISTICO 8. CONSTRUCCION DE CARRETERAS ASFALTADAS EN LOS 5 MUNICIPIOS 9. CONSTRUCCION DKE PUENTES DE INTEGRACION EN LOS 5 MUNICPIOS 10. CONSTRUCCION EQUIPAMIENTO DE PRODUCTOS AGRICOLAS EN LA PROV. LOAYZA  MINISTERIO DE EDUCACION, VICEMINISTERIO DE JUSTICIA, VICEMINISTERIO DE SALUD, VICEMINISTRIO DE RECURSOS HIDRIICOS , VICEMNISTERIO DE DESARROLLO AGROPECUARIO E INTEGRAL, DIRECCION GRAL DE VIVIENDA, ABC, y UPRE",activo,,,,"Ministerio de Desarrollo Productivo, Rural y Agua",D2026820143550,LAS AUTORIDADES DE LA PROVINCIA LOAYZA DE LOS 5 MUNICIPIOS FUERON ATENDIDOS EN FECHA 21 DE JUNIO CON BASE A LA COORDINACION CON PRESIDENCIA. ,,2026-08-21T00:45:02.000Z,2.0,VSHASBR
265,DEMANDA,2026-06-24T04:00:00.000Z,CONAPABOL - PANIFICADORES INDEPENDIENTES,VCLI - EMAPA,CONAPABOL - PANIFICADORES INDEPENDIENTES Demanda a VCLI - EMAPA por la implementación de un precio referencial de la harina de trigo y la continuidad del abastecimiento,activo,,,,"Ministerio de Desarrollo Productivo, Rural y Agua",D202682095846,Desde inicios de gestión se lleva adelante reuniones con el sector para garantizar el precio estable del pan de batalla,,2026-08-20T20:00:38.000Z,1.0,VCLIDUC
264,DEMANDA,2026-07-23T04:00:00.000Z,ADEPOR CBBA,VCLI - VDADI-VMPEA-SENASAG,"ADEPOR CBBA Demanda a VCLI - VDADI-VMPEA-SENASAG solicitando reunión para tratar temas de abastecimiento de insumos, registros sanitarios, realización de verificativos.",activo,,,,"Ministerio de Desarrollo Productivo, Rural y Agua",D202682092858,"Se sostuvo reunión interinstitucional entre las instancias demandadas, avanzando en las respuestas a las demandas.",,2026-08-20T19:31:30.000Z,1.0,VCLIDUC
261,DEMANDA,2026-07-13T04:00:00.000Z,CONTRACABOL,"VCLI, VLCC, SENASAG, CEOLCC, ADUANA NACIONAL, OAP","CONTRACABOL ENVÍA CARTA DE SOLICITUD AL VCLI DEMANDANDO ATENCIÓN SOBRE CONTRABANDO A LA INVERSA, DE GANADO EN PIE Y PRODUCTOS CÁRNICOS, GUIAS DE MOVIMIENTO DE SENASAG. ",activo,,,,"Ministerio de Desarrollo Productivo, Rural y Agua",D202682085322,"El 11 de marzo de 2026 se llevó a cabo la primera reunión de la Cadena Productiva de la Carne Bovina y el 5 de mayo se realizó la segunda reunión, en la cual se firmaron acuerdos para fortalecer la lucha contra el contrabando y realizar relevamiento de información de la cadena productiva de la carne de ganado bovina.",,2026-08-20T18:55:39.000Z,1.0,VCLIDUC
260,ACUERDO,2026-07-13T04:00:00.000Z,"MANCOMUNIDAD DE MUNICIPIO DE LOS YUNGAS - GAM (COROICO,IRUPANA,PALOS BLANCOS,YANBACACHI, LA SUNTA, CAJUATA Y CHULUMANI)","V.AUTONOMIAS, FDI, FONADIN, EMPODERAR, VDAyDI, FPS, UPRE, VRHRAPySB, VMABCCGDF","LA MANCOMUNIDAD DE MUNICIPIO DE LOS YUNGAS - GAM (COROICO,IRUPANA,PALOS BLANCOS,YANBACACHI, LA SUNTA, CAJUATA Y CHULUMANI)  SOLICITAN INFORMACION DEL ESTADO DE SITUACION DE PROYECTOS DE LA INSTITUCION FONADIN, INFORME ESTADO DE SITUACION DE LOS PROYECTOS DEL F.D.I. Y EMPODERAR PROGRAMA PAR III.",activo,,,,"Ministerio de Desarrollo Productivo, Rural y Agua",A2026819162920,"EN FECHA 13 DE JULIO SE LLEVO A CABO LA REUNION DE MANCOMUNIDAD DE LOS YUNGAS CON EL VICEMINISTERIO DE AUTONOMIAS, FDI, FONADIN, EMPODERAR, VDADI (UCA/UGMA), FPS, UPRE,VRHRAPySB, VMABCCGDF",,2026-08-20T02:38:00.000Z,2.0,VSHASBR
259,DEMANDA,2026-08-12T04:00:00.000Z,GOBIERNO AUTONOMO MUNICIPAL DE PAZÑA,VDADI - VICEMINISTERIO DE DESARROLLO AGROPECUARIO Y DESARROLLO INTEGRAL,EL GOBIERNO AUTONOMO MUNICIPAL DE PAZÑA SOLICITA LA CONSTRUCCION DE POZOS PROFUNDOS Y PROGRAMAS PRODUCTIVOS,activo,,,,"Ministerio de Desarrollo Productivo, Rural y Agua",D2026819161252,EN FECHA 12 DE AGOSTO EL VDADI ATENDIO LA SOLICITUD DEL GAM PAZÑA PARA LA CONSTRUCCION DE POZOS PROFUNDOS Y PROGRAMAS PRODUCTIVOS,,2026-08-20T02:15:59.000Z,,
258,DEMANDA,2026-08-12T04:00:00.000Z,GOBIERNO AUTONOMO DEPARTAMENTAL DE POTOSI,"MDPRyA-Ministerio de Desarrollo productivo, rural y agua (ACTOR)",EL GOBIERNO AUTONOMO DEPARTAMENTAL DE POTOSI SOLLICITAN LA ORGANIZACION DE LA XVI FERIA NACIONAL DE CAMELIDOS.,activo,,,,"Ministerio de Desarrollo Productivo, Rural y Agua",D2026819155932,EN FECHA 30 DE JULIO EL GAD POTOSI SOLICITA LA ORGANIZACION DE LA XVI FERIA NACIONAL DE CAMELIDOS SEDE POTOSI ,,2026-08-20T02:02:43.000Z,,
257,DEMANDA,2026-07-14T04:00:00.000Z,GOBIERNO AUTONOMO MUNICIPAL DE TARVITA,VDADI - VICEMINISTERIO DE DESARROLLO AGROPECUARIO Y DESARROLLO INTEGRAL,EL GOBIERNO AUTONOMO MUNICIPAL DE TARVITA SOLICITA INFORMACION DEL PROGRAMA DE GANADERIA  ,activo,,,,"Ministerio de Desarrollo Productivo, Rural y Agua",D2026819154713,EN FECHA 14 DE JULIO EL GAM DE TARVITA SIN PREVIA NOTA SOLICITA INFORMACION,,2026-08-20T01:50:39.000Z,4.0,VDAYA
256,DEMANDA,2026-08-18T04:00:00.000Z,SUB CENTRAL KONANI - MUNICIIPIO DE SICA SICA PROV. AROMA,VDADI - VICEMINISTERIO DE DESARROLLO AGROPECUARIO Y DESARROLLO INTEGRAL,LA SUB CENTRAL KONANI SOLICITA INFORMACION DE EJECUCION DE PROYECTOS PRODUCTIVOS ,activo,,,,"Ministerio de Desarrollo Productivo, Rural y Agua",D2026819152424,EN FECHA 30 DE JULIO DE 2026 LA SUBCENTRAL KONANI REQUIERE AUDIENCIA PARA INFORMACION DE PROYECTOS PRODUCTIVOS,,2026-08-20T01:28:03.000Z,,
255,DEMANDA,2026-08-17T04:00:00.000Z,COMITE CIVICO POPULAR DE BOLIVIA- COCIPOBOL BOLIVIA,VDADI - VICEMINISTERIO DE DESARROLLO AGROPECUARIO Y DESARROLLO INTEGRAL,EL COMITE CIVICO POPULAR DE BOLIVIA (COCIPOBOL-BOLIVIA) REQUIERE INFORMACION DE PROGRAMAS PRODUCTIVOS,activo,,,,"Ministerio de Desarrollo Productivo, Rural y Agua",D20268191592,CON NOTA DE FECHA 23 DE JULIO COCIPOBOL-BOLIVIA REQUIERE INFORMACION DE PROGRAMAS PRODUCTIVOS Y APOYO EN CAPACITACION Y ASISTENCIA TECNICA,,2026-08-20T01:16:26.000Z,,
254,DEMANDA,2026-08-20T04:00:00.000Z,MARKA HAMPATURI LA CUMBRE-GAM LA PAZ,VDADI - VICEMINISTERIO DE DESARROLLO AGROPECUARIO Y DESARROLLO INTEGRAL,"LA ORGANIZACION SOCIAL MARKA HAMPATURI LA CUMBRE-GAM SOLICITA INFORMACION DE MAQUINARIA AGRICOLA, SEMILLA DE PAPA, SOCIALIZACION DE PROPUESTAS DE PROGRAMAS EN FORMULACION Y FIDEICOMISO FIREGAPO",activo,,,,"Ministerio de Desarrollo Productivo, Rural y Agua",D2026819144318,EN FECHA 01 DE JULIO DE 2026 MARKA HAMPATURI PRESENTA LA SOLICITUD REQUERIENDO INFORMACION,,2026-08-20T00:47:20.000Z,,
253,DEMANDA,2026-07-21T04:00:00.000Z,GOBIERNO AUTONOMO MUNICIPAL DE CHUMA,VDADI - VICEMINISTERIO DE DESARROLLO AGROPECUARIO Y DESARROLLO INTEGRAL,EL GOBIERNO AUTONOMO MUNICIPAL DE CHUMA REQUIERE INFORMACION DE PROYECTOS PRODUCTIVO,activo,,,,"Ministerio de Desarrollo Productivo, Rural y Agua",D2026819143237,EN FECHA 21 DE JULIO SE ATENDIO EL REQUERIMIENTO DEL GAM DE CHUMA  FUE ATENDIDA SIN PREVIA NOTA DE SOLICITUD,,2026-08-20T00:35:14.000Z,4.0,VDAYA
252,DEMANDA,2026-07-21T04:00:00.000Z,GOBIERNO AUTONOMO MUNICIPAL DE CAIROMA-PROV. LOAYZA,VDADI - VICEMINISTERIO DE DESARROLLO AGROPECUARIO Y DESARROLLO INTEGRAL,EL GOBIERNO AUTONOMO MUNICIPAL DE CAIROMA SOLICITA INFORMACION DE PROGRAMAS Y PROYECTOS DE DESARROLLO AGROPECUARIO,activo,,,,"Ministerio de Desarrollo Productivo, Rural y Agua",D2026819142016,EN FECHA 08 DE JULIO EL GAM DE CAIROMA HIZO LLEGAR SU SOLICTUD DE AUDIENCIA ,,2026-08-20T00:24:33.000Z,4.0,VDAYA
251,DEMANDA,2026-07-20T04:00:00.000Z,GOBIERNO AUTONOMO MUNICIIPAL DE CALACOTO-PROV. PACAJES,VDADI - VICEMINISTERIO DE DESARROLLO AGROPECUARIO Y DESARROLLO INTEGRAL,"GOBIERNO AUTONOMO MUNICIIPAL DE CALACOTO SOLICITO  INFORMACION DE PROYECTOS PISCICOLA, RIEGO y PROGRAMA DE CAMELIDOS ",activo,,,,"Ministerio de Desarrollo Productivo, Rural y Agua",D2026819114412,EL GAM DE CALACOTO PRESENTO SU SOLICITUD ESCRITA EN FECHA 08 DE JULIO DE 2026 ,,2026-08-19T21:47:11.000Z,4.0,VDAYA
250,DEMANDA,2026-07-23T04:00:00.000Z,ASOCIAACION DE REGANTES AGROGANADEROS SAN PEDRO DE CHALLACOLLO,VDADI - VICEMINISTERIO DE DESARROLLO AGROPECUARIO Y DESARROLLO INTEGRAL,LA ASOCIAACION DE REGANTES AGROGANADEROS SAN PEDRO DE CHALLACOLLO DEMANDA PROYECTOS DE DESARROLLO PARA PRODUCCION DE LECHE.  ,activo,,,,"Ministerio de Desarrollo Productivo, Rural y Agua",D2026819113714,LA SOLICITUD DE LA ASOCIACION DE REGANTES FUE ATENDIDA SIN NOTA DE SOLICITUD,,2026-08-19T21:40:34.000Z,4.0,VDAYA
249,DEMANDA,2026-07-08T04:00:00.000Z,CENTRAL AGRARIA MURUMAMANI-PROV. OMASUYOS,VDADI - VICEMINISTERIO DE DESARROLLO AGROPECUARIO Y DESARROLLO INTEGRAL,LA CENTRAL AGRARIA MURUMAMANI-PROV. OMASUYOS REQUIERE LA FIRMA DEL CONVENIO DE COMERCIALIZACION DE SEMILLA DE PAPA ,activo,,,,"Ministerio de Desarrollo Productivo, Rural y Agua",D202681911212,EN FECHA 03 DE JULIO DE 2026 LA CENTRAL AGRARIA MURUMAMANI SOLICITO AUDIENCIA PARA TRATAR EL CONVENIO DE COMERCIALIZACION DE PAPA,,2026-08-19T21:23:53.000Z,4.0,VDAYA
248,DEMANDA,2026-07-03T04:00:00.000Z,GOBIERNO AUTONOMO MUNICIPAL DE BATALLAS  PROV. LOS ANDES,VDADI - VICEMINISTERIO DE DESARROLLO AGROPECUARIO Y DESARROLLO INTEGRAL,"EL GOBIERNO AUTONOMO MUNICIPAL DE BATALLAS - GAM BATALLAS  SOLICITA INFORMACION DEL PROGRAMA POZOS, LEY DE MI BOLIVIA LECHERA ",activo,,,,"Ministerio de Desarrollo Productivo, Rural y Agua",D202681911018,LA REUNION DE COORDINACION REALIZADA EN FECHA 03 DE JULIO FUE ATENDIDA SIN NOTA DE SOLICITUD,,2026-08-19T21:03:44.000Z,4.0,VDAYA
247,DEMANDA,2026-06-12T04:00:00.000Z,"GOBIERNO AUTONOMO MUNICIPAL DE ICHOCA - GAM ICHOCA, PROV. INQUISIVI",VDADI - VICEMINISTERIO DE DESARROLLO AGROPECUARIO Y DESARROLLO INTEGRAL,EL GAM ICHOCA SOLICITA INFORMACION DE PROGRAMAS Y PROYECTOS DEL SECTOR PRODUCTIVO,activo,,,,"Ministerio de Desarrollo Productivo, Rural y Agua",D2026819104514,LA INFORMACION SOLICITADA SE REALIZO EN BASE A LA SOLICITUD VERBAL SIN PREVIA NOTA DE SOLICITUD,,2026-08-19T20:49:48.000Z,4.0,VDAYA
246,DEMANDA,2026-06-12T04:00:00.000Z,GOBIERNO AUTONOMO MUNICIPAL DE PUERTO PEREZ - PROVINCIA LOS ANDES,VDADI - VICEMINISTERIO DE DESARROLLO AGROPECUARIO Y DESARROLLO INTEGRAL,EL GAM DE PUERTO PEREZ SOLICITA INFORMACION AL VDADI ,activo,,,,"Ministerio de Desarrollo Productivo, Rural y Agua",D2026819102836,LA INFORMACION SOLICITADA FUE ATENDIDA SIN PREVIA SOLICITUD ,,2026-08-19T20:31:56.000Z,4.0,VDAYA
245,DEMANDA,2026-06-29T04:00:00.000Z,PRODUCTORES DE PAPA CONSUMO Y SEMILLA-PROSAN-PRODUCTORES SEMILLEROS DEL ALTIPLANO NORTE,VDADI - VICEMINISTERIO DE DESARROLLO AGROPECUARIO Y DESARROLLO INTEGRAL,PROSAN REQUIERE LA FIRMA DE UN CONVENIO PARA COMERCIALIZACION DE PAPA Y SEMILLA ,activo,,,,"Ministerio de Desarrollo Productivo, Rural y Agua",D202681910116,LA REUNION DE COORDINACION ENTRE PROSAN Y VDADI SE REALIZO SIN PREVIA NOTA DE SOLICITUD,,2026-08-19T20:16:17.000Z,4.0,VDAYA
244,CONFLICTO,2026-06-01T04:00:00.000Z,BARTOLINA SISA-CONFEDERACION NACIONAL DE MUJERES CAMPESINAS INDIGENAS ORIGINARIAS DE BOLIVIA BARTOLINA SISA,"MDPRyA-Ministerio de Desarrollo productivo, rural y agua",BARTOLINA SISA-CONFEDERACION NACIONAL DE MUJERES CAMPESINAS INDIGENAS ORIGINARIAS DE BOLIVIA BARTOLINA SISA demanda en contra la PRESIDENTA DE LA BRIGADA PARLAMENTARIA DE CHUQUISACA.,activo,,,,"Ministerio de Desarrollo Productivo, Rural y Agua",C202681995058,REMISIÓN DE DEMANDAS,,2026-08-19T19:59:44.000Z,3.0,VPISA
243,DEMANDA,2026-07-03T04:00:00.000Z,GOBIERNO AUTONOMO MUNIICIPAL DE PUCARANI-PROV. LOS ANDES,VDADI - VICEMINISTERIO DE DESARROLLO AGROPECUARIO Y DESARROLLO INTEGRAL,GOBIERNO AUTONOMO MUNIICIPAL DE PUCARANI PROV. LOS ANDES Y VDADI PARA REUNION DE COORDINACION Y SOCIALIZACION,activo,,,,"Ministerio de Desarrollo Productivo, Rural y Agua",D202681995118,LA SOCIALIZACION E INFORMACION CON RESPECTO A PROGRAMAS Y PROYECTOS DE LA ENTIDAD SE REALIZO SIN PREVIO NOTA DE SOLICITUD,,2026-08-19T19:57:09.000Z,4.0,VDAYA
242,DEMANDA,2026-05-28T04:00:00.000Z,FAECID - SAN MIGUEL DE HUACHI,VDADI - VICEMINISTERIO DE DESARROLLO AGROPECUARIO Y DESARROLLO INTEGRAL,FAECIO-SAN MIGUEL DE HUACHI Demanda a VDADI - VICEMINISTERIO DE DESARROLLO AGROPECUARIO Y DESARROLLO INTEGRAL SOLICITA COORDINACION,activo,,,,"Ministerio de Desarrollo Productivo, Rural y Agua",D202681991653,"EN ESTA REUNION DE COORDINACION EL FAECID INDICA AL VDADI QUE PASARA  PARA SOCIALIZACION EN SAN MIGUEL DE HUACHI.
SOLICITAN INFORMACION DEL PORGRAMA DE FRUTOS DEL VALLE
SOLICITAN INFORMACION DEL CREDITO BDP- PRODUCCION DE AVES DE POSTURA Y PARRILLEROS",,2026-08-19T19:25:21.000Z,4.0,VDAYA
241,DEMANDA,2026-05-28T04:00:00.000Z,"PROV. CAMACHO, GAM PUERTO ACOSTA, GAM MOCOMOCO, GAM CARABUCO, GAM HUMANATA, Y GAM ESCOMA",VDADI - VICEMINISTERIO DE DESARROLLO AGROPECUARIO Y DESARROLLO INTEGRAL,"PROV. CAMACHO, GAM PUERTO ACOSTA, GAM MOCOMOCO, GAM CARABUCO, GAM HUMANATA, Y GAM ESCOMA REUNION DE COORDINACION VDADI - VICEMINISTERIO DE DESARROLLO AGROPECUARIO Y DESARROLLO INTEGRAL por ",activo,,,,"Ministerio de Desarrollo Productivo, Rural y Agua",D2026818195022,LA REUNION DE COORDINACION REALIZADA EN FECHA 28/05/2026 SE REALIZO SIN PREVIO SOLICITUD POR PARTE DE LOS DEMANDANTES  ,,2026-08-19T05:53:24.000Z,4.0,VDAYA
240,DEMANDA,2026-05-19T04:00:00.000Z,CENTRAL AGRARIA - CANTON FRANZ TAMAYO,VDADI - VICEMINISTERIO DE DESARROLLO AGROPECUARIO Y DESARROLLO INTEGRAL,LA CENTRAL AGRARIA - CANTON FRANZ TAMAYO DEMANDA PROGRAMAS Y PROYECTOS PRODUCTIVOS,activo,,,,"Ministerio de Desarrollo Productivo, Rural y Agua",D2026818192937,LA REUNION DE COORDINACION EN FECHA 19/MAYO/2026  SE REALIZO SIN PREVIA SOLICITUD POR PARTE DE LOS DEMANDANTES ,,2026-08-19T05:36:14.000Z,4.0,VDAYA
239,DEMANDA,2026-05-11T04:00:00.000Z,GOBIERNO AUTONOMO MUNICIPAL DE PALOS BLANCOS Y ALTO BENI,VDADI - VICEMINISTERIO DE DESARROLLO AGROPECUARIO Y DESARROLLO INTEGRAL,"1.- PROGRAMAS Y PROYECTOS PARA EL DESARROLLO PRODUCTIVO
2.- AGENDA DE REUNION CON AUTORIDADES DE VDADI-SR. VICEMINISTRO",activo,,,,"Ministerio de Desarrollo Productivo, Rural y Agua",D2026818184957,EL ACTA DE REUNION SE REALIZO SIN PREVIO SOLICITUD POR PARTE DE LOS DEMANDANTES ,,2026-08-19T04:54:14.000Z,4.0,VDAYA
238,DEMANDA,2026-05-07T04:00:00.000Z,AYLLUS EN PAZ-SUD CHICHA NORTE DE POTOSI,VDADI - VICEMINISTERIO DE DESARROLLO AGROPECUARIO Y DESARROLLO INTEGRAL,"AYLLUS EN PAZ-SUD CHICHA NORTE DE POTOSI PROGRAMAS Y PROYECTOS VDADI - VICEMINISTERIO DE DESARROLLO AGROPECUARIO Y DESARROLLO INTEGRAL.
1.- INFORMACION DE PROGRAMAS Y PROYECTOS DE DESARROLLO PRODUCTIVO
2.- DOTACION DE MOTOCICLETAS E INMOBILIARIO EN CALIDAD DE COMODATO
3.- PUESTO DE TRABAJO - SECRETARIA EN EL IPDSA",activo,,,,"Ministerio de Desarrollo Productivo, Rural y Agua",D2026818181426,"EL ACTA DE REUNION DE FECHA DE 07/MAYO/2026, SE LLEVO A CABO SIN PREVIA SOLICITUD POR PARTE DE LOS SOLIICITANTES",,2026-08-19T04:20:46.000Z,4.0,VDAYA
237,DEMANDA,2026-05-25T04:00:00.000Z,Federación Departamental de Cooperativas Mineras,Ministerio de Minería y Metalúrgia,Federación Departamental de Cooperativas Mineras Demanda a Ministerio de Minería y Metalúrgia por otorgación del Certificado de Compatibilidad de Uso (CCU) y actualización de su reglamento. ,activo,,,,"Ministerio de Desarrollo Productivo, Rural y Agua",D2026818112811,"En la ciudad de La Paz el día miércoles 13 de mayo de 2026, se reunieron representantes del Ministerio de Minería y Metalurgia (MMM), Viceministro de Políticas Mineras, Dirección General de Medio Ambiente y Consulta Pública del MMM, Autoridad Jurisdiccional Administrativa Minera (AJAM), Ministerio de Planificación del Desarrollo y Medio Ambiente, Viceministerio de Medio Ambiente, Biodiversidad, Cambios Climáticos y de Gestión y Desarrollo Forestal, Servicio Nacional de Áreas Protegidas (SERNAP) con el fin de analizar la problemática minera en Áreas Protegidas. Dicha reunión genera un encuentro con la FEDECOMIN en fecha 25 de mayo de 2026",,2026-08-18T21:31:35.000Z,5.0,VMACCDFB
234,DEMANDA,2026-05-24T04:00:00.000Z,FEJUVE DE EL ALTO,VCLI,"FEJUVE DE EL ALTO Demanda a VCLI por precio de pollo a 35 bs
",activo,,,,"Ministerio de Desarrollo Productivo, Rural y Agua",D202681811420,BLOQUEOS EN TODO EL TERRITORIO NACIONAL,,2026-08-18T21:06:38.000Z,,
232,ACUERDO,2026-06-21T04:00:00.000Z,FEDERACION DE JUNTAS VECINALES DEL  MUNICIPIO SICA SICA; COMITÉ CIVICO DE SICA SICA; COMITÉ IMPULSOR DE SICA SICA,VRHRAPYSB,"SOLICITAN SE REALICE POZOS,PROYECTOS DE RIEGO Y EQUIPAMIENTO PARA EL DESARROLLO DE LAPRODUCCION AGRICOLA.",activo,,,,"Ministerio de Desarrollo Productivo, Rural y Agua",A2026817155734,"SOLICITAN SE REALICE POZOS,PROYECTOS DE RIEGO Y EQUIPAMIENTO PARA EL DESARROLLO DE LAPRODUCCION AGRICOLA.",,2026-08-18T01:57:57.000Z,,
192,DEMANDA,2026-06-19T04:00:00.000Z,Federación Nacional de Avicultores FENAV-B,"MDPRyA-Ministerio de Desarrollo productivo, rural y agua","Federación Nacional de Avicultores FENAV-B Demanda a MDPRyA-Ministerio de Desarrollo productivo, rural y agua por SOLICITUD DE INCLUSIÓN EN FIDEICOMISO Y ACCESO A CRÉDITOS PARA EL SECTOR AVÍCOLA, INCLUYENDO A LOS PRODUCTORES DE SANTA CRUZ",activo,,,,"Ministerio de Desarrollo Productivo, Rural y Agua",D2026630221449,,,2026-07-01T08:17:12.000Z,,
191,DEMANDA,2026-04-29T04:00:00.000Z,FEDERACIÓN SINDICAL ÚNICA DE TRABAJADORES CAMPESINOS DE ORURO- F.S.U.T.C.O.,"MDPRyA-Ministerio de Desarrollo productivo, rural y agua","FEDERACIÓN SINDICAL ÚNICA DE TRABAJADORES CAMPESINOS DE ORURO- F.S.U.T.C.O. Demanda a MDPRyA-Ministerio de Desarrollo productivo, rural y agua por PLIEGO PETITORIO PARA EL DESARROLLO PARA LAS 16 PROVINCIAS",activo,,,,"Ministerio de Desarrollo Productivo, Rural y Agua",D202663021489,Pliego Petitorio ,,2026-07-01T07:51:02.000Z,2.0,VSHASBR
190,DEMANDA,2026-06-09T04:00:00.000Z,FEDERACIÓN DE INTERCULTURALES DEL NORTE INTEGRADO DE YAPACANÍ,"MDPRyA-Ministerio de Desarrollo productivo, rural y agua","FEDERACIÓN DE INTERCULTURALES DEL NORTE INTEGRADO DE YAPACANÍ Demanda a MDPRyA-Ministerio de Desarrollo productivo, rural y agua por mejoramiento genetico, acceso a financiamiento y contruccion matadero ",activo,,,,"Ministerio de Desarrollo Productivo, Rural y Agua",D202663021175,Pliego ,,2026-07-01T07:20:25.000Z,,
189,DEMANDA,2026-06-24T04:00:00.000Z,Ejecutivos de las Centrales y Sub centrales de la Primera Sección Municipal de Sica Sica,Ministerio de la Presidencia," Demanda a Ministerio de la Presidencia por viabilidad técnica  de Producción de Quinua en la comunidad de Ayamaya del municipio de Sica Sica""",activo,,,,"Ministerio de Desarrollo Productivo, Rural y Agua",D2026630203433,REMISIÓN DE PETICIÓN,,2026-07-01T06:39:26.000Z,2.0,VSHASBR
188,DEMANDA,2026-05-22T04:00:00.000Z,Organizaciones Sociales del Municipio de Palos Blancos,"MDPRyA-Ministerio de Desarrollo productivo, rural y agua","Organizaciones Sociales del Municipio de Palos Blancos Demanda a MDPRyA-Ministerio de Desarrollo productivo, rural y agua por varios aspectos de acuerdo al pliego petitorio ",activo,,,,"Ministerio de Desarrollo Productivo, Rural y Agua",D202663019307,PLIEGO PETITORIO ,,2026-07-01T04:52:01.000Z,2.0,VSHASBR
163,CONFLICTO,2026-06-26T04:00:00.000Z,Transportistas,Ministerio de Hidrocarburos,"Transportistas De carga Pesada, Asalariados, Libres y Sindicalizados, Sectores Agropecuarios En contra de Ministerio de Hidrocarburos, YBFB y ANH por Mala Calidad de la Gasolina y Desabastecimiento.  ",activo,,,,"Ministerio de Desarrollo Productivo, Rural y Agua",C2026626161047,"2023 Gobierno de Arce indica que por falta de divisas, y que el combustible no llego al puerto de Arica",,2026-06-27T02:16:44.000Z,,
160,CONFLICTO,2026-06-16T04:00:00.000Z,Tupac Katari,Ministerio de la Presidencia,Tupac Katari En contra de Ministerio de la Presidencia por que solicitan la Renuncia del Presidente,activo,,,,"Ministerio de Desarrollo Productivo, Rural y Agua",C2026616101428,"Piden Abrogación Ley 1720
Gasolina Basura (Informes técnicos de mala Calidad)
Contrabando de Combustibles y productos primarios
Incumplimiento de promesas electorales",,2026-06-16T20:33:31.000Z,,
149,CONFLICTO,2026-03-24T04:00:00.000Z,comunidades indígenas del pueblo Tacana y Quechua,Cooperativas Mineras Auríferas,"Comunidades indígenas del pueblo Tacana y Quechua En contra de Cooperativas Mineras Auríferas y AJAM por el uso intensivo de mercurio y maquinaria pesada en el lecho del río Tuichi en el Parque Nacional Madidi, lo que provoca la contaminación de las fuentes de agua y la fauna íctica (peces), vulnerando el derecho a la salud y el estatus del río como -sujeto de derechos- reconocido legalmente. ",activo,,,,GOBIERNO AUTONOMO DEPARTAMENTAL DE CHUQUISACA,C2026324165024,"Los antecedentes de estos conflictos se remontan a una escalada de la actividad aurífera ilegal iniciada con fuerza en 2022, la cual ha persistido pese a importantes hitos legales y operativos. En el caso del Madidi, el antecedente clave es la resolución de una Acción Popular en 2023 y un fallo del Tribunal Agroambiental en diciembre de 2025 que declaró al río Tuichi como ""sujeto de derechos"", prohibiendo toda actividad minera en sus aguas; sin embargo, las comunidades indígenas denuncian que estas sentencias han sido sistemáticamente incumplidas por el Estado. Por otro lado, en la cuenca del Iténez, el conflicto tiene como precedente la consolidación de ""ciudades mineras"" clandestinas en el Cerro San Simón operadas por organizaciones transnacionales, lo que forzó a finales de 2025 y principios de 2026 a la ejecución de megaoperativos militares (encabezados por la Armada Boliviana y la AJAM) que resultaron en la destrucción de maquinaria pesada, campamentos de lujo y la detención de ciudadanos extranjeros.",,2026-03-25T00:55:18.000Z,,
148,CONFLICTO,2026-02-06T04:00:00.000Z,Tranportistas,YPFB,Tranportistas En contra de YPFB por mala calidad de la gasolina y muchas movilidades afectadas.,activo,,,,GOBIERNO AUTONOMO DEPARTAMENTAL DE CHUQUISACA,C2026261411,"2024: Las primeras señales
11/06/2024: Se registran las primeras quejas serias sobre el suministro, centradas en la escasez. Los choferes empiezan a notar que el combustible rinde menos.

Noviembre 2024: Por decisión del gobierno de Luis Arce, el instituto de la UMSA (que realizaba controles externos de calidad) deja de fiscalizar el combustible, quedando el control exclusivamente en manos de YPFB y la ANH.

📅 2025: El año de la transición y la subida
11/03/2025: Estaciones de servicio vacías en La Paz marcan el punto crítico de la escasez.

21/05/2025: Protestas masivas en La Paz con el lema ""Colas de combustible, vergüenza nacional"".

23/09/2025: Aparecen las primeras denuncias formales de choferes y mecánicos sobre gasolina con sedimentos. YPFB niega las acusaciones y garantiza la calidad.

08/10/2025: La crisis de suministro se agudiza; el abastecimiento baja al 70%. Los choferes se declaran en emergencia.

Diciembre 2025: Se hace efectivo el retiro de la subvención estatal, elevando el precio de la gasolina a niveles internacionales (aprox. $1 USD/litro). El usuario ahora paga más por un producto que empieza a fallar.",,2026-02-06T22:02:43.000Z,,
146,ACUERDO,2026-01-09T04:00:00.000Z,sector productivo de Santa Cruz y Beni,"MDPRyA-Ministerio de Desarrollo productivo, rural y agua","sector productivo de Santa Cruz y Beni Acuerda con MDPRyA-Ministerio de Desarrollo productivo, rural y agua por garantizar el abastecimiento y precio justo de la carne.",activo,,,,GOBIERNO AUTONOMO DEPARTAMENTAL DE CHUQUISACA,A2026112163235,Gobierno y sector productivo de Santa Cruz y Beni se reúnen para garantizar el abastecimiento y precio justo de la carne.,,2026-01-13T00:34:24.000Z,,
145,ACUERDO,2026-01-09T04:00:00.000Z,Productores de Yapacaní,"MDPRyA-Ministerio de Desarrollo productivo, rural y agua","Productores de Yapacaní Acuerda con MDPRyA-Ministerio de Desarrollo productivo, rural y agua por potenciar el agro a través de una alianza estratégica",activo,,,,GOBIERNO AUTONOMO DEPARTAMENTAL DE CHUQUISACA,A2026112161612,"Gerente de la Empresa de Apoyo a la Producción de Alimentos (EMAPA), Sergio Siles, lideró esta jornada una reunión con la Federación de Trabajadores Campesinos de Yapacaní en la comunidad de Santa Fé.",,2026-01-13T00:17:31.000Z,,
144,ACUERDO,2025-12-29T04:00:00.000Z,Productores y Sectores sociales de Yapacaní,"MDPRyA-Ministerio de Desarrollo productivo, rural y agua","Productores y Sectores sociales de Yapacaní Acuerda con MDPRyA-Ministerio de Desarrollo productivo, rural y agua por la atención a las riadas y fortalecer la producción",activo,,,,GOBIERNO AUTONOMO DEPARTAMENTAL DE CHUQUISACA,A2026112155923,"Los productores expusieron los daños ocasionados por la reciente riada, que afectó de forma significativa sus cultivos y la transitabilidad en la zona.",,2026-01-13T00:01:11.000Z,,
143,ACUERDO,2025-12-29T04:00:00.000Z,gremiales Santa Cruz,"MDPRyA-Ministerio de Desarrollo productivo, rural y agua","gremiales Santa Cruz Acuerda con MDPRyA-Ministerio de Desarrollo productivo, rural y agua por reestructurar la economia y modernizar el sistema impositivo en el pais",activo,,,,GOBIERNO AUTONOMO DEPARTAMENTAL DE CHUQUISACA,A2026112154131,"Reunión con gremiales en Santa Cruz, en la misma se acordó el inicio de mesas de trabajo en torno al Decreto Supremo 5503 y Sistema Integrado Especial de Transición para Emprendedores al Régimen General. Esta medida busca beneficiar de manera directa a gremiales, comerciantes, transportistas, artesanos y productores, dejando atrás modelos económicos agotados e inquisitivos.
El ejecutivo de la Confederación de Gremiales, Cesar Gonzales, calificó el encuentro como un momento histórico tras 20 años de conflictos por temas impositivos y facturación electrónica.
El Decreto 5503 es una salvaguarda para el trabajador por cuenta propia. Por primera vez en décadas, tenemos las puertas abiertas para construir soluciones en lugar de estar en las calles, señaló el dirigente nacional.
",,2026-01-12T23:44:29.000Z,,
142,ACUERDO,2025-12-26T04:00:00.000Z,Pobladores de San Julian,"MDPRyA-Ministerio de Desarrollo productivo, rural y agua","Pobladores de San Julian Acuerda con MDPRyA-Ministerio de Desarrollo productivo, rural y agua por respuesta al pliego petitorio y socializacion del DS 5503",activo,,,,GOBIERNO AUTONOMO DEPARTAMENTAL DE CHUQUISACA,A2026112152512,"La reunión en el municipio de San Julián para dar respuesta al pliego petitorio de la región y socializar los alcances del Decreto Supremo 5503. Se descartan medidas de presión anunciadas por algunos sectores.
objetivo resolver dudas técnicas de manera inmediata, garantizando el apoyo al sector productivo.
la comisión gubernamental integrada también por equipos técnicos del Servicio Nacional de Sanidad Agropecuaria e Inocuidad Alimentaria (SENASAG), el Instituto Nacional de Innovación Agropecuaria y Forestal (INIAF) y la Empresa de Apoyo a la Producción de Alimentos (EMAPA), se hizo presente a la hora acordada para la reunión, con el fin de atender las inquietudes de las organizaciones sociales.
Como resultado del encuentro con sectores como mototaxistas, productores y Fejuve entre otros, se ratificó la suspensión de cualquier medida de presión, descartando bloqueos en la región tras despejarse las dudas sobre el alcance del Decreto Supremo 5503.",,2026-01-12T23:28:09.000Z,,
141,ACUERDO,2025-12-24T04:00:00.000Z,gremiales Santa Cruz,"MDPRyA-Ministerio de Desarrollo productivo, rural y agua","MDPRyA - Santa Cruz gremiales Acuerda con MDPRyA-Ministerio de Desarrollo productivo, rural y agua por levantamiento de bloqueo, dirigentes piden levantar la protesta",activo,,,,GOBIERNO AUTONOMO DEPARTAMENTAL DE CHUQUISACA,A2026112144236,"El acuerdo alcanzado el 24 de diciembre de 2025 entre el sector gremial y el Ministerio de Desarrollo Productivo, Rural y Agua (MDPRyA) fue un paso clave para reducir la tensión social en Bolivia.

La reunión con la  Confederación de Trabajadores Gremiales de Bolivia expresó su respaldo a la normativa.
El sector valoró positivamente medidas como el perdonazo tributario, el avance hacia la universalización de las facturas y la política de subvención, calificándolas como decisiones acertadas que benefician a la mayoría de los trabajadores independientes, que representan más del 80% de la fuerza laboral del país.
con el objetivo de acompañar de manera conjunta los cambios estructurales que impulsa el Decreto Supremo 5503, considerado como el punto de partida para dinamizar la economía, generar oportunidades y fortalecer el modelo de capitalismo para todos.
",,2026-01-12T22:47:20.000Z,,
140,ACUERDO,2025-12-22T04:00:00.000Z,pequeños productores del Norte Integrado de Santa Cruz,"MDPRyA-Ministerio de Desarrollo productivo, rural y agua","pequeños productores del Norte Integrado de Santa Cruz Acuerda con MDPRyA-Ministerio de Desarrollo productivo, rural y agua por necesidad de tratar temas relacionados a la importación directa y biotecnología",activo,,,,GOBIERNO AUTONOMO DEPARTAMENTAL DE CHUQUISACA,A2026112132515,,,2026-01-12T21:30:20.000Z,,
139,ACUERDO,2025-12-21T04:00:00.000Z,Transportistas de Santa Cruz,"MDPRyA-Ministerio de Desarrollo productivo, rural y agua","MDPRyA - Transportistas de Santa Cruz Acuerda con MDPRyA-Ministerio de Desarrollo productivo, rural y agua por avances del DS 5503",activo,,,,GOBIERNO AUTONOMO DEPARTAMENTAL DE CHUQUISACA,A2026112131227,"Tras una jornada de diálogo liderada por el ministro Óscar Mario Justiniano, el Gobierno nacional logró establecer un puente de entendimiento entre el sector transporte y el Gobierno Municipal de Santa Cruz para frenar la especulación y normalizar el servicio bajo criterios técnicos. El acuerdo contempla la presentación de estudios de costos ante el Concejo Municipal y la incorporación de los ministerios de Economía e Hidrocarburos para abordar demandas estructurales, apoyándose en medidas como el Decreto Supremo 5503, que reduce costos operativos mediante aranceles cero a la importación de insumos y promueve la transición al gas. Esta intervención busca equilibrar la sostenibilidad del transportista con la protección económica de las familias cruceñas, desactivando un conflicto de larga data mediante soluciones técnicas y normativas.",,2026-01-12T21:17:43.000Z,,
