idconveniopunto,idprincipal,puntonro,fechaatencion,plazoatencion,descripcionpunto,resultadoesperado,responsabledemandante,responsabledemandado,responsablemediador,institucion
2,34,2,2021-08-23T02:58:00.000Z,2021-08-29T02:59:00.000Z,fasdfads,fasdfasd,sadfsadf,aqui,fasdf,
4,30,1,2021-08-23T17:37:00.000Z,2021-08-28T17:38:00.000Z,fasddsa,fasdfsda,fsad,fasd,fsda,
5,42,1,2021-08-23T18:36:00.000Z,2021-08-24T00:36:00.000Z,sadfsa,fsad,fsad,fsda,fasd,
6,34,3,2021-08-23T19:48:00.000Z,2021-08-23T19:48:00.000Z,afdsfs,sfadfasd,fasdf,asdfasdf,asfd,
7,99,1,2021-12-29T21:03:00.000Z,2022-02-01T03:03:00.000Z,Vacunación Masiva,Se tenga a Yacuiba vacunada en un 98%,"Yacuiba, etc",Cancillería,VCMSC,
8,99,2,2021-12-29T21:04:00.000Z,2022-01-21T03:04:00.000Z,"Tramite de TFV para los comerciantes de yacuiba, por requerimiento de puesto fronterizo argentino",Entregar 10 tarjetas al dia para mejorar el control fronterizo,yacuiba,Cancillería,VCMSC,
9,61,1,2022-03-08T19:07:00.000Z,2022-05-08T23:07:00.000Z,asfasd,fsad,sdfadsfs,sdfa,sdfa,MINISTERIO DE VICEPRESIDENCIA
10,108,1,2022-11-09T04:00:00.000Z,2023-01-29T03:36:00.000Z,"""Las vacunas van a llegar antes del 28 de febrero, estamos haciendo las gestiones necesarias para garantizar que estas vacunas lleguen lo antes posible. Agradecemos a la República Popular de China por esta colaboración en la lucha contra la Covid-19"", sostuvo el Ministro de Salud, Jeyson Auza Pinto.

De las 500 mil vacunas que llegarán al país, 100 serán en calidad de donación y estarán destinadas al inicio de la campaña general de vacunación tomando en cuenta la llegada de cerca al millón de vacunas a través del mecanismo Covax.",LLEGADA EFECTIVA Y CUMPLIMIENTO DEL ACUERDO CON SYNOFARM PARA LA DISTRIBUCION DEL FARMACO EN BOLIVIA,LUIS ARCE CATACORA,EMPRESA CHINA SYNOFARM,NINGUNO,GOBIERNO CENTRAL
11,138,1,2025-12-20T04:00:00.000Z,2026-01-13T04:00:00.000Z,"BSISA - El martes continuarán las reuniones con el sector productor, incluyendo la participación del ministerio de Hidrocarburos, YPFB y otras entidades. El ministro Justiniano concluyó señalando que existe un compromiso claro de eliminar las trabas, levantar el “Estado tranca” y trabajar sobre la seguridad jurídica en beneficio del sector productor.",Generar un acuerdo que permita trabajar con el sector,Representantes de los pequeños y medianos productores del Norte Integrado de Santa Cruz,"Ministro Oscar Mario Justiniano,","Ministro Oscar Mario Justiniano,",Ministerio de Desarrollo Productivo
12,138,2,2025-10-20T04:00:00.000Z,2026-01-13T04:00:00.000Z,"DS 5503 El martes continuarán las reuniones con el sector productor, incluyendo la participación del ministerio de Hidrocarburos, YPFB y otras entidades. El ministro Justiniano concluyó señalando que existe un compromiso claro de eliminar las trabas, levantar el “Estado tranca” y trabajar sobre la seguridad jurídica en beneficio del sector productor.",Generar un acuerdo que permita trabajar con el sector,Representantes de los pequeños y medianos productores del Norte Integrado de Santa Cruz,"Ministro Oscar Mario Justiniano,","Ministro Oscar Mario Justiniano,","MINISTRO DE DESARROLLO PRODUCTIVO, RURAL Y AGUA "
13,139,1,2025-12-21T04:00:00.000Z,2025-12-21T04:00:00.000Z,"Gobierno nacional ha logrado establecer puentes fundamentales de entendimiento con el sector transporte de Santa Cruz, con el objetivo de frenar la especulación, restablecer el servicio y proteger la economía de las familias cruceñas más vulnerables.

Decreto Supremo 5503 es una herramienta central para aliviar la estructura de costos del transporte, entre los beneficios destacó el arancel cero para importaciones una medida para abaratar insumos como repuestos, llantas y aceites, además del cambio de matriz energética facilitando la transición de diésel a gas, lo que permitirá reducir costos operativos y disminuir el impacto ambiental.",Socialización y acuerdos mínimos,Transportistas de Santa Cruz,"MDPRyA-Ministerio de Desarrollo productivo, rural y agua","MDPRyA-Ministerio de Desarrollo productivo, rural y agua",Ministerio de Desarrollo Productivo
14,140,1,2025-12-22T04:00:00.000Z,2025-12-22T04:00:00.000Z,"se centró en soluciones estructurales para garantizar el abastecimiento de combustible, la importación directa, 

biotecnología y tecnificación, además de los alcances del Decreto Supremo 5503.",Acuerdo que permita avanzar en biotecnología,pequeños productores del Norte Integrado de Santa Cruz,"MDPRyA-Ministerio de Desarrollo productivo, rural y agua",Ministerio de Desarrollo Productivo,
15,141,1,2025-12-24T04:00:00.000Z,2026-12-31T04:00:00.000Z,Amnistía Tributaria: Se acordó avanzar hacia una normativa que permita a los gremiales regularizar sus deudas impositivas sin sanciones excesivas.,Se estableció que durante el primer trimestre de 2026 se terminará de reglamentar los procedimientos específicos para el sector gremial minorista.,gremiales,"MDPRyA-Ministerio de Desarrollo productivo, rural y agua",Ministerio de Desarrollo Productivo,Ministerio de Desarrollo Productivo
16,141,2,2025-12-24T04:00:00.000Z,2026-04-03T04:00:00.000Z,se instruyó la pausa de procesos de fiscalización coactiva para sectores que se acojan a las mesas de trabajo de formalización.,"El Ministerio se comprometió a presentar una propuesta de reestructuración normativa de controles ante la Asamblea Legislativa durante la gestión 2026, buscando simplificar el Régimen Tributario Simplificado.",gremiales,"MDPRyA-Ministerio de Desarrollo productivo, rural y agua",Ministerio de Desarrollo Productivo,Ministerio de Desarrollo Productivo
17,141,3,2025-12-24T04:00:00.000Z,2026-12-31T04:00:00.000Z,El diferimiento del Gravamen Arancelario (GA) al 0% para la importación de maquinaria y equipos tiene vigencia hasta el 31 de diciembre de 2026,"Los gremiales pueden acceder a este beneficio de forma inmediata mediante los anexos estipulados en el DS 5503 para productos ""Hechos en Bolivia"" y bienes de capital.",gremiales,"MDPRyA-Ministerio de Desarrollo productivo, rural y agua",Ministerio de Desarrollo Productivo,
18,142,1,2025-12-26T04:00:00.000Z,2026-03-26T15:59:00.000Z,"Este proyecto anhelado permitirá garantizar el acceso a este recurso vital y mejorar la calidad de vida de las familias de esta región.
El proyecto de construcción del sistema de agua potable Candelaria beneficiará a 157 familias y tendrá un costo de Bs 1.925.749, el cual es financiado en su totalidad por el Banco Interamericano de Desarrollo (BID). El plazo para concretar esta importante obra es de 90 días y la entidad ejecutora es EMAGUA.
","Se reafirma su decisión de trabajar por el bienestar de la población, garantizando el acceso al agua potable como un derecho humano esencial y promoviendo el desarrollo de las comunidades del país.",Pobladores de San Julian,"MDPRyA-Ministerio de Desarrollo productivo, rural y agua","MDPRyA-Ministerio de Desarrollo productivo, rural y agua",
19,143,1,2025-12-29T04:00:00.000Z,2025-12-29T04:00:00.000Z,"Reunión con gremiales en Santa Cruz, en la misma se acordó el inicio de mesas de trabajo en torno al Decreto Supremo 5503 y Sistema Integrado Especial de Transición para Emprendedores al Régimen General. Esta medida busca beneficiar de manera directa a gremiales, comerciantes, transportistas, artesanos y productores, dejando atrás modelos económicos agotados e inquisitivos.
El ejecutivo de la Confederación de Gremiales, Cesar Gonzales, calificó el encuentro como un momento histórico tras 20 años de conflictos por temas impositivos y facturación electrónica.
""El Decreto 5503 es una salvaguarda para el trabajador por cuenta propia. Por primera vez en décadas, tenemos las puertas abiertas para construir soluciones en lugar de estar en las calles"", señaló el dirigente nacional.",Socializacion del DS 5503,gremiales Santa Cruz,"MDPRyA-Ministerio de Desarrollo productivo, rural y agua","MDPRyA-Ministerio de Desarrollo productivo, rural y agua",
20,144,1,2025-12-29T04:00:00.000Z,2025-12-29T04:00:00.000Z,"Los productores expusieron los daños ocasionados por la reciente riada, que afectó de forma significativa sus cultivos y la transitabilidad en la zona.
canalizar los distintos recursos que se pueda para hacer el arreglo de los caminos, por supuesto también la parte de las cuencas, tenemos que enderezar el río… tenemos que hacer todo el trabajo correspondiente
reafirmó la voluntad del Estado de mantener el diálogo abierto y de trabajar de manera coordinada para atender las necesidades urgentes del lugar en beneficio de toda su población.
Se reafirma el compromiso de trabajar junto a los productores de Yapacaní, priorizando la prevención de desastres, la recuperación productiva y el impulso a un desarrollo que genere mejores oportunidades para la región.",Socializar el DS 5503,Productores y Sectores Sociales de Yapacaní,"MDPRyA-Ministerio de Desarrollo productivo, rural y agua",Ministerio de Desarrollo Productivo,
21,145,1,2026-01-09T04:00:00.000Z,2026-01-31T04:00:00.000Z,Inicio de las obras de bacheo y mantenimiento de las rutas vecinales críticas afectadas por las lluvias.,Alianza estratégica,Productores de Yapacaní ,"MDPRyA-Ministerio de Desarrollo productivo, rural y agua","MDPRyA-Ministerio de Desarrollo productivo, rural y agua",Ministerio de Desarrollo Productivo
22,145,2,2026-01-09T04:00:00.000Z,2026-02-06T04:00:00.000Z,"En este evento masivo en Santa Cruz, se deben presentar los proyectos específicos de industrialización para Yapacaní (plantas procesadoras o centros de acopio).",plan de Industrialización para yapacaní,Productores de Yapacaní ,"MDPRyA-Ministerio de Desarrollo productivo, rural y agua","MDPRyA-Ministerio de Desarrollo productivo, rural y agua",Ministerio de Desarrollo Productivo
23,145,3,2026-01-09T04:00:00.000Z,2026-04-10T04:00:00.000Z,Fecha tope para evaluar el impacto de las mejoras en los caminos y asegurar que el 100% de la zafra o cosecha haya sido transportada con éxito.,Evaluación de impacto de la carretera,Productores de Yapacaní ,"MDPRyA-Ministerio de Desarrollo productivo, rural y agua",Ministerio de Desarrollo Productivo,Ministerio de Desarrollo Productivo
24,145,4,2026-01-09T04:00:00.000Z,2026-12-31T04:00:00.000Z,Cierre de Gestión de Beneficios (31 de diciembre de 2026),Fecha límite para que los productores de la alianza importen maquinaria agrícola bajo el beneficio de Arancel Cero.,Productores de Yapacaní ,"MDPRyA-Ministerio de Desarrollo productivo, rural y agua",Ministerio de Desarrollo Productivo,Ministerio de Desarrollo Productivo
25,146,1,2026-01-09T04:00:00.000Z,2026-01-09T04:00:00.000Z,"Gobierno y sector productivo de Santa Cruz y Beni se reúnen para garantizar el abastecimiento y precio justo de la carne.
reunión con representantes del sector productivo cárnico de Santa Cruz y Beni. El encuentro permitió avanzar en soluciones que estabilicen el precio de este producto y garanticen su abastecimiento.
los efectos de los recientes bloqueos han generado dificultades en el suministro, especialmente en ciudades como La Paz, El Alto y Cochabamba, donde se registran problemas de desabastecimiento y un aumento en el agio y la especulación.
se analizó la estructura de precios junto a productores, frigoríficos y comercializadores, con el fin de transparentar los costos y ofrecer a la población información clara.
reafirmó su compromiso de seguir construyendo soluciones a través del diálogo, priorizando el abastecimiento seguro y la protección de la economía de las familias bolivianas.",Abastecimiento de carne,sector productivo de Santa Cruz y Beni ,"MDPRyA-Ministerio de Desarrollo productivo, rural y agua",Ministerio de Desarrollo Productivo,Ministerio de Desarrollo Productivo
26,197,1,2026-05-19T04:00:00.000Z,2026-12-31T04:00:00.000Z,"FORTALECER LA SEGURIDAD HÍDRICA, LA PRODUCCIÓN AGROPECUARIA Y EL DESARROLLO SOSTENIBLE DE LA PROVINCIA NOR YUNGAS. ","EN EL MUNICIPIO DE CORIPATA NO TENEMOS DEMANDA DE RIEGO, SE SUGIERE IDENTIFICAR FUENTES DE AGUA PARA RIEGO MENOR EN COORDINACION CON EL GAM CORIPATA Y SEDERI LA PAZ. ",GOBIERNO AUTONOMO MUNICIPAL DE COROICO; GOBIERNO AUTONOMO MUNICIPAL DE CORIPATA,VRHRAPYSB,MDPRYA,
27,198,,2026-06-23T04:00:00.000Z,2026-12-31T04:00:00.000Z,"PIDEN REUNION CON EL VICEMINISTRO DE RECURSOS HIDRICOS, RIEGO , AGUA POTABLE Y SANEAMIENTO BASICO.",,MUJERES CAMPESINAS BARTOLINA SISA; ALCALDE DE INQUISIVI;MUNICIPIO DE CAJUATA; MUNICIPIO DE ICHOCA;MUNICIPIO DE QUIME;VILLA LIBERTAD LICOM;PROVINCA INQUISIVI,VRHRAPYSB,MDPRYA,
28,199,1,2026-05-17T04:00:00.000Z,2026-12-31T04:00:00.000Z,"FORTALECER LA COORDINACIÓN INTERINSTITUCIONAL PARA LA IDENTIFICACIÓN, PRIORIZACIÓN Y GESTIÓN DE PROYECTOS DE AGUA, RIEGO Y MANEJO INTEGRAL DE CUENCAS, ORIENTADOS A MEJORAR LA SEGURIDAD HÍDRICA Y LA PRODUCCIÓN AGROPECUARIA EN LOS MUNICIPIOS Y COMUNIDADES DE LA PROVINCIA AROMA, EN EL MARCO DE LA NORMATIVA VIGENTE.",,GOBIERNO AUTONOMO MUNICIPAL DE ANCORAIMES; GOBIERNO AUTONOMO MUNICIPAL DE CHUA; GOBIERNO AUTONOMO MUNICIPAL CHUA COCANI; GOBIERNO AUTONOMO MUNICIPA HUARINA; GOBIERNO AUTONOMO MUNICIPAL DE HUATAJATA; GOBIERNO AUTONOMO MUNICIPAL DE SANTIAGO DE HUATA,VRHRAPYSB,MDPRYA,VRHRAPYSB
29,200,1,2026-02-24T04:00:00.000Z,2026-03-28T04:00:00.000Z,FINANCIAMIENTO PARA CONSTRUCCION DEL PROYECTO DE RIEGO TECNIFICADO PARCELARIO PATAMANTA ,"EN EL MARCO DE LA GESTIÓN DE FINANCIAMIENTO DEL PROYECTO DE RIEGO PARCELARIO PATAMANTA, SE REALIZARON LAS SIGUIENTES ACCIONES:
- APROBACIÓN DEL ESTUDIO
- COMPROMISOS DE CONTRAPARTE DEL GAM Y GAD.
- SOLICITUD DE RATIFICACIÓN DE CONTRAPARTES DE PARTE DEL GAM Y GAD.
- COMPROMISO DE LIBERACION DEL 80% DEL CANDADO ADUCCIÓN MULTIPROPÓSITO
- SOLICITUD DE FINANCIAMIENTO DEL PROYECTO AL VIPFE
- FORMULACIÓN DEL PROGRAMA PAPA (EN BORRADOR)
- REUNIÓN CON PATAMANTA EL 03/08/2026 EN EMAGUA A HRS. 10:00",CENTRAL AGRARIA PATAMANTA,VRHRAPYSB,,
30,201,1,2026-06-23T04:00:00.000Z,2027-01-01T03:59:00.000Z,PIDEN LA CONSTRUCCION DE REPRESAS PARA EL MUNICIPIO DE INQUISIVI,,MUJERES CAMPESINAS BARTOLINA SISA; ALCALDE DE INQUISIVI;MUNICIPIO DE CAJUATA; MUNICIPIO DE ICHOCA;MUNICIPIO DE QUIME;VILLA LIBERTAD LICOM;PROVINCA INQUISIVI.,VRHRAPYSB,VRHRAPYSB,
31,202,1,2026-06-23T04:00:00.000Z,2026-06-23T04:00:00.000Z,"PIDEN REUNION CON EL VICEMINISTRO DE RECURSOS HIDRICOS, RIEGO , AGUA POTABLE Y SANEAMIENTO BASICO.",,MUJERES CAMPESINAS BARTOLINA SISA; ALCALDE DE INQUISIVI;MUNICIPIO DE CAJUATA; MUNICIPIO DE ICHOCA;MUNICIPIO DE QUIME;VILLA LIBERTAD LICOM;PROVINCA INQUISIVI,VRHRAPYSB,VRHRAPYSB,
32,203,1,2026-05-17T04:00:00.000Z,,"FORTALECER LA COORDINACIÓN INTERINSTITUCIONAL PARA LA IDENTIFICACIÓN, PRIORIZACIÓN Y GESTIÓN DE PROYECTOS DE AGUA, RIEGO Y MANEJO INTEGRAL DE CUENCAS, ORIENTADOS A MEJORAR LA SEGURIDAD HÍDRICA Y LA PRODUCCIÓN AGROPECUARIA EN LOS MUNICIPIOS Y COMUNIDADES DE LA PROVINCIA AROMA, EN EL MARCO DE LA NORMATIVA VIGENTE.",EL GAM REALIZÓ LA GESTIÓN PARA LA FIRMA DE LA ENMIENDA DEL CONVENIO INTERGUBERNATIVO  CON EL  GAD DE LA PAZ  DEL PROYECTO DE RIEGO  CONSTRUCCIÓN SISTEMA DE RIEGO CIRCUATA POLEA (CAJUATA)  EN EL MES DE JULIO.,GOBIERNO AUTONOMO MUNICIPAL DE ANCORAIMES; GOBIERNO AUTONOMO MUNICIPAL DE CHUA; GOBIERNO AUTONOMO MUNICIPAL CHUA COCANI; GOBIERNO AUTONOMO MUNICIPA HUARINA; GOBIERNO AUTONOMO MUNICIPAL DE HUATAJATA; GOBIERNO AUTONOMO MUNICIPAL DE SANTIAGO DE HUATA,VRHRAPYSB,,VRHRAPYSB
33,204,1,2026-05-12T04:00:00.000Z,2026-05-12T04:00:00.000Z,"
FORTALECER LA COORDINACIÓN INTERINSTITUCIONAL PARA LA GESTIÓN DE PROYECTOS DE AGUA POTABLE, SANEAMIENTO BÁSICO, RIEGO, CONSERVACIÓN DE RECURSOS HÍDRICOS Y PROTECCIÓN DEL MEDIO AMBIENTE, PRIORIZANDO LAS NECESIDADES DE LOS MUNICIPIOS. ","SE ATENDIÓ LA SOLICITUD PRESENTADA POR EL GOBIERNO AUTÓNOMO MUNICIPAL DE ANCORAIMES MEDIANTE LA EVALUACIÓN TÉCNICA DEL PROYECTO ""IMPLEMENTACIÓN RED DE DISTRIBUCIÓN PRESURIZADA CORPA GRANDE"", VERIFICANDO SU CUMPLIMIENTO CON LOS CRITERIOS TÉCNICOS Y DE ELEGIBILIDAD ESTABLECIDOS EN EL PROGRAMA DE GESTIÓN RESILIENTE DEL AGUA PARA RIEGO COMUNITARIO Y FAMILIAR. COMO RESULTADO DE LA EVALUACIÓN, SE EMITIERON LAS OBSERVACIONES Y/O CRITERIOS TÉCNICOS CORRESPONDIENTES PARA SU CONSIDERACIÓN EN EL PROCESO DE FORMULACIÓN Y GESTIÓN DEL PROYECTO.",GOBIERNO AUTONOMO MUNICIPAL DE ANCORAIMES; GOBIERNO AUTONOMO MUNICIPAL DE CHUA; GOBIERNO AUTONOMO MUNICIPAL CHUA COCANI; GOBIERNO AUTONOMO MUNICIPA HUARINA; GOBIERNO AUTONOMO MUNICIPAL DE HUATAJATA; GOBIERNO AUTONOMO MUNICIPAL DE SANTIAGO DE HUATA,VRHRAPYSB,,VRHRAPYSB
34,205,1,2026-05-12T04:00:00.000Z,2026-05-12T04:00:00.000Z,"FORTALECER LA COORDINACIÓN INTERINSTITUCIONAL PARA LA IDENTIFICACIÓN, PRIORIZACIÓN Y GESTIÓN DE PROYECTOS DE AGUA, RIEGO Y MANEJO INTEGRAL DE CUENCAS, ORIENTADOS A MEJORAR LA SEGURIDAD HÍDRICA Y LA PRODUCCIÓN AGROPECUARIA EN LOS MUNICIPIOS Y COMUNIDADES DE LA PROVINCIA AROMA, EN EL MARCO DE LA NORMATIVA VIGENTE."," - EN PROCESO DE EVALUACION PROYECTO ""SISTEMA DE RIGO ANDAMARCA"" GAM GUAQUI
- EN PROCESO DE EVALUACION PROYECTO ""SISTEMA DE RIGO JANKHO MARCA"" GAM GUAQUI
- EL PROYECTO ""PRESA Y SISTEMA DE RIEGO ACHACA CALUYO"" SE ENCUENTRA EN COMPLEMENTACION PARA SU EJECUCIÓN CON EL PROGRAMA PRESAS RESILIENTES",GOBIERNO AUTONOMO MUNICIPAL DE VIACHA; GOBIERNO AUTONOMO MUNICIPAL GUAQUI; GOBIERNO AUTONOMO MUNICIPAL TIWANAKU; GOBIERNO AUTONOMO MUNICIPAL DESAGUADERO; GOBIERNO AUTONOMO MUNICIPAL SAN ANDRES DE MACHACA ,VRHRAPYSB,,VRHRAPYSB
35,206,1,2026-05-12T04:00:00.000Z,2026-12-31T04:00:00.000Z,"
FORTALECER LA COORDINACIÓN INTERINSTITUCIONAL PARA LA GESTIÓN DE PROYECTOS DE AGUA POTABLE, SANEAMIENTO BÁSICO, RIEGO, CONSERVACIÓN DE RECURSOS HÍDRICOS Y PROTECCIÓN DEL MEDIO AMBIENTE, PRIORIZANDO LAS NECESIDADES DE LOS MUNICIPIOS. ","- EN PROCESO DE EVALUACIÓN PROYECTO ""SISTEMA DE RIGO ANDAMARCA"" GAM GUAQUI
- EN PROCESO DE EVALUACIÓN PROYECTO ""SISTEMA DE RIGO JANKHO MARCA"" GAM GUAQUI
- EL PROYECTO ""PRESA Y SISTEMA DE RIEGO ACHACA CALUYO"" SE ENCUENTRA EN COMPLEMENTACIÓN PARA SU EJECUCIÓN CON EL PROGRAMA PRESAS RESILIENTES",GOBIERNO AUTONOMO MUNICIPAL DE VIACHA; GOBIERNO AUTONOMO MUNICIPAL GUAQUI; GOBIERNO AUTONOMO MUNICIPAL TIWANAKU; GOBIERNO AUTONOMO MUNICIPAL DESAGUADERO; GOBIERNO AUTONOMO MUNICIPAL SAN ANDRES DE MACHACA ,VRHRAPYSB,,VRHRAPYSB
36,208,1,2026-05-12T04:00:00.000Z,2026-12-31T04:00:00.000Z,"FORTALECER LA COORDINACIÓN INTERINSTITUCIONAL PARA LA IDENTIFICACIÓN, PRIORIZACIÓN Y GESTIÓN DE PROYECTOS DE AGUA, RIEGO Y MANEJO INTEGRAL DE CUENCAS, ORIENTADOS A MEJORAR LA SEGURIDAD HÍDRICA Y LA PRODUCCIÓN AGROPECUARIA EN LOS MUNICIPIOS Y COMUNIDADES DE LA PROVINCIA AROMA, EN EL MARCO DE LA NORMATIVA VIGENTE.","
 - PROYECTO ""CONSTRUCCION SISTEMA DE RIEGO COLLPA HUANCARANI"" DEL GAM PATACAMAYA HA SIDO PRIORIZADO PARA SU EJECUCIÓN CON EL PROGRAMA GESTION RESILIENTE
- PROYECTO ""CONSTRUCCION SISTEMA DE RIEGO SASARI"" DEL GAM PATACAMAYA HA SIDO PRIORIZADO PARA SU EJECUCIÓN CON EL PROGRAMA GESTION RESILIENTE.",GOBIERNO AUTONOMO MUNICIPAL DE SICA SICA; GOBIERNO AUTONOMO MUNICIPAL DE UMALA; GOBIERNO AUTONOMO MUNICIPAL DE AYO AYO; GOBIERNO AUTONOMO MUNICIPAL DE CALAMARCA; GOBIERNO AUTONOMO MUNICIPAL DE PATACAMAYA; GOBIERNO AUTONOMO MUNICIPAL DE COLQUENCHA; GO,VRHRAPYSB,,VRHRAPYSB
37,209,1,2026-05-12T04:00:00.000Z,2026-12-31T04:00:00.000Z,"
FORTALECER LA COORDINACION INTERINSTITUCIONAL PARA LA GESTIÓN DE PROYECTOS DE AGUA POTABLE, SANEAMIENTO BÁSICO, RIEGO, CONSERVACION DE RECURSOS HÍDRICOS Y PROTECCIÓN DEL MEDIO AMBIENTE, PRIORIZANDO LAS NECESIDADES DE LOS MUNICIPIOS. ","PROYECTO ""CONSTRUCCION SISTEMA DE RIEGO COLLPA HUANCARANI"" DEL GAM PATACAMAYA HA SIDO PRIORIZADO PARA SU EJECUCIÓN CON EL PROGRAMA GESTION RESILIENTE
- PROYECTO ""CONSTRUCCION SISTEMA DE RIEGO SASARI"" DEL GAM PATACAMAYA HA SIDO PRIORIZADO PARA SU EJECUCIÓN CON EL PROGRAMA GESTION RESILIENTE",GOBIERNO AUTONOMO MUNICIPAL DE SICA SICA; GOBIERNO AUTONOMO MUNICIPAL DE UMALA; GOBIERNO AUTONOMO MUNICIPAL DE AYO AYO; GOBIERNO AUTONOMO MUNICIPAL DE CALAMARCA; GOBIERNO AUTONOMO MUNICIPAL DE PATACAMAYA; GOBIERNO AUTONOMO MUNICIPAL DE COLQUENCHA; GO,VRHRAPYSB,,VRHRAPYSB
38,210,1,2026-05-12T04:00:00.000Z,2026-12-31T04:00:00.000Z,"FORTALECER LA COORDINACIÓN INTERINSTITUCIONAL PARA LA IDENTIFICACIÓN, PRIORIZACIÓN Y GESTIÓN DE PROYECTOS DE AGUA, RIEGO Y MANEJO INTEGRAL DE CUENCAS, ORIENTADOS A MEJORAR LA SEGURIDAD HÍDRICA Y LA PRODUCCIÓN AGROPECUARIA EN LOS MUNICIPIOS Y COMUNIDADES DE LA PROVINCIA AROMA, EN EL MARCO DE LA NORMATIVA VIGENTE.","SE GESTIONA EL FINANCIAMIENTO DEL PROYECTO ""RIEGO PARCELARIO PATAMANTA"" DEL GAM PUCARANI.
- SE VIENE EJECUTANDO LOS PROYECTOS DE RIEGO Y AGUA POTABLE EN EL MARCO DEL PROGRAMA MULTIPROPÓSITO EN LOS MUNICIPIOS DE PUCARANI Y BATALLAS.",GOBIERNO AUTONOMO MUNICIPAL DE VIACHA; GOBIERNO AUTONOMO MUNICIPAL DE PUCARANI; GOBIERNO AUTONOMO MUNICIPAL DE LAJA; GOBIERNO AUTONOMO MUNICIPAL DE BATALLAS; GOBIERNO AUTONOMO MUNICIPAL DE PUERTO PEREZ,VRHRAPYSB,,VRHRAPYSB
39,211,1,2026-05-12T04:00:00.000Z,2026-12-31T04:00:00.000Z,"
FORTALECER LA COORDINACIÓN INTERINSTITUCIONAL PARA LA GESTIÓN DE PROYECTOS DE AGUA POTABLE, SANEAMIENTO BÁSICO, RIEGO, CONSERVACIÓN DE RECURSOS HÍDRICOS Y PROTECCIÓN DEL MEDIO AMBIENTE, PRIORIZANDO LAS NECESIDADES DE LOS MUNICIPIOS Y COMUNIDADES DE LA PROVINCIA LOS ANDES. ","- SE GESTIONA EL FINANCIAMIENTO DEL PROYECTO ""RIEGO PARCELARIO PATAMANTA"" DEL GAM PUCARANI.
- SE VIENE EJECUTANDO LOS PROYECTOS DE RIEGO Y AGUA POTABLE EN EL MARCO DEL PROGRAMA MULTIPROPOSITO EN LOS MUNICIPIOS DE PUCARANI Y BATALLAS.",GOBIERNO AUTONOMO MUNICIPAL DE VIACHA; GOBIERNO AUTONOMO MUNICIPAL DE PUCARANI; GOBIERNO AUTONOMO MUNICIPAL DE LAJA; GOBIERNO AUTONOMO MUNICIPAL DE BATALLAS; GOBIERNO AUTONOMO MUNICIPAL DE PUERTO PEREZ,VRHRAPYSB,,VRHRAPYSB
40,212,1,2026-05-13T04:00:00.000Z,2026-12-31T04:00:00.000Z,"
FORTALECER LA COORDINACIÓN INTERINSTITUCIONAL PARA LA GESTIÓN DE PROYECTOS DE AGUA POTABLE, SANEAMIENTO BÁSICO, RIEGO, CONSERVACIÓN DE RECURSOS HÍDRICOS Y PROTECCIÓN DEL MEDIO AMBIENTE, PRIORIZANDO LAS NECESIDADES DE LOS MUNICIPIOS Y COMUNIDADES DE LA PROVINCIA CAMACHO. ","SE REALIZARO UNA REUNION EN FECHA 28/05/26 CON LA PROVINCIA CAMACHO.
EL PROYECTO ""CONSTRUCCIÓN SISTEMA DE MICRORIEGO SAN JORGE VILLA CHACAQUI"" DEL GAM PUERTO ACOSTA, SE ENCUENTRA EN AJUSTE POR EL GAM PUERTO ACOSTA.
EL PROYECTO ""CONSTRUCCIÓN SISTEMA DE MICRORIEGO JUPANI CHICO"" SE ENCUENTRA EN AJUSTE POR EL GAM PUERTO ACOSTA.",GOBIERNO AUTONOMO MUNICIPAL DE PUERTO ACOSTA; GOBIERNO AUTONOMO MUNICIPAL DE MOCOMOCO; GOBIERNO AUTONOMO MUNICIPAL DE PUERTO CARABUCO; GOBIERNO AUTONOMO MUNICIPAL DE HUMANATA; GOBIERNO AUTONOMO MUNICIPAL DE ESCOMA,VRHRAPYSB,,VRHRAPYSB
41,213,1,2026-05-13T04:00:00.000Z,2026-12-31T04:00:00.000Z,"FORTALECER LA ARTICULACIÓN ENTRE LAS AUTORIDADES DEL NIVEL CENTRAL DEL ESTADO, 
LAS AUTORIDADES INDÍGENA ORIGINARIO CAMPESINAS, LOS GOBIERNOS AUTÓNOMOS MUNICIPALES Y LAS ORGANIZACIONES SOCIALES DE LA PROVINCIA CAMACHO ASIMISMO, APOYAR EN LA CANALIZACIÓN DE LAS SOLICITUDES Y LA ARTICULACIÓN CON LAS ENTIDADES COMPETENTES DEL ÓRGANO EJECUTIVO PARA LA ATENCIÓN DE LAS NECESIDADES PLANTEADAS.","SE REALIZARA UNA REUNION EN FECHA 28/05/26 CON LA PROVINCIA CAMACHO.
EL PROYECTO ""CONSTRUCCIÓN SISTEMA DE MICRORIEGO SAN JORGE VILLA CHACAQUI"" DEL GAM PUERTO ACOSTA, SE ENCUENTRA EN AJUSTE POR EL GAM PUERTO ACOSTA.
EL PROYECTO ""CONSTRUCCIÓN SISTEMA DE MICRORIEGO JUPANI CHICO"" SE ENCUENTRA EN AJUSTE POR EL GAM PUERTO ACOSTA.",GOBIERNO AUTONOMO MUNICIPAL DE PUERTO ACOSTA; GOBIERNO AUTONOMO MUNICIPAL DE MOCOMOCO; GOBIERNO AUTONOMO MUNICIPAL DE PUERTO CARABUCO; GOBIERNO AUTONOMO MUNICIPAL DE HUMANATA; GOBIERNO AUTONOMO MUNICIPAL DE ESCOMA,VRHRAPYSB,,VRHRAPYSB
42,214,1,2026-05-13T04:00:00.000Z,2026-12-31T04:00:00.000Z,"FORTALECER LA COORDINACIÓN INTERINSTITUCIONAL PARA LA IDENTIFICACIÓN, PRIORIZACIÓN Y GESTIÓN DE PROYECTOS DE AGUA, RIEGO Y MANEJO INTEGRAL DE CUENCAS, ORIENTADOS A MEJORAR LA SEGURIDAD HÍDRICA Y LA PRODUCCIÓN AGROPECUARIA EN LOS MUNICIPIOS Y COMUNIDADES DE LA PROVINCIA CARANAVI, EN EL MARCO DE LA NORMATIVA VIGENTE.","SE DIO RESPUESTA A:
- PLIEGO PETITORIO - PUNTO 2.I ""IMPLEMENTACIÓN DE SISTEMAS DE RIEGO PARA LAS COMUNIDADES EN TODAS LAS 12 CENTRALES DE LA FEDERACIÓN"" REMITIDO POR LA FEDERACIÓN AGROECOLÓGICA DE COMUNIDADES INTERCULTURALES ORIGINARIOS.
- PLIEGO PETITORIO 001/2026 - PUNTO 4 ""DEMANDA DE MACRO PROYECTOS DE SISTEMAS DE RIEGO Y AGUA POTABLE PARA LOS PRODUCTORES DEL ÁREA 5"", REMITIDO POR LA FEDERACIÓN AGROECOLÓGICA DE COMUNIDADES INTERCULTURALES ORIGINARIOS.

EN AMBOS CASOS, SE INFORMÓ SOBRE EL PROCEDIMIENTO NORMATIVO REQUERIDO PARA LA ELABORACIÓN Y APROBACIÓN DEL ESTUDIO DE DISEÑO TÉCNICO DE PREINVERSIÓN (EDTP), REQUISITO PREVIO E INDISPENSABLE PARA LA GESTIÓN DE SU FINANCIAMIENTO.
SE HA PRIORIZADO LA ELABORACION DE EDTP CONSTRUCCIÓN SISTEMA DE RIEGO VILLA ORIENTE (GAM CARANAVI), CON EL PROGRAMA GESTION RESILIENTE.

SE INCORPORÓ EL PROYECTO ""CONSTRUCCIÓN SISTEMA DE RIEGO CENTRAL PIQUENDO"" A LA CARTERA DEL PROGRAMA PRITEC I, EL MISMO ESTÁ FUE AJUSTADO POR LA UTEP PATRIA AGUA Y SERÁ PRESENTADO PARA LA FASE DE INVERSIÓN, ACTUALMENTE SE ENCUENTRA EN GESTIÓN DE FIRMA DE ENMIENDA AL CONVENIO.",GOBIERNO AUTONOMO MUNICIPAL DE CARANAVI; GOBIERNO AUTONOMO MUNICIPAL DE ALTO BENI,VRHRAPYSB,,VRHRAPYSB
43,215,1,2026-05-13T04:00:00.000Z,2026-05-13T04:00:00.000Z,"
FORTALECER LA COORDINACIÓN INTERINSTITUCIONAL PARA LA GESTIÓN DE PROYECTOS DE AGUA POTABLE, SANEAMIENTO BÁSICO, RIEGO, CONSERVACIÓN DE RECURSOS HÍDRICOS Y PROTECCIÓN DEL MEDIO AMBIENTE, PRIORIZANDO LAS NECESIDADES DE LOS MUNICIPIOS Y COMUNIDADES DE LA PROVINCIA CARANAVI. ","SE HA PRIORIZADO LA ELABORACION DE EDTP CONSTRUCCIÓN SISTEMA DE RIEGO VILLA ORIENTE (GAM CARANAVI), CON PROGRAMAS GESTION RESILIENTE.

EN ATENCIÓN A LOS ACUERDOS DE LA REUNIÓN SENARI INGRESO A ALTO BENI PARA EL RELEVAMIENTO DE DATOS DE CAMPO PARA LA GENERACIÓN DE ITCPs EN 26 DE JUNIO DE 2025",GOBIERNO AUTONOMO MUNICIPAL DE CARANAVI; GOBIERNO AUTONOMO MUNICIPAL DE ALTO BENI,VRHRAPYSB,,VRHRAPYSB
44,216,1,2026-05-14T04:00:00.000Z,2026-12-31T04:00:00.000Z,"FORTALECER LA COORDINACIÓN INTERINSTITUCIONAL PARA LA IDENTIFICACIÓN, PRIORIZACIÓN Y GESTIÓN DE PROYECTOS DE AGUA, RIEGO Y MANEJO INTEGRAL DE CUENCAS, ORIENTADOS A MEJORAR LA SEGURIDAD HÍDRICA Y LA PRODUCCIÓN AGROPECUARIA EN LOS MUNICIPIOS Y COMUNIDADES DE LA PROVINCIA INQUISIVI, EN EL MARCO DE LA NORMATIVA VIGENTE.",CONSTRUCCIÓN SISTEMA DE RIEGO VAQUERIA MACHACAMARCA (INQUISIVI) PRIORIZADO PARA SU EJECUCIÓN CON EL PROGRAMA GESTION RESILIENTE,GOBIERNO AUTONOMO MUNICIPAL DE INQUISIVI; GOBIERNO AUTONOMO MUNICIPAL DE QUIME; GOBIERNO AUTONOMO MUNICIPAL DE CAJUATA; GOBIERNO AUTONOMO MUNICIPAL DE COLQUIRI; GOBIERNO AUTONOMO MUNICIPAL DE ICHOCA; GOBIERNO AUTONOMO MUNICIPAL DE LICOMA PAMPA,VRHRAPYSB,,VRHRAPYSB
45,217,,2026-05-14T04:00:00.000Z,2026-12-31T04:00:00.000Z,"FORTALECER LA COORDINACIÓN INTERINSTITUCIONAL PARA LA IDENTIFICACIÓN, PRIORIZACIÓN Y GESTIÓN DE PROYECTOS DE AGUA, RIEGO Y MANEJO INTEGRAL DE CUENCAS, ORIENTADOS A MEJORAR LA SEGURIDAD HÍDRICA Y LA PRODUCCIÓN AGROPECUARIA EN LOS MUNICIPIOS Y COMUNIDADES DE LA PROVINCIA GUALBERTO VILLARUEL, EN EL MARCO DE LA NORMATIVA VIGENTE.","DE ACUERDO CON LA BASE DE DATOS DE LA DIRECCIÓN GENERAL DE RIEGO Y TRAS LAS SOCIALIZACIONES DEL PROGRAMA GESTIÓN RESILIENTE DEL AGUA, SE INFORMA QUE A LA FECHA NO SE REGISTRAN NUEVAS SOLICITUDES POR PARTE DE LOS MUNICIPIOS. 
SIN EMBARGO, EN FECHA 28/07/2026 SE TUVO REUNIÓN DE SOCIALIZACIÓN CON EL GAM CURAHUARA DONDE SE LES EXPLICÓ LA ELABORACIÓN DE PROYECTOS ITCP Y EDTP, ASI MISMO SE DIO A CONOCER LOS PROGRAMAS VIGENTES.",GOBIERNO AUTONOMO MUNICIPAL DE SAN PEDRO DE CURAHUARA; GOBIERNO AUTONOMO MUNICIPAL DE PAPEL PAMPA; GOBIERNO AUTONOMO MUNICIPAL DE CHACARILLA,VRHRAPYSB,,VRHRAPYSB
46,218,1,2026-05-15T04:00:00.000Z,2026-12-31T04:00:00.000Z,"FORTALECER LA COORDINACIÓN INTERINSTITUCIONAL PARA LA IDENTIFICACIÓN, PRIORIZACIÓN Y GESTIÓN DE PROYECTOS DE AGUA, RIEGO Y MANEJO INTEGRAL DE CUENCAS, ORIENTADOS A MEJORAR LA SEGURIDAD HÍDRICA Y LA PRODUCCIÓN AGROPECUARIA EN LOS MUNICIPIOS Y COMUNIDADES DE LA PROVINCIA PROVINCIA LARECAJA, EN EL MARCO DE LA NORMATIVA VIGENTE.","DE ACUERDO CON LA BASE DE DATOS DE LA DIRECCIÓN GENERAL DE RIEGO Y TRAS LAS SOCIALIZACIONES DEL PROGRAMA GESTIÓN RESILIENTE DEL AGUA, SE INFORMA QUE A LA FECHA NO SE REGISTRAN NUEVAS SOLICITUDES POR PARTE DE LOS MUNICIPIOS A EXCEPCIÓN DEL MUNICIPIO DE COMBAYA.
DICHO MUNICIPIO REMITIÓ EL PROYECTO ""CONSTRUCCIÓN SISTEMA DE RIEGO COSIMANI-COMBAYA"" (CORRESPONDIENTE A UN SISTEMA DE RIEGO MENOR), EL CUAL FUE EVALUADO POR EL EQUIPO TÉCNICO DE LA DIRECCIÓN GENERAL DE RIEGO. COMO RESULTADO, SE EMITIÓ EL INFORME TÉCNICO CORRESPONDIENTE EN EL CUAL SE OBSERVÓ:

- LA GESTIÓN DEL SISTEMA DE RIEGO Y PRINCIPALMENTE LA DISTRIBUCIÓN DEL AGUA Y LOS TURNOS DE RIEGO NO ES CLARA, SE DEBE DEMOSTRAR LOS CAUDALES ASUMIDOS Y EXPLICAR DE FORMA ADECUADA Y RELACIONAR ESTOS CON EL DISEÑO HIDRÁULICO PARA VERIFICAR LAS PRESIONES Y CAUDALES.

- SE PROPONE LA IMPLEMENTACIÓN DE SISTEMA DE RIEGO TECNIFICADO, SIN EMBARGO, NO EXISTE EL DISEÑO DE LÍNEA DE ASPERSORES, PRESIÓN DE OPERACIÓN DEL HIDRANTE. NO SE PRESENTA LA SELECCIÓN DEL TIPO DE BOMBA DESPUÉS DEL DISEÑO ANALÍTICO.

EL MUNICIPIO DE TEOPONTE SE ENCUENTRA BENEFICIADO EN LA FASE DE PREINVERISÓN EN EL PROGRAMA PRITEC CON EL PROYECTO ""CONSTRUCCIÓN SISTEMA DE RIEGO SANTA ELENA - SANTIAGO I (TEOPONTE)"". ADEMÁS CABE MENCIONAR QUE SE SOSTUVO UNA REUNIÓN CON LA DIRECTORA DE DESARROLLO PRODUCTIVO DEL GAM DE TEOPONTE, EN FECHA 03/06/2026 EN INSTALACIONES DEL VICEMINISTERIO DE RECURSOS HÍDRICO, RIEGO, AGUA POTABLE Y SANEAMIENTO BÁSICO, EN LA CUAL SE LES EXPLICÓ SOBRE LAS CARACTERÍSTICAS DE LA GESTIÓN DE FINANCIAMIENTO DE PREINVERISÓN DEL EDTP RIEGO SAN ISIDRO - TEOPONTE.",GOBIERNO AUTONOMO MUNICIPAL DE TACACOMA; GOBIERNO AUTONOMO MUNICIPAL DE QUIABAYA; GOBIERNO AUTONOMO MUNICIPAL DE COMBAYA; GOBIERNO AUTONOMO MUNICIPAL DE TIPUANI; GOBIERNO AUTONOMO MUNICIPAL DE MAPIRI; GOBIERNO AUTONOMO MUNICIPAL DE TEOPONTE,VRHRAPYSB,,VRHRAPYSB
47,219,1,2026-05-15T04:00:00.000Z,2026-12-31T04:00:00.000Z,"FORTALECER LA COORDINACIÓN INTERINSTITUCIONAL PARA LA GESTIÓN DE PROYECTOS DE AGUA POTABLE, SANEAMIENTO BÁSICO, RIEGO, CONSERVACIÓN DE RECURSOS HÍDRICOS Y PROTECCIÓN DEL MEDIO AMBIENTE, PRIORIZANDO LAS NECESIDADES DE LOS MUNICIPIOS Y COMUNIDADES DE LA PROVINCIA PROVINCIA LARECAJA. ","DE ACUERDO CON LA BASE DE DATOS DE LA DIRECCIÓN GENERAL DE RIEGO Y TRAS LAS SOCIALIZACIONES DEL PROGRAMA GESTIÓN RESILIENTE DEL AGUA, SE INFORMA QUE A LA FECHA NO SE REGISTRAN NUEVAS SOLICITUDES POR PARTE DE LOS MUNICIPIOS A EXCEPCIÓN DEL MUNICIPIO DE COMBAYA.
DICHO MUNICIPIO REMITIÓ EL PROYECTO ""CONSTRUCCIÓN SISTEMA DE RIEGO COSIMANI-COMBAYA"" (CORRESPONDIENTE A UN SISTEMA DE RIEGO MENOR), EL CUAL FUE EVALUADO POR EL EQUIPO TÉCNICO DE LA DIRECCIÓN GENERAL DE RIEGO. COMO RESULTADO, SE EMITIÓ EL INFORME TÉCNICO CORRESPONDIENTE EN EL CUAL SE OBSERVÓ:

- LA GESTIÓN DEL SISTEMA DE RIEGO Y PRINCIPALMENTE LA DISTRIBUCIÓN DEL AGUA Y LOS TURNOS DE RIEGO NO ES CLARA, SE DEBE DEMOSTRAR LOS CAUDALES ASUMIDOS Y EXPLICAR DE FORMA ADECUADA Y RELACIONAR ESTOS CON EL DISEÑO HIDRÁULICO PARA VERIFICAR LAS PRESIONES Y CAUDALES.

- SE PROPONE LA IMPLEMENTACIÓN DE SISTEMA DE RIEGO TECNIFICADO, SIN EMBARGO, NO EXISTE EL DISEÑO DE LÍNEA DE ASPERSORES, PRESIÓN DE OPERACIÓN DEL HIDRANTE. NO SE PRESENTA LA SELECCIÓN DEL TIPO DE BOMBA DESPUÉS DEL DISEÑO ANALÍTICO.

EL MUNICIPIO DE TEOPONTE SE ENCUENTRA BENEFICIADO EN LA FASE DE PREINVERISÓN EN EL PROGRAMA PRITEC CON EL PROYECTO ""CONSTRUCCIÓN SISTEMA DE RIEGO SANTA ELENA - SANTIAGO I (TEOPONTE)"". ADEMÁS CABE MENCIONAR QUE SE SOSTUVO UNA REUNIÓN CON LA DIRECTORA DE DESARROLLO PRODUCTIVO DEL GAM DE TEOPONTE, EN FECHA 03/06/2026 EN INSTALACIONES DEL VICEMINISTERIO DE RECURSOS HÍDRICO, RIEGO, AGUA POTABLE Y SANEAMIENTO BÁSICO, EN LA CUAL SE LES EXPLICÓ SOBRE LAS CARACTERÍSTICAS DE LA GESTIÓN DE FINANCIAMIENTO DE PREINVERISÓN DEL EDTP RIEGO SAN ISIDRO - TEOPONTE.",GOBIERNO AUTONOMO MUNICIPAL DE TACACOMA; GOBIERNO AUTONOMO MUNICIPAL DE QUIABAYA; GOBIERNO AUTONOMO MUNICIPAL DE COMBAYA; GOBIERNO AUTONOMO MUNICIPAL DE TIPUANI; GOBIERNO AUTONOMO MUNICIPAL DE MAPIRI; GOBIERNO AUTONOMO MUNICIPAL DE TEOPONTE,VRHRAPYSB,,VRHRAPYSB
48,220,1,2026-05-15T04:00:00.000Z,2026-12-31T04:00:00.000Z,"FORTALECER LA ARTICULACIÓN ENTRE LAS AUTORIDADES DEL NIVEL CENTRAL DEL ESTADO, 
LAS AUTORIDADES INDÍGENA ORIGINARIO CAMPESINAS, LOS GOBIERNOS AUTÓNOMOS MUNICIPALES Y LAS ORGANIZACIONES SOCIALES DE LA PROVINCIA LARECAJA ASIMISMO, APOYAR EN LA CANALIZACIÓN DE LAS SOLICITUDES Y LA ARTICULACIÓN CON LAS ENTIDADES COMPETENTES DEL ÓRGANO EJECUTIVO PARA LA ATENCIÓN DE LAS NECESIDADES PLANTEADAS.","DE ACUERDO CON LA BASE DE DATOS DE LA DIRECCIÓN GENERAL DE RIEGO Y TRAS LAS SOCIALIZACIONES DEL PROGRAMA GESTIÓN RESILIENTE DEL AGUA, SE INFORMA QUE A LA FECHA NO SE REGISTRAN NUEVAS SOLICITUDES POR PARTE DE LOS MUNICIPIOS A EXCEPCIÓN DEL MUNICIPIO DE COMBAYA.
DICHO MUNICIPIO REMITIÓ EL PROYECTO ""CONSTRUCCIÓN SISTEMA DE RIEGO COSIMANI-COMBAYA"" (CORRESPONDIENTE A UN SISTEMA DE RIEGO MENOR), EL CUAL FUE EVALUADO POR EL EQUIPO TÉCNICO DE LA DIRECCIÓN GENERAL DE RIEGO. COMO RESULTADO, SE EMITIÓ EL INFORME TÉCNICO CORRESPONDIENTE EN EL CUAL SE OBSERVÓ:

- LA GESTIÓN DEL SISTEMA DE RIEGO Y PRINCIPALMENTE LA DISTRIBUCIÓN DEL AGUA Y LOS TURNOS DE RIEGO NO ES CLARA, SE DEBE DEMOSTRAR LOS CAUDALES ASUMIDOS Y EXPLICAR DE FORMA ADECUADA Y RELACIONAR ESTOS CON EL DISEÑO HIDRÁULICO PARA VERIFICAR LAS PRESIONES Y CAUDALES.

- SE PROPONE LA IMPLEMENTACIÓN DE SISTEMA DE RIEGO TECNIFICADO, SIN EMBARGO, NO EXISTE EL DISEÑO DE LÍNEA DE ASPERSORES, PRESIÓN DE OPERACIÓN DEL HIDRANTE. NO SE PRESENTA LA SELECCIÓN DEL TIPO DE BOMBA DESPUÉS DEL DISEÑO ANALÍTICO.

EL MUNICIPIO DE TEOPONTE SE ENCUENTRA BENEFICIADO EN LA FASE DE PREINVERISÓN EN EL PROGRAMA PRITEC CON EL PROYECTO ""CONSTRUCCIÓN SISTEMA DE RIEGO SANTA ELENA - SANTIAGO I (TEOPONTE)"". ADEMÁS CABE MENCIONAR QUE SE SOSTUVO UNA REUNIÓN CON LA DIRECTORA DE DESARROLLO PRODUCTIVO DEL GAM DE TEOPONTE, EN FECHA 03/06/2026 EN INSTALACIONES DEL VICEMINISTERIO DE RECURSOS HÍDRICO, RIEGO, AGUA POTABLE Y SANEAMIENTO BÁSICO, EN LA CUAL SE LES EXPLICÓ SOBRE LAS CARACTERÍSTICAS DE LA GESTIÓN DE FINANCIAMIENTO DE PREINVERISÓN DEL EDTP RIEGO SAN ISIDRO - TEOPONTE.",GOBIERNO AUTONOMO MUNICIPAL DE TACACOMA; GOBIERNO AUTONOMO MUNICIPAL DE QUIABAYA; GOBIERNO AUTONOMO MUNICIPAL DE COMBAYA; GOBIERNO AUTONOMO MUNICIPAL DE TIPUANI; GOBIERNO AUTONOMO MUNICIPAL DE MAPIRI; GOBIERNO AUTONOMO MUNICIPAL DE TEOPONTE,VRHRAPYSB,,VRHRAPYSB
49,221,1,2026-05-15T04:00:00.000Z,2026-12-31T04:00:00.000Z,"FORTALECER LA SEGURIDAD HÍDRICA, LA PRODUCCIÓN AGROPECUARIA Y EL DESARROLLO SOSTENIBLE DE LA PROVINCIA MANCO KAPAC . ","EL PROYECTO ""CONSTRUCCIÓN SISTEMA DE MICRORIEGO COMUNIDAD CHACHAPOYA"" DEL GAM COPACABANA, SE ENCUENTRA EN AJUSTE POR EL GAM COPACABANA Y DESDE FECHA 21/02/2022 EL GAM NO HA REMITIDO LOS AJUSTES.",GOBIERNO AUTONOMO MUNICIPAL DE COPACABANA; GOBIERNO AUTONOMO MUNICIPAL DE SAN PEDRO DE TIQUINA; GOBIERNO AUTONOMO MUNICIPAL DE TITO YUPANQUI,VRHRAPYSB,VRHRAPYSB,VRHRAPYSB
50,222,1,2026-05-18T04:00:00.000Z,2026-12-31T04:00:00.000Z,"FORTALECER LA SEGURIDAD HÍDRICA, LA PRODUCCIÓN AGROPECUARIA Y EL DESARROLLO SOSTENIBLE DE LA PROVINCIA MUÑECAS. ","SE SOSTUVO REUNIÓN EN FECHA 26/05/2026 CON EL GOBIERNO AUTÓNOMO MUNICIPAL DE AUCAPATA, CONCEJALES Y TÉCNICOS DEL MUNICIPIO, SE EXPUSO QUE EL MUNICIPIO NO HA SIDO BENEFICIADO CON PROYECTOS DE RIEGO DESDE LA GESTIÓN 2015, DEBIDO A LA FALTA DE PRESENTACIÓN DE SOLICITUDES POR PARTE DEL MUNICIPIO. A RAÍZ DE ELLOS SE EXPUSO EL PROGRAMA VIGENTE  DE RIEGO QUE SE TIENE GESTIÓN RESILIENTE DEL AGUA PARA RIEGO COMUNITARIO Y FAMILIAR. TRAS LA EXPLICACIÓN EL MUNICIPIO SE COMPROMETIÓ HACER LLEGAR SUS SOLICITUDES EN ESTUDIOS DE DISEÑO TÉCNICO DE PREINVERISÓN (EDTPs) E INFORMES TÉCNICOS DE CONDICIONES PREVIAS (ITCPs) PARA LOS COMPONENTES QUE ABARCA EL PROGRAMA GESTIÓN RESILIENTE DEL AGUA PARA RIEGO COMUNITARIO Y FAMILIAR HASTA EL 29/06/2026. HASTA LA FECHA NO SE TIENEN NINGUNA HOJA DE RUTA CON SOLICITUDES POR PARTE DE LOS MUNICIPIOS. VER REPORTE DE REUNIONES DEL VRHRAPySB ACUMULADO REUNIÓN EN FECHA 26/05/2026 CON GAM AUCAPATA.
- SE HA REALIZADO LA REUNION DE SOCIALIZACION SOBRE LA GESTION DE PROYECTOS DE RIEGO AL MUNICIPIO DE CHUMA 21/07/2026. SE CUENTA CON ACTA DE REUNIÓN. 
 - SE HA REMITIDO EL INFORME DE EVALUACIÓN DEL EDTP CONSTRUCCION SISTEMA DE RIEGO TECNIFICADO VIQUIRI, ISALANI, OTOCORO Y CALLIPATA (GAM CHUMA).
 - SE ENCUENTRA EN PROCESO DE EVALUACION PRESA CANTON MARKA CHAJLAYA (GAM CHUMA).
 - SE SOSTUVO REUNIÓN DE EN FECHA 22/07/2026 CON LA PROVINCIA MUÑECAS (MUNICIPIOS DE CHUMA, AYATA Y ACUPATA) , EN LA CASA GRANDE DEL PUEBLO, PISO 8, EN LA CUAL PARTICIPARON LOS ALCALDES, CONCEJALES (AS) MUNICIPALES Y REPRESENTANTES DE LOS TRES (3) MUNICIPIOS, EN LA CUAL SE LES INFORMÓ ACERCA DEL PROGRAMA QUE SE TIENE VIGENTE GESTIÓN, RESILIENTE DEL AGUA PARA RIEGO COMUNITARIO Y FAMILIAR, SE LES EXPLICÓ LAS CARACTERÍSTICAS DEL PROGRAMA, CRITERIOS DE LEGIBILIDAD E INDICÓ QUE SE LES PUEDE GUIAR CON LA ELABORACIÓN DE LOS ITCPS Y EDTP, ASI MISMO PUEDEN SOLICTAR A SENARI O SEDERI PARA ELABORACIÓN DE SUS ITCPs. SE CUENTA CON ACTAS DE REUNIÓN.",GOBIERNO AUTONOMO MUNICIPAL DE CHUMA; GOBIERNO AUTONOMO MUNICIPAL DE AYATA; GOBIERNO AUTONOMO MUNICIPAL DE AUCAPATA,VRHRAPYSB,VRHRAPYSB,VRHRAPYSB
51,223,1,2026-05-18T04:00:00.000Z,2026-12-31T04:00:00.000Z,"FORTALECER LA COORDINACIÓN INTERINSTITUCIONAL PARA LA GESTIÓN DE PROYECTOS DE AGUA POTABLE, SANEAMIENTO BÁSICO, RIEGO, CONSERVACIÓN DE RECURSOS HÍDRICOS Y PROTECCIÓN DEL MEDIO AMBIENTE, PRIORIZANDO LAS NECESIDADES DE LOS MUNICIPIOS Y COMUNIDADES DE LA PROVINCIA MUÑECAS. ","SE SOSTUVO REUNIÓN EN FECHA 26/05/2026 CON EL GOBIERNO AUTÓNOMO MUNICIPAL DE AUCAPATA, CONCEJALES Y TÉCNICOS DEL MUNICIPIO, SE EXPUSO QUE EL MUNICIPIO NO HA SIDO BENEFICIADO CON PROYECTOS DE RIEGO DESDE LA GESTIÓN 2015, DEBIDO A LA FALTA DE PRESENTACIÓN DE SOLICITUDES POR PARTE DEL MUNICIPIO. A RAÍZ DE ELLOS SE EXPUSO EL PROGRAMA VIGENTE  DE RIEGO QUE SE TIENE GESTIÓN RESILIENTE DEL AGUA PARA RIEGO COMUNITARIO Y FAMILIAR. TRAS LA EXPLICACIÓN EL MUNICIPIO SE COMPROMETIÓ HACER LLEGAR SUS SOLICITUDES EN ESTUDIOS DE DISEÑO TÉCNICO DE PREINVERISÓN (EDTPs) E INFORMES TÉCNICOS DE CONDICIONES PREVIAS (ITCPs) PARA LOS COMPONENTES QUE ABARCA EL PROGRAMA GESTIÓN RESILIENTE DEL AGUA PARA RIEGO COMUNITARIO Y FAMILIAR HASTA EL 29/06/2026. HASTA LA FECHA NO SE TIENEN NINGUNA HOJA DE RUTA CON SOLICITUDES POR PARTE DE LOS MUNICIPIOS. VER REPORTE DE REUNIONES DEL VRHRAPySB ACUMULADO REUNIÓN EN FECHA 26/05/2026 CON GAM AUCAPATA.
- SE HA REALIZADO LA REUNION DE SOCIALIZACION SOBRE LA GESTION DE PROYECTOS DE RIEGO AL MUNICIPIO DE CHUMA 21/07/2026. SE CUENTA CON ACTA DE REUNIÓN. 
 - SE HA REMITIDO EL INFORME DE EVALUACIÓN DEL EDTP CONSTRUCCION SISTEMA DE RIEGO TECNIFICADO VIQUIRI, ISALANI, OTOCORO Y CALLIPATA (GAM CHUMA).
 - SE ENCUENTRA EN PROCESO DE EVALUACION PRESA CANTON MARKA CHAJLAYA (GAM CHUMA).
 - SE SOSTUVO REUNIÓN DE EN FECHA 22/07/2026 CON LA PROVINCIA MUÑECAS (MUNICIPIOS DE CHUMA, AYATA Y ACUPATA) , EN LA CASA GRANDE DEL PUEBLO, PISO 8, EN LA CUAL PARTICIPARON LOS ALCALDES, CONCEJALES (AS) MUNICIPALES Y REPRESENTANTES DE LOS TRES (3) MUNICIPIOS, EN LA CUAL SE LES INFORMÓ ACERCA DEL PROGRAMA QUE SE TIENE VIGENTE GESTIÓN, RESILIENTE DEL AGUA PARA RIEGO COMUNITARIO Y FAMILIAR, SE LES EXPLICÓ LAS CARACTERÍSTICAS DEL PROGRAMA, CRITERIOS DE LEGIBILIDAD E INDICÓ QUE SE LES PUEDE GUIAR CON LA ELABORACIÓN DE LOS ITCPS Y EDTP, ASI MISMO PUEDEN SOLICTAR A SENARI O SEDERI PARA ELABORACIÓN DE SUS ITCPs. SE CUENTA CON ACTAS DE REUNIÓN.",GOBIERNO AUTONOMO MUNICIPAL DE CHUMA; GOBIERNO AUTONOMO MUNICIPAL DE AYATA; GOBIERNO AUTONOMO MUNICIPAL DE AUCAPATA,VRHRAPYSB,,VRHRAPYSB
52,224,1,2026-05-18T04:00:00.000Z,2026-12-31T04:00:00.000Z,"FORTALECER LA SEGURIDAD HÍDRICA, LA PRODUCCIÓN AGROPECUARIA Y EL DESARROLLO SOSTENIBLE DE LA PROVINCIA PACAJES . ","SE SOSTUVO REUNIÓN EN FECHA 26/05/2026 CON EL GOBIERNO AUTÓNOMO MUNICIPAL DE AUCAPATA, CONCEJALES Y TÉCNICOS DEL MUNICIPIO, SE EXPUSO QUE EL MUNICIPIO NO HA SIDO BENEFICIADO CON PROYECTOS DE RIEGO DESDE LA GESTIÓN 2015, DEBIDO A LA FALTA DE PRESENTACIÓN DE SOLICITUDES POR PARTE DEL MUNICIPIO. A RAÍZ DE ELLOS SE EXPUSO EL PROGRAMA VIGENTE  DE RIEGO QUE SE TIENE GESTIÓN RESILIENTE DEL AGUA PARA RIEGO COMUNITARIO Y FAMILIAR. TRAS LA EXPLICACIÓN EL MUNICIPIO SE COMPROMETIÓ HACER LLEGAR SUS SOLICITUDES EN ESTUDIOS DE DISEÑO TÉCNICO DE PREINVERISÓN (EDTPs) E INFORMES TÉCNICOS DE CONDICIONES PREVIAS (ITCPs) PARA LOS COMPONENTES QUE ABARCA EL PROGRAMA GESTIÓN RESILIENTE DEL AGUA PARA RIEGO COMUNITARIO Y FAMILIAR HASTA EL 29/06/2026. HASTA LA FECHA NO SE TIENEN NINGUNA HOJA DE RUTA CON SOLICITUDES POR PARTE DE LOS MUNICIPIOS. VER REPORTE DE REUNIONES DEL VRHRAPySB ACUMULADO REUNIÓN EN FECHA 26/05/2026 CON GAM AUCAPATA.
- SE HA REALIZADO LA REUNION DE SOCIALIZACION SOBRE LA GESTION DE PROYECTOS DE RIEGO AL MUNICIPIO DE CHUMA 21/07/2026. SE CUENTA CON ACTA DE REUNIÓN. 
 - SE HA REMITIDO EL INFORME DE EVALUACIÓN DEL EDTP CONSTRUCCION SISTEMA DE RIEGO TECNIFICADO VIQUIRI, ISALANI, OTOCORO Y CALLIPATA (GAM CHUMA).
 - SE ENCUENTRA EN PROCESO DE EVALUACION PRESA CANTON MARKA CHAJLAYA (GAM CHUMA).
 - SE SOSTUVO REUNIÓN DE EN FECHA 22/07/2026 CON LA PROVINCIA MUÑECAS (MUNICIPIOS DE CHUMA, AYATA Y ACUPATA) , EN LA CASA GRANDE DEL PUEBLO, PISO 8, EN LA CUAL PARTICIPARON LOS ALCALDES, CONCEJALES (AS) MUNICIPALES Y REPRESENTANTES DE LOS TRES (3) MUNICIPIOS, EN LA CUAL SE LES INFORMÓ ACERCA DEL PROGRAMA QUE SE TIENE VIGENTE GESTIÓN, RESILIENTE DEL AGUA PARA RIEGO COMUNITARIO Y FAMILIAR, SE LES EXPLICÓ LAS CARACTERÍSTICAS DEL PROGRAMA, CRITERIOS DE LEGIBILIDAD E INDICÓ QUE SE LES PUEDE GUIAR CON LA ELABORACIÓN DE LOS ITCPS Y EDTP, ASI MISMO PUEDEN SOLICTAR A SENARI O SEDERI PARA ELABORACIÓN DE SUS ITCPs. SE CUENTA CON ACTAS DE REUNIÓN.",GOBIERNO AUTONOMO MUNICIPAL DE COROCORO; GOBIERNO AUTONOMO MUNICIPAL DE CAQUIAVIRI; GOBIERNO AUTONOMO MUNICIPAL DE CALACOTO; GOBIERNO AUTONOMO MUNICIPAL DE COMANCHE; GOBIERNO AUTONOMO MUNICIPAL DE CHARAÑA; GOBIERNO AUTONOMO MUNICIPAL DE WALDO BALLIVI,VRHRAPYSB,,VRHRAPYSB
53,225,1,2026-05-18T04:00:00.000Z,2026-12-31T04:00:00.000Z,"FORTALECER LA COORDINACIÓN INTERINSTITUCIONAL PARA LA GESTIÓN DE PROYECTOS DE AGUA POTABLE, SANEAMIENTO BÁSICO, RIEGO, CONSERVACIÓN DE RECURSOS HÍDRICOS Y PROTECCIÓN DEL MEDIO AMBIENTE, PRIORIZANDO LAS NECESIDADES DE LOS MUNICIPIOS Y COMUNIDADES DE LA PROVINCIA PACAJES. ","SE SOSTUVO REUNIÓN EN FECHA 14/07/2026 EN LA CASA GRANDE DEL PUEBLO PISO 8, EN LA CUAL ESTUVIERON PRESENTES LOS REPRESENTANTES DE LOS 8 MUNICIPIOS DE LA PROVINCIA DE PACAJES, BARTOLINAS, TUPAC KATARI. SE LES BRINDÓ INFORMACIÓN CON RESPECTO AL PROGRAMA QUE SE TIENE VIGENTE ""GESTIÓN, RESILIENTE DEL AGUA PARA RIEGO COMUNITARIO Y FAMILIAR"", SE LES EXPLICÓ LAS CARACTERÍSTICAS DEL PROGRAMA, CRITERIOS DE LEGIBILIDAD E INDICÓ QUE SE LES PUEDE GUIAR CON LA ELABORACIÓN DE LOS ITCPs Y EDTPs, ASIMISMO PUEDEN SOLICITAR A SENARI O SEDERI PARA ELABORACIÓN DE SUS ITCPs. EN LA MISMA EL ALCALDE DEL MUNICIPIO DE COMANCHE SOLICITÓ QUE SE RECONSIDERE LA RESTRICCIÓN SOBRE LOS SITIOS RAMSAR, ARGUMENTANDO QUE LOS MUNICIPIOS DE LA REGIÓN SE ENCUENTRAN DENTRO DE ESTA CATEGORÍA. ASIMISMO, INFORMÓ QUE REMITIRÁ DOS INFORMES TÉCNICOS DE CONDICIONES PREVIAS (ITCP) AL VICEMINISTERIO PARA SU RESPECTIVA CONSIDERACIÓN.

EL PROYECTO ""CONSTRUCCIÓN SISTEMA DE RIEGO TECNIFICADO PALCOMA ALTA"" DEL GAM COMANCHE SE ENCUENTRA EN EVALUACIÓN PARA EL PROGRAMA GESTION RESILIENTE.

EL PROYECTO ""CONSTRUCCIÓN SISTEMA DE RIEGO SUNIMURO"" DEL GAM COMANCHE, SE ENCUENTRA EN EVALUACIÓN PARA EL PROGRAMA GESTIÓN RESILIENTE.",GOBIERNO AUTONOMO MUNICIPAL DE COROCORO; GOBIERNO AUTONOMO MUNICIPAL DE CAQUIAVIRI; GOBIERNO AUTONOMO MUNICIPAL DE CALACOTO; GOBIERNO AUTONOMO MUNICIPAL DE COMANCHE; GOBIERNO AUTONOMO MUNICIPAL DE CHARAÑA; GOBIERNO AUTONOMO MUNICIPAL DE WALDO BALLIVI,VRHRAPYSB,,VRHRAPYSB
54,226,1,2026-06-26T04:00:00.000Z,2026-12-31T04:00:00.000Z,"SOLICITAN PROYECTOS DE AGUA, RIEGO, Y PERFORACION DE POZOS DE LA PROVINCIA AROMA",,GOBIERNO AUTONOMO MUNICIPAL DE AYO AYO; GOBIERNO AUTONOMO MUNICIPAL DE CALAMARCA; GOBIERNO AUTONOMO MUNICIPAL DE COLLANA; GOBIERNO AUTONOMO MUNICIPAL DE COLQUENCHA; GOBIERNO AUTONOMO MUNICIPAL DE PATACAMAYA; GOBIERNO AUTONOMO MUNICIPAL DE SICA SICA; ,VRHRAPYSB,VRHRAPYSB,VRHRAPYSB
55,227,1,2026-06-26T04:00:00.000Z,2026-12-31T04:00:00.000Z,"IMPULZAR Y PRIORIZAR LOS PROYECTOS DE AGUA, RIEGO EN LA PROVINCIA MURILLO","EL VICEMINISTERIO PRIORIZÓ EL ITCP DEL PROYECTO ""CONSTRUCCIÓN SISTEMA DE RIEGO CHAÑURANI"", QUE BENEFICIA A 65 FAMILIAS DEL MUNICIPIO DE PALCA, DE LA PROVINCIA MURILLO.",GOBIERNO AUTONOMO MUNICIPAL DE AYO AYO; GOBIERNO AUTONOMO MUNICIPAL DE CALAMARCA; GOBIERNO AUTONOMO MUNICIPAL DE COLLANA; GOBIERNO AUTONOMO MUNICIPAL DE COLQUENCHA; GOBIERNO AUTONOMO MUNICIPAL DE PATACAMAYA; GOBIERNO AUTONOMO MUNICIPAL DE SICA SICA; ,VRHRAPYSB,,VRHRAPYSB
56,228,1,2026-06-23T04:00:00.000Z,2026-12-31T04:00:00.000Z,"SE GESTIONARA REUNION CON EL VICE MINISTERIO DE RECURSO HIDRICOS, RIEGO Y AGUA POTABLE Y SANEAMIENTO BASICO Y EL FONDO DE DESARROLLO PRODUCTIVO Y SOCIAL ",,CENTRALES AGRARIAS DE LA PROVINCIA INQUISIVI; FEDERACION DEPARTAMENTAL BARTOLINA SISA; MUNICIPIOS DE LA PROVINCIA INQISIVI; GOBIERNO AUTONOMO MUNICIPAL DE CAJUATA; GOBIERNO AUTONOMO MUNICIPAL DE ICHOCA; GOBIERNO AUTONOMO MUNICIPAL DE QUIME; GOBIERNO ,VRHRAPYSB,VRHRAPYSB,VRHRAPYSB
57,229,1,2026-05-19T04:00:00.000Z,2026-12-31T04:00:00.000Z,"SE GESTIONARA REQUISITOS Y TODA INFORMACION CON REFERENCIA A PROYECTOS DE RIEGO, AGUA POTABLE Y SANEAMIENTO ","DESDE LA FECHA DE LA FIRMA DEL ACUERDO, LA ASOCIACIÓN DE GOBIERNOS AUTÓNOMOS MUNICIPALES DEL DEPARTAMENTO DE LA PAZ NO SE APERSONÓ AL VICEMINISTERIO A OBJETO DE COORDINAR LA GESTIÓN DE FINANCIAMIENTO DE PROYECTOS. SIN EMBARGO, EL VICEMINISTERIO DE RECURSOS HÍDRICOS, RIEGO, AGUA POTABLE Y SANEAMIENTO BÁSICO GENERÓ ESPACIOS DE CAPACITACIÓN PARA EXPLICAR LOS PROCEDIMIENTOS O PASOS A SEGUIR PARA LA GESTIÓN DE FINANCIAMIENTO; ESTA CAPACITACIÓN TUVO LUGAR EN EL DEPARTAMENTO DE LA PAZ EN FECHA 27 DE JULIO DE 2026 Y ESTUVO DIRIGIDA AL PERSONAL TÉCNICO DE LOS GOBIERNOS AUTÓNOMOS MUNICIPALES. ",ASOCIACIÓN DE GOBIERNOS AUTÓNOMOS MUNICIPALES DEL DEPARTAMENTO DE LA PAZ,VRHRAPYSB,,VRHRAPYSB
58,230,1,2026-05-19T04:00:00.000Z,2026-12-31T04:00:00.000Z,SE SOLICITA COORDINACION PARA GESTIONAR PROYECTOS DE RIEGO Y AGUA POTABLE Y SANEMIENTO ,"DESDE LA FECHA DE LA FIRMA DEL ACUERDO, LA ASOCIACIÓN DE GOBIERNOS AUTÓNOMOS MUNICIPALES DEL DEPARTAMENTO DE LA PAZ NO SE APERSONÓ AL VICEMINISTERIO A OBJETO DE COORDINAR LA GESTIÓN DE FINANCIAMIENTO DE PROYECTOS. SIN EMBARGO, EL VICEMINISTERIO DE RECURSOS HÍDRICOS, RIEGO, AGUA POTABLE Y SANEAMIENTO BÁSICO GENERÓ ESPACIOS DE CAPACITACIÓN PARA EXPLICAR LOS PROCEDIMIENTOS O PASOS A SEGUIR PARA LA GESTIÓN DE FINANCIAMIENTO; ESTA CAPACITACIÓN TUVO LUGAR EN EL DEPARTAMENTO DE LA PAZ EN FECHA 27 DE JULIO DE 2026 Y ESTUVO DIRIGIDA AL PERSONAL TÉCNICO DE LOS GOBIERNOS AUTÓNOMOS MUNICIPALES. ",ASOCIACIÓN DE GOBIERNOS AUTÓNOMOS MUNICIPALES DEL DEPARTAMENTO DE LA PAZ,VRHRAPYSB,,VRHRAPYSB
59,231,1,2026-06-30T04:00:00.000Z,2026-12-31T04:00:00.000Z,APOYO AL RIEGO DEL MUNICIPIO DE LURIBAY ZONA PRODUCTIVA DE VINO Y SINGANI,,"FEDERACION DE JUNTAS VECINALES DE VIACHA; DISTRITO 1,4,5,6,7 CIUDAD DE EL ALTO; FEDERACION DE JUNTAS VECINALES DEL  MUNICIPIO SICA SICA; PROVINCIA MURILLO; PROVINCIA PALCA; PROVINCIA OMASUYOS; GOBIERNO AUTONOMO MUNICIPAL DE SANTIAGO DE HUATA; GOBIERN",VRHRAPYSB,VRHRAPYSB,VRHRAPYSB
60,232,1,2026-06-21T04:00:00.000Z,2026-12-31T04:00:00.000Z,"SOLICITAN SE REALICE POZOS,PROYECTOS DE RIEGO Y EQUIPAMIENTO PARA EL DESARROLLO DE LAPRODUCCION AGRICOLA.","MEDIANTE NOTA CAR/MDPRyA/VRHRAPySB/DGR/UPyPR N° 0240/2026, DE FECHA 23 DE JUNIO DE 2026, SE COMUNICÓ EL PROCEDIMIENTO A SEGUIR PARA LA GESTIÓN DE FINANCIAMIENTO DE PROYECTOS DE RIEGO, LOS CUALES DEBEN SER PRIORIZADOS POR LOS GAMs. ESPECÍFICAMENTE PARA LOS PROYECTOS ""CONSTRUCCIÓN DEL PROYECTO DE REPRESA MISKINI"" Y ""CONSTRUCCIÓN DEL PROYECTO DE REPRESA KALICANTU"", A LA FECHA NO SE RECIBIÓ NINGUNA RESPUESTA CON LOS PROYECTOS.",FEDERACION DE JUNTAS VECINALES DEL  MUNICIPIO SICA SICA; COMITÉ CIVICO DE SICA SICA; COMITÉ IMPULSOR DE SICA SICA,VRHRAPYSB,,VRHRAPYSB
61,233,1,2026-05-21T04:00:00.000Z,2026-12-31T04:00:00.000Z,"SOLICITAN LA MODIFICACION A LA CONTINUIDAD DEL CONTRATO DEL PROYECTO ""PRESA SENKATA ALTA"" ","PROGRAMA MÁS INVERSIÓN PARA EL RIEGO II – MEJORA DEL RIEGO TRADICIONAL Y TECNIFICADO (MI RIEGO II)N° CFA: 9757AVANCE FINANCIERO: 55,5%AVANCE FÍSICO: 43,11%
ESTADO: EL PROYECTO SE ENCUENTRA PARALIZADO POR CONTRATO MODIFICATORIO 1FUENTES DE FINANCIAMIENTO: GAM, GAD Y FUENTE CAFPLANILLAS PAGADAS: 1, 2 Y 3 DESEMBOLSADAS (1.055.710,09 Bs o 1.055.710,09 bolivianos)
SE SOSTUVIERON REUNIONES EN FECHAS 02/07/26 Y 27/07/26 PARA EVALUAR LA SITUACIÓN DEL PROYECTO. SE CUENTA CON ACTAS.",GOBIERNO AUTONOMO MUNICIPAL DE CALAMARCA,VRHRAPYSB,,VRHRAPYSB
62,260,1,2026-07-13T14:00:00.000Z,2026-10-13T04:00:00.000Z,SE SOLICITO INFORMACION DEL ESTADO DE PROYECTOS DEL FONADIN EN LA MANCOMUNIDAD,EL FONADIN INFORMO QUE ESTA A LA ESPERA DE LA MODIFICACION PRESSUPUESTARIA,MANCOMUNIDAD DE LOS YUNGAS,VDADI-FONADIN,TAMARA RAMOS,FONADIN
63,260,2,2026-07-13T04:00:00.000Z,2026-10-13T04:00:00.000Z,SE SOLICITO INFORMACION DEL ESTADO DE PROYECTOS DEL FFDI,"EL FDI INFORMO QUE DE LA MANCOMUNIDAD EXISTEN MUCHOS PROYECTOS SIN CIERRE ADMINISTRATIVO, SITUACION OBSERVADA POR EL VIPFE",MANCOMUNIDAD DE LOS YUNGAS,VDADI-FDI,VDADI-FDI,FDI
64,260,3,2026-07-13T04:00:00.000Z,2026-10-13T04:00:00.000Z,SE SOLICITO INFORMACION DEL ESTADO DE PROYECTOS DEL PAR III,"DEL PROGRAMA PAR III EMPODERAR EXPLICO QUE PROXIMAMENTE SE LANZARA EL PROGRAMA NACIONAL DE PUENTES PARA EL DESARROLLO ""MI PUENTE"" CON FINANCIAMIENTO CAF",MANCOMUNIDAD DE LOS YUNGAS,VDADI-EMPODERAR,VDADI-EMPODERAR,EMPODERAR
65,260,4,2026-07-13T04:00:00.000Z,2026-08-13T04:00:00.000Z,SE SOLICITO INFORMACION DEL ESTADO DE PROYECTOS DE LA UPRE,LA UPRE INFORMO QUE VARIAS EMPRESAS CONSTRUCTORAS QUIEREN RESCINDIR SU CONTRATO Y ESTO SE ANALIZARA CASO POR CASO POR CADA MUNICIPIO ,MANCOMUNIDAD DE LOS YUNGAS,UPRE,UPRE,UPRE
66,260,5,2026-08-13T14:05:00.000Z,2026-08-13T13:05:00.000Z,SE SOLICITO INFORMACION DEL ESTADO DE PROYECTOS AL FPS ,"EL FPS EXPLICO QUE NO TODAS LAS SOLICITUDES DE LOS GAM FUERON APROBADOS POR FALTA DE DOCUMENTOS, SE EVALUARAN LAS SOLICITUDES ",MANCOMUNIDAD DE LOS YUNGAS,FPS,FPS,FPS
67,260,6,2026-07-13T14:01:00.000Z,2026-10-13T14:08:00.000Z,SE SOLICITO INFORMACION DEL ESTADO DE PROYECTOS DEL VICEMNISTERIO DE RECURSOS HIDRICOS ,EL VICEMINISTERIO INFORMO QUE EL 19 DE MAYO DEL 2026 YA ENTREGO LOS FORMATOS PARA LA ELABORACION DE PROPUESTAS ,MANCOMUNIDAD DE LOS YUNGAS,VHRHRAPySB,VHRHRAPySB,VRHRAPySB
68,294,1,2026-09-09T04:00:00.000Z,2026-09-10T04:00:00.000Z,DFDFG,DFGFDG,DGDFG,DGDFG,DGDFG,Ministerio de PlanificaciÃ³n y Desarrollo 
