idconvenioseguimiento,idconveniopunto,fechasegconv,estado,fuente,referenciafuente,datoscontacto,seguimientocumplimiento,observaciones
5,1,2021-08-23T18:55:00.000Z,CONCLUIDO,AQUIIII,fsadf,sdafsd,fsadfsda,fsadfsda
6,2,2021-08-23T19:01:00.000Z,EN PROCESO,2,2,2,2,2
7,1,2021-08-24T01:08:00.000Z,CONCLUIDO,La Razon,Pedro lirivo,7887171,Se hafjdasdkfasd lkasdflkasdf,fasdfsadfasd
8,4,2021-08-23T23:48:00.000Z,CONCLUIDO,fasdfdsa,fasdfdsa,fasdfsad,fsadfsdaf,fasdfsdafsda
9,4,2021-08-23T16:49:00.000Z,EN PROCESO,fsadfd,asdfsad,fsadfsda,fasdfsda,gjhgffjg
10,5,,EN PROCESO,mi casa,mi casa1,mi casa 2,buena suerte en el tratado de informacion que corresponda a la intervencion sistematica de las probabilidades,ninguna
12,5,2021-08-31T18:31:00.000Z,CONCLUIDO,ninguna,ninguna,no se tiene,no se dio seguimiento,mal hechas
13,7,,CONCLUIDO,Pagina 7,www.pagina87.com/ajhd,www.pag7,Se ha realizo la entrega de 100 vacunas,Se genera el documento firmas.pdf
14,10,2022-11-24T04:00:00.000Z,CONCLUIDO,Pagina 7,"Pagina 7, www.pagina7.bo",,Se ha atendido el punto,observacion al punto
15,13,2026-01-21T04:00:00.000Z,CONCLUIDO,MDPRyA,https://produccion.gob.bo/index.php/nota_prensa/%F0%9D%90%8C%F0%9D%90%A2%F0%9D%90%A7%F0%9D%90%A2%F0%9D%90%AC%F0%9D%90%AD%F0%9D%90%AB%F0%9D%90%A8-%F0%9D%90%89%F0%9D%90%AE%F0%9D%90%AC%F0%9D%90%AD%F0%9D%90%A2%F0%9D%90%A7%F0%9D%90%A2%F0%9D%90%9A/,https://produccion.gob.bo/index.php/nota_prensa/%F0%9D%90%8C%F0%9D%90%A2%F0%9D%90%A7%F0%9D%90%A2%F0%9D%90%AC%F0%9D%90%AD%F0%9D%90%AB%F0%9D%90%A8-%F0%9D%90%89%F0%9D%90%AE%F0%9D%90%AC%F0%9D%90%AD%F0%9D%90%A2%F0%9D%90%A7%F0%9D%90%A2%F0%9D%90%9A/,"Por su parte el representante del transporte, Dardo Arteaga, a tiempo de expresar su predisposición al diálogo, agradeció la intervención del Ministro Oscar Mario Justiniano, para destrabar un conflicto que afecta a toda la población.
«Es el inicio de una transformación basada en la consecuencia con el sector y la conciencia con la población. El ajuste del Gobierno ya se hizo y ahora buscamos que ese beneficio llegue directamente al bolsillo del ciudadano», concluyó Justiniano.",Concenso para destrabar el conflicto generado por el DS 5503
16,14,2025-12-22T04:00:00.000Z,CONCLUIDO,informe MDPRyA,informe MDPRyA,,"el diálogo se centró en soluciones estructurales para garantizar el abastecimiento de combustible, la importación directa, biotecnología y tecnificación, además de los alcances del Decreto Supremo 5503.",on esto se tiene una buena aceptación al trabajo planteado con el DS5503
17,18,2025-12-26T04:00:00.000Z,EN PROCESO,informe MDPRyA,informe MDPRyA,informe MDPRyA,"El proyecto de construcción del sistema de agua potable Candelaria beneficiará a 157 familias y tendrá un costo de Bs 1.925.749, el cual es financiado en su totalidad por el Banco Interamericano de Desarrollo (BID). El plazo para concretar esta importante obra es de 90 días y la entidad ejecutora es EMAGUA.",
18,19,2025-12-29T04:00:00.000Z,CONCLUIDO,informe MDPRyA,https://produccion.gob.bo/index.php/nota_prensa/gobierno-y-gremiales-acuerdan-mesas-tecnicas-para-reestructurar-la-economia-y-modernizar-el-sistema-impositivo-en-el-pais/,https://produccion.gob.bo/index.php/nota_prensa/gobierno-y-gremiales-acuerdan-mesas-tecnicas-para-reestructurar-la-economia-y-modernizar-el-sistema-impositivo-en-el-pais/,"Con el objetivo de estabilizar la economía y promover la paz social, el Ministro de Desarrollo Productivo, Óscar Mario Justiniano, junto al Ministro de Economía y Finanzas Públicas, José Gabriel Espinoza, sostuvieron este lunes una reunión con gremiales en Santa Cruz, en la misma se acordó el inicio de mesas de trabajo en torno al Decreto Supremo 5503 y Sistema Integrado Especial de Transición para Emprendedores al Régimen General. Esta medida busca beneficiar de manera directa a gremiales, comerciantes, transportistas, artesanos y productores, dejando atrás modelos económicos agotados e inquisitivos.

Durante su intervención, el Ministro Justiniano enfatizó que el objetivo central del Gobierno es la reconstrucción de una economía que fue recibida en condiciones críticas. «Estamos dando señales de avance por instrucción del presidente Rodrigo Paz, este decreto es una herramienta para reestructurar el país de la mano de quienes producen. Reitero nuevamente el agradecimiento por estos espacios de diálogo como tiene que ser, no con marcha, no con bloqueo, no con intereses políticos para llevar y arrastrar nuevamente a esas viejas prácticas corruptas. Ahora, todos estamos con una visión distinta, la cual es de construcción en beneficio de la patria», afirmó la autoridad.

Justiniano destacó que el nuevo enfoque busca crear un sistema impositivo adecuado y no inquisitivo, eliminando prácticas de extorsión al contribuyente que caracterizaron gestiones pasadas.

Por su parte el ministro de Economía y Finanzas Públicas, José Gabriel Espinoza, señaló que se analizan una serie de medidas en favor del sector gremial, que van desde la posibilidad del perdonazo tributario, medidas aduaneras, y la tributación electrónica, entre otros puntos los cuales están enfocados en cambiar el rumbo de la economía del país.

A su turno el máximo ejecutivo de la Confederación de Gremiales, Cesar Gonzales, calificó el encuentro como un momento histórico tras 20 años de conflictos por temas impositivos y facturación electrónica.

«El Decreto 5503 es una salvaguarda para el trabajador por cuenta propia. Por primera vez en décadas, tenemos las puertas abiertas para construir soluciones en lugar de estar en las calles», señaló el dirigente nacional.

Críticas a la dirigencia de la COB

Al ser consultado sobre las movilizaciones de la Central Obrera Boliviana (COB), el Ministro Oscar Mario Justiniano lamentó que ciertas dirigencias sigan «atadas al pasado» e influenciadas por actores que dañaron la economía.

«Me hubiera encantado ver a la COB marchar cuando el transporte esperaba siete días por combustible o cuando los productores no podían llegar al mercado. En ese entonces callaron», cuestionó el Ministro, reafirmando que el camino del Gobierno será el diálogo y no la confrontación política.",
19,20,2025-12-29T04:00:00.000Z,CONCLUIDO,,,,"1. Reunión de Alto Nivel
El Ministro de Desarrollo Productivo, Rural y Agua, Óscar Mario Justiniano, junto a los viceministros Gustavo Serrano y Ernesto Justiniano, se reunió con productores interculturales y organizaciones sociales del municipio para establecer directrices de desarrollo y escuchar demandas locales.

2. Atención a Desastres Naturales (Riadas)
Uno de los temas más urgentes fue la afectación por las recientes riadas que dañaron cultivos y caminos vecinales. El Ministro se comprometió a:

Canalizar recursos: Activar mecanismos para la reparación inmediata de rutas críticas para sacar la producción.

Manejo de cuencas: Realizar trabajos técnicos para ""enderezar"" el cauce del río y prevenir futuros desbordes que afecten la transitabilidad y la producción.

3. Socialización del DS 5503 y Tecnificación
A diferencia de las protestas en otras regiones, en Yapacaní el diálogo se centró en la industrialización y la tecnificación:

Se discutió cómo el sector puede aprovechar el arancel cero para importar maquinaria que mejore su productividad.

El Gobierno ofreció apoyo para identificar productos con potencial de exportación y facilitar su acceso a nuevos mercados.

4. Clima de Unidad
El alcalde de Yapacaní, Juan Carlos Valles, destacó que el municipio ""no necesita peleas, necesita unidad y desarrollo"", validando la presencia de las autoridades nacionales como una señal de certidumbre para el sector agropecuario de la zona.",
20,21,2026-01-09T04:00:00.000Z,EN PROCESO,informe MDPRyA gemini,informe MDPRyA,informe MDPRyA,Inicio de las obras de bacheo y mantenimiento de las rutas vecinales críticas afectadas por las lluvias.,
21,25,2026-01-09T04:00:00.000Z,CONCLUIDO,,,,"se analizó la estructura de precios junto a productores, frigoríficos y comercializadores, con el fin de transparentar los costos y ofrecer a la población información clara.
reafirmó su compromiso de seguir construyendo soluciones a través del diálogo, priorizando el abastecimiento seguro y la protección de la economía de las familias bolivianas.",
22,26,,CONCLUIDO,,,GOBIERNO AUTONOMO MUNICIPAL DE COROICO; GOBIERNO AUTONOMO MUNICIPAL DE CORIPATA,,
23,27,2026-06-12T14:00:00.000Z,CONCLUIDO,ACTA DE REUNION,ACTA DE REUNIÓN 12 de junio de 2026,MUJERES CAMPESINAS BARTOLINA SISA; ALCALDE DE INQUISIVI;MUNICIPIO DE CAJUATA; MUNICIPIO DE ICHOCA;MUNICIPIO DE QUIME;VILLA LIBERTAD LICOM;PROVINCA INQUISIVI,"SE HA PRIORIZADO LA ELABORACION DE EDTP CONSTRUCCIÓN SISTEMA DE RIEGO POR GOTEO LUJMANI (GAM CAJUATA)
SE HA REVISADO PROYECTO ""SISTEMA DE RIEGO SANTA ROSA"" GAM LICOMA PAMPA, EN PROCESO DE AJUSTE POR EL GAM.
ESTA EN PROCESO DE EVALUACION EDTP CONSTRUCCIÓN REPRESA VILLA ESPERANZA Y SISTEMA DE RIEGO TECNIFICADO DISTRITO II CIRCUATA (GAM CAJUATA).",ACTA DE REUNIÓN
24,28,,CONCLUIDO,ACTA DE REUNION,https://drive.google.com/drive/folders/18GdMqiaubRZrf8gRIDyBOg6kAaLTiGZv?usp=drive_link,GOBIERNO AUTONOMO MUNICIPAL DE ANCORAIMES; GOBIERNO AUTONOMO MUNICIPAL DE CHUA; GOBIERNO AUTONOMO MUNICIPAL CHUA COCANI; GOBIERNO AUTONOMO MUNICIPA HUARINA; GOBIERNO AUTONOMO MUNICIPAL DE HUATAJATA; GOBIERNO AUTONOMO MUNICIPAL DE SANTIAGO DE HUATA,"PARA ORGANIZAR REUNIONES Y DAR ATENCIÓN A SUS SOLICITUDES, DUDAS, CONSULTAS O SEGUIMIENTO AL ESTADO DE SUS PROYECTOS, EN TODAS LAS DIRECCIONES. 
ASI MISMO, SE GARANTIZA LA PRIORIZACIÓN DE LOS PROYECTOS TODA VEZ QUE LAS ETAs (ENTIDADES TERRITORIALES AUTONOMAS) PRESENTEN SUS PROYECTOS EN CORTO PLAZO QUE CUMPLAN NORMATIVA VIGENTE DEL SECTOR, YA QUE NO SE PODRIA  ASEGURAR EL FINANCIAMIENTO SIN QUE HAYA UNA SOLICITUD PREVIA Y PRESENTACION DEL PROYECTO POR PARTE DEL GAM.
DE IGUAL MANERA, SE GESTIONÓ  Y ORGANIZARON TALLERES A NIVEL NACIONAL PARA FORTALECER EN EL TEMA DE ELABORACIÓN DE ITCP Y EDTP INVITANDO A TODOS LOS GAMs.","LAS INSTITUCIONES PARTICIPANTES ACUERDAN FORTALECER LA COORDINACIÓN INTERINSTITUCIONAL PARA PROMOVER LA EJECUCIÓN DE PROYECTOS DE INFRAESTRUCTURA Y DESARROLLO SOCIAL EN LA PROVINCIA OMASUYOS, ASEGURANDO QUE LAS INTERVENCIONES RESPONDAN A LAS NECESIDADES DE LA POBLACIÓN Y SE DESARROLLEN CON LA PARTICIPACIÓN DE LAS COMUNIDADES INDÍGENA ORIGINARIO CAMPESINAS, LAS ORGANIZACIONES SOCIALES Y LA SOCIEDAD CIVIL."
25,29,,CONCLUIDO,ACTA DE REUNION,https://drive.google.com/drive/folders/1VFg0ZMMxi0NpEzxHUCeWrxmiIdYDndcA?usp=drive_link,,"SE ESTA REALIZANDO LA COORDINACION CON EL MUNICIPIO.
SE PRIORIZO EL PROYECTO Y ESTA SIENDO INCORPORADO A UN NUEVO PROGRAMA INTEGRAL PARA LA PRODUCCION DE CULTIVO DE PAPA, SE ESTA TRABAJANDO EN LAS GESTIONES DEL PROGRAMA.",
26,30,2026-06-30T20:00:00.000Z,CONCLUIDO,ACTA DE REUNION,ACTA DE REUNIÓN DE 30 DE JUNIO DE 2026,"CRISTOBAL RIQUELME 71254910, JOSE LUIS TOLEDO GAM CAJUATA 76777183","SEGÚN LA BASE DE DATOS, NO EXISTEN NUEVAS SOLICITUDES DEL MUNICIPIO DE INQUISIVI, ACTUALMENTE EL MUNICIPIO ES BENEFICIADO CON UN PROYECTO EN LA FASE DE INVERISÓN EN EL PORGRAMA PRITEC.
EN FECHA 30 DE JUNIO SE TUVO REUNIÓN CON EL GAM CAJUATA INQUISIVI PARA EXPLICAR SOBRE LA GESTIÓN DE LOS PROYECTOS DE RIEGO MENOR.",ACTA DE REUNIÓN DE 30 DE JUNIO
27,31,,CONCLUIDO,ACTA DE REUNION,ACTA DE REUNIÓN,"ELIAS TRIGO 72852259, MARCELA JOFRE 69993694","SE HA PRIORIZADO LA ELABORACION DE EDTP CONSTRUCCIÓN SISTEMA DE RIEGO POR GOTEO LUJMANI (GAM CAJUATA)
SE HA REVISADO PROYECTO ""SISTEMA DE RIEGO SANTA ROSA"" GAM LICOMA PAMPA, EN PROCESO DE AJUSTE POR EL GAM.
ESTA EN PROCESO DE EVALUACION EDTP CONSTRUCCIÓN REPRESA VILLA ESPERANZA Y SISTEMA DE RIEGO TECNIFICADO DISTRITO II CIRCUATA (GAM CAJUATA). EN FECHA 30/06/26 SE SOSTUVO UNA REUNIÓN CON EL GAM CAJUATA, DONDE SE REVISÓ EL ESTADO ACTUAL DEL PROYECTO  “MEJORAMIENTO Y AMPLIACIÓN SISTEMA DE AGUA POTABLE AGUA RICA- CAJUATA”, EL CUAL CUMPLE CON LA NORMATIVA Y ESTÁ A LA ESPERA PARA SU FINANCIAMIENTO.
A LA FECHA SE ESTA A LA ESPERA DE UNA FUENTE DE FINANCIAMIENTO PARA EL PROYECTO. ",ACTAS DE REUNIÓN
28,32,,CONCLUIDO,ACTA DE REUNION,https://drive.google.com/drive/folders/18GdMqiaubRZrf8gRIDyBOg6kAaLTiGZv?usp=drive_link,,"SE REALIZA LA COORDINACIÓN CON LOS GAM SOLICITANTES PARA ORGANIZAR REUNIONES Y DAR ATENCIÓN A SUS SOLICITUDES, DUDAS, CONSULTAS O SEGUIMIENTO AL ESTADO DE SUS PROYECTOS, EN TODAS LAS DIRECCIONES. 
ASI MISMO, SE GARANTIZA LA PRIORIZACIÓN DE LOS PROYECTOS TODA VEZ QUE LAS ETAs (ENTIDADES TERRITORIALES AUTONOMAS) PRESENTEN SUS PROYECTOS EN CORTO PLAZO QUE CUMPLAN NORMATIVA VIGENTE DEL SECTOR, YA QUE NO SE PODRIA  ASEGURAR EL FINANCIAMIENTO SIN QUE HAYA UNA SOLICITUD PREVIA Y PRESENTACION DEL PROYECTO POR PARTE DEL GAM.
DE IGUAL MANERA, SE GESTIONÓ  Y ORGANIZARON TALLERES A NIVEL NACIONAL PARA FORTALECER EN EL TEMA DE ELABORACIÓN DE ITCP Y EDTP INVITANDO A TODOS LOS GAMs.","LAS INSTITUCIONES PARTICIPANTES ACUERDAN FORTALECER LA COORDINACIÓN INTERINSTITUCIONAL PARA PROMOVER LA EJECUCIÓN DE PROYECTOS DE INFRAESTRUCTURA Y DESARROLLO SOCIAL EN LA PROVINCIA OMASUYOS, ASEGURANDO QUE LAS INTERVENCIONES RESPONDAN A LAS NECESIDADES DE LA POBLACIÓN Y SE DESARROLLEN CON LA PARTICIPACIÓN DE LAS COMUNIDADES INDÍGENA ORIGINARIO CAMPESINAS, LAS ORGANIZACIONES SOCIALES Y LA SOCIEDAD CIVIL."
29,33,,CONCLUIDO,ACTA DE REUNION,https://drive.google.com/drive/folders/1R3ZKxSvumzUA8a4La3qLUm6SSfRdNWh0?usp=drive_link,,"SE REALIZA LA COORDINACIÓN CON LOS GAM SOLICITANTES PARA DAR ATENCIÓN A SUS SOLICITUDES Y ORGANIZAN REUNIONES PARA DAR ATENCIÓN A SUS DUDAS, CONSULTAS O SEGUIMIENTO AL ESTADO DE SUS PROYECTOS, EN TODAS LAS DIRECCIONES. ASI MISMO, SE GESTIONÓ  Y ORGANIZARON TALLERES A NIVEL NACIONAL PARA FORTALECER EN EL TEMA DE ELABORACIÓN DE ITCP Y EDTP INVITANDO A TODOS LOS GAMs.","LAS INSTITUCIONES PARTICIPANTES ACUERDAN FORTALECER LA COORDINACIÓN ENTRE EL MINISTERIO DE MEDIO AMBIENTE Y AGUA Y EL VICEMINISTERIO DE JUSTICIA INDÍGENA ORIGINARIA CAMPESINA Y COORDINACIÓN CON MOVIMIENTOS SOCIALES Y SOCIEDAD CIVIL, PARA IMPULSAR ACCIONES ORIENTADAS A LA PROTECCIÓN DE LOS RECURSOS HÍDRICOS Y DEL MEDIO AMBIENTE, PROMOVIENDO LA PARTICIPACIÓN ACTIVA DE LAS COMUNIDADES INDÍGENA ORIGINARIO CAMPESINAS Y LAS ORGANIZACIONES SOCIALES EN LA GESTIÓN AMBIENTAL Y EL DESARROLLO SOSTENIBLE DE LA PROVINCIA OMASUYOS."
30,34,,CONCLUIDO,ACTA DE REUNION,https://drive.google.com/drive/folders/1tpTxX-qFv7l0YXTWE8uPMu72tDzxGV4a?usp=drive_link,,"SE REALIZA LA COORDINACIÓN CON LOS GAM SOLICITANTES PARA ORGANIZAR REUNIONES Y DAR ATENCIÓN A SUS SOLICITUDES, DUDAS, CONSULTAS O SEGUIMIENTO AL ESTADO DE SUS PROYECTOS, EN TODAS LAS DIRECCIONES. 
ASI MISMO, SE GARANTIZA LA PRIORIZACIÓN DE LOS PROYECTOS TODA VEZ QUE LAS ETAs (ENTIDADES TERRITORIALES AUTONOMAS) PRESENTEN SUS PROYECTOS EN CORTO PLAZO QUE CUMPLAN NORMATIVA VIGENTE DEL SECTOR, YA QUE NO SE PODRIA  ASEGURAR EL FINANCIAMIENTO SIN QUE HAYA UNA SOLICITUD PREVIA Y PRESENTACION DEL PROYECTO POR PARTE DEL GAM.
DE IGUAL MANERA, SE GESTIONÓ  Y ORGANIZARON TALLERES A NIVEL NACIONAL PARA FORTALECER EN EL TEMA DE ELABORACIÓN DE ITCP Y EDTP INVITANDO A TODOS LOS GAMs.","LAS PARTES ACORDARON ESTABLECER UNA COORDINACIÓN PERMANENTE 
PARA IMPULSAR LA IDENTIFICACIÓN, PRIORIZACIÓN Y GESTIÓN DE PROYECTOS DE AGUA, RIEGO Y APROVECHAMIENTO SOSTENIBLE DE LOS RECURSOS HÍDRICOS EN BENEFICIO DE LOS MUNICIPIOS Y COMUNIDADES DE LA PROVINCIA INGAVI."
31,35,,CONCLUIDO,ACTA DE REUNION,https://drive.google.com/drive/folders/1tpTxX-qFv7l0YXTWE8uPMu72tDzxGV4a?usp=drive_link,,"SE REALIZA LA COORDINACIÓN CON LOS GAM SOLICITANTES PARA ORGANIZAR REUNIONES Y DAR ATENCIÓN A SUS SOLICITUDES, DUDAS, CONSULTAS O SEGUIMIENTO AL ESTADO DE SUS PROYECTOS, EN TODAS LAS DIRECCIONES. 
ASI MISMO, SE GARANTIZA LA PRIORIZACIÓN DE LOS PROYECTOS TODA VEZ QUE LAS ETAs (ENTIDADES TERRITORIALES AUTONOMAS) PRESENTEN SUS PROYECTOS EN CORTO PLAZO QUE CUMPLAN NORMATIVA VIGENTE DEL SECTOR, YA QUE NO SE PODRIA  ASEGURAR EL FINANCIAMIENTO SIN QUE HAYA UNA SOLICITUD PREVIA Y PRESENTACION DEL PROYECTO POR PARTE DEL GAM.
DE IGUAL MANERA, SE GESTIONÓ  Y ORGANIZARON TALLERES A NIVEL NACIONAL PARA FORTALECER EN EL TEMA DE ELABORACIÓN DE ITCP Y EDTP INVITANDO A TODOS LOS GAMs.","SE BRINDARÁ ASISTENCIA TÉCNICA Y ORIENTACIÓN SOBRE LOS PROGRAMAS, REQUISITOS Y MECANISMOS DE FINANCIAMIENTO VIGENTES PARA LA FORMULACIÓN Y EJECUCIÓN DE PROYECTOS DEL SECTOR. POR SU PARTE, EL VICEMINISTERIO DE JUSTICIA INDÍGENA ORIGINARIA CAMPESINA Y COORDINACIÓN CON MOVIMIENTOS SOCIALES Y SOCIEDAD CIVIL FACILITARÁ LA ARTICULACIÓN CON LAS AUTORIDADES INDÍGENA ORIGINARIO CAMPESINAS, ORGANIZACIONES SOCIALES Y GOBIERNOS AUTÓNOMOS MUNICIPALES PARA LA IDENTIFICACIÓN Y PRIORIZACIÓN DE LAS DEMANDAS. LA PROVINCIA INGAVI SE COMPROMETE A COORDINAR LA ELABORACIÓN Y PRESENTACIÓN DE PROYECTOS TÉCNICAMENTE SUSTENTADOS, CON EL OBJETIVO DE MEJORAR EL ACCESO AL AGUA, FORTALECER LA GESTIÓN SOSTENIBLE DE LOS RECURSOS NATURALES Y CONTRIBUIR AL DESARROLLO INTEGRAL DE LA PROVINCIA. "
32,36,,CONCLUIDO,ACTA DE REUNION,https://drive.google.com/drive/folders/1o03xMZZ8qabRyW-_tyZi25DP0oKnw5NB?usp=drive_link,,"SE REALIZA LA COORDINACIÓN CON LOS GAM SOLICITANTES PARA ORGANIZAR REUNIONES Y DAR ATENCIÓN A SUS SOLICITUDES, DUDAS, CONSULTAS O SEGUIMIENTO AL ESTADO DE SUS PROYECTOS, EN TODAS LAS DIRECCIONES. 
ASI MISMO, SE GARANTIZA LA PRIORIZACIÓN DE LOS PROYECTOS TODA VEZ QUE LAS ETAs (ENTIDADES TERRITORIALES AUTONOMAS) PRESENTEN SUS PROYECTOS EN CORTO PLAZO QUE CUMPLAN NORMATIVA VIGENTE DEL SECTOR, YA QUE NO SE PODRIA  ASEGURAR EL FINANCIAMIENTO SIN QUE HAYA UNA SOLICITUD PREVIA Y PRESENTACION DEL PROYECTO POR PARTE DEL GAM.
DE IGUAL MANERA, SE GESTIONÓ  Y ORGANIZARON TALLERES A NIVEL NACIONAL PARA FORTALECER EN EL TEMA DE ELABORACIÓN DE ITCP Y EDTP INVITANDO A TODOS LOS GAMs.","EL VICEMINISTERIO DE RECURSOS HÍDRICOS Y RIEGO BRINDARÁ ASISTENCIA 
TÉCNICA Y ORIENTACIÓN SOBRE LOS PROGRAMAS, REQUISITOS Y MECANISMOS DE FINANCIAMIENTO DISPONIBLES PARA LA FORMULACIÓN Y EJECUCIÓN DE PROYECTOS DEL SECTOR, ASÍ COMO EL ACOMPAÑAMIENTO TÉCNICO CORRESPONDIENTE EN LAS ETAPAS DE EVALUACIÓN Y SEGUIMIENTO. POR SU PARTE, EL VICEMINISTERIO DE JUSTICIA INDÍGENA ORIGINARIA CAMPESINA Y COORDINACIÓN CON MOVIMIENTOS SOCIALES Y SOCIEDAD CIVIL FACILITARÁ LA ARTICULACIÓN CON LAS AUTORIDADES INDÍGENA ORIGINARIO CAMPESINAS, ORGANIZACIONES SOCIALES Y GOBIERNOS AUTÓNOMOS MUNICIPALES, PROMOVIENDO PROCESOS DE COORDINACIÓN, CONCERTACIÓN Y PRIORIZACIÓN PARTICIPATIVA DE LAS DEMANDAS TERRITORIALES. LA PROVINCIA AROMA SE COMPROMETE A CONSOLIDAR Y REMITIR LAS PROPUESTAS DE PROYECTOS PRIORIZADOS Y TÉCNICAMENTE SUSTENTADOS, CON EL OBJETIVO DE GESTIONAR SU IMPLEMENTACIÓN EN BENEFICIO DEL DESARROLLO INTEGRAL DE LA POBLACIÓN"
33,37,,CONCLUIDO,ACTA DE REUNION,https://drive.google.com/drive/folders/1o03xMZZ8qabRyW-_tyZi25DP0oKnw5NB?usp=drive_link,,"SE REALIZA LA COORDINACIÓN CON LOS GAM SOLICITANTES PARA ORGANIZAR REUNIONES Y DAR ATENCIÓN A SUS SOLICITUDES, DUDAS, CONSULTAS O SEGUIMIENTO AL ESTADO DE SUS PROYECTOS, EN TODAS LAS DIRECCIONES. 
ASI MISMO, SE GARANTIZA LA PRIORIZACIÓN DE LOS PROYECTOS TODA VEZ QUE LAS ETAs (ENTIDADES TERRITORIALES AUTONOMAS) PRESENTEN SUS PROYECTOS EN CORTO PLAZO QUE CUMPLAN NORMATIVA VIGENTE DEL SECTOR, YA QUE NO SE PODRIA  ASEGURAR EL FINANCIAMIENTO SIN QUE HAYA UNA SOLICITUD PREVIA Y PRESENTACION DEL PROYECTO POR PARTE DEL GAM.
DE IGUAL MANERA, SE GESTIONÓ  Y ORGANIZARON TALLERES A NIVEL NACIONAL PARA FORTALECER EN EL TEMA DE ELABORACIÓN DE ITCP Y EDTP INVITANDO A TODOS LOS GAMs.","FORTALECER LA ARTICULACIÓN ENTRE NIVELES DEL ESTADO Y ACTORES
 INSTITUCIONALES PARA LA IDENTIFICACIÓN, PRIORIZACIÓN Y GESTIÓN DE PROYECTOS DE INVERSIÓN PÚBLICA EN LOS ÁMBITOS DE VIVIENDA, INFRAESTRUCTURA, AGUA, RIEGO Y DESARROLLO PRODUCTIVO, CONSIDERANDO LAS NECESIDADES TERRITORIALES, LA SITUACIÓN ECONÓMICA Y LAS CARACTERÍSTICAS SOCIOCULTURALES DE LA POBLACIÓN DE LA PROVINCIA AROMA. "
34,38,,CONCLUIDO,ACTA DE REUNION,https://drive.google.com/drive/folders/1a67T36GNC9OvsB1czqTaSH9NdfWflnn8?usp=drive_link,,"SE REALIZA LA COORDINACIÓN CON LOS GAM SOLICITANTES PARA ORGANIZAR REUNIONES Y DAR ATENCIÓN A SUS SOLICITUDES, DUDAS, CONSULTAS O SEGUIMIENTO AL ESTADO DE SUS PROYECTOS, EN TODAS LAS DIRECCIONES. 
ASI MISMO, SE GARANTIZA LA PRIORIZACIÓN DE LOS PROYECTOS TODA VEZ QUE LAS ETAs (ENTIDADES TERRITORIALES AUTONOMAS) PRESENTEN SUS PROYECTOS EN CORTO PLAZO QUE CUMPLAN NORMATIVA VIGENTE DEL SECTOR, YA QUE NO SE PODRIA  ASEGURAR EL FINANCIAMIENTO SIN QUE HAYA UNA SOLICITUD PREVIA Y PRESENTACION DEL PROYECTO POR PARTE DEL GAM.
DE IGUAL MANERA, SE GESTIONÓ  Y ORGANIZARON TALLERES A NIVEL NACIONAL PARA FORTALECER EN EL TEMA DE ELABORACIÓN DE ITCP Y EDTP INVITANDO A TODOS LOS GAMs.","FORTALECER LA ARTICULACIÓN ENTRE NIVELES DEL ESTADO Y ACTORES
 INSTITUCIONALES PARA LA IDENTIFICACIÓN, PRIORIZACIÓN Y GESTIÓN DE PROYECTOS DE INVERSIÓN PÚBLICA EN LOS ÁMBITOS DE VIVIENDA, INFRAESTRUCTURA, AGUA, RIEGO Y DESARROLLO PRODUCTIVO, CONSIDERANDO LAS NECESIDADES TERRITORIALES, LA SITUACIÓN ECONÓMICA Y LAS CARACTERÍSTICAS SOCIOCULTURALES DE LA POBLACIÓN DE LA PROVINCIA LOS ANDES. "
35,39,,CONCLUIDO,ACTA DE REUNION,https://drive.google.com/drive/folders/1a67T36GNC9OvsB1czqTaSH9NdfWflnn8?usp=drive_link,,"SE REALIZA LA COORDINACIÓN CON LOS GAM SOLICITANTES PARA ORGANIZAR REUNIONES Y DAR ATENCIÓN A SUS SOLICITUDES, DUDAS, CONSULTAS O SEGUIMIENTO AL ESTADO DE SUS PROYECTOS, EN TODAS LAS DIRECCIONES. 
ASI MISMO, SE GARANTIZA LA PRIORIZACIÓN DE LOS PROYECTOS TODA VEZ QUE LAS ETAs (ENTIDADES TERRITORIALES AUTONOMAS) PRESENTEN SUS PROYECTOS EN CORTO PLAZO QUE CUMPLAN NORMATIVA VIGENTE DEL SECTOR, YA QUE NO SE PODRIA  ASEGURAR EL FINANCIAMIENTO SIN QUE HAYA UNA SOLICITUD PREVIA Y PRESENTACION DEL PROYECTO POR PARTE DEL GAM.
DE IGUAL MANERA, SE GESTIONÓ  Y ORGANIZARON TALLERES A NIVEL NACIONAL PARA FORTALECER EN EL TEMA DE ELABORACIÓN DE ITCP Y EDTP INVITANDO A TODOS LOS GAMs.","FORTALECER LA ARTICULACIÓN ENTRE NIVELES DEL ESTADO Y ACTORES
 INSTITUCIONALES PARA LA IDENTIFICACIÓN, PRIORIZACIÓN Y GESTIÓN DE PROYECTOS DE INVERSIÓN PÚBLICA EN LOS ÁMBITOS DE VIVIENDA, INFRAESTRUCTURA, AGUA, RIEGO Y DESARROLLO PRODUCTIVO, CONSIDERANDO LAS NECESIDADES TERRITORIALES, LA SITUACIÓN ECONÓMICA Y LAS CARACTERÍSTICAS SOCIOCULTURALES DE LA POBLACIÓN DE LA PROVINCIA LOS ANDES. "
36,40,,CONCLUIDO,ACTA DE REUNION,https://drive.google.com/drive/folders/1ihgA6y-qb6BFeoaJnEFTg6gyA1ONii5x?usp=drive_link,,"SE REALIZA LA COORDINACIÓN CON LOS GAM SOLICITANTES PARA ORGANIZAR REUNIONES Y DAR ATENCIÓN A SUS SOLICITUDES, DUDAS, CONSULTAS O SEGUIMIENTO AL ESTADO DE SUS PROYECTOS, EN TODAS LAS DIRECCIONES. 
ASI MISMO, SE GARANTIZA LA PRIORIZACIÓN DE LOS PROYECTOS TODA VEZ QUE LAS ETAs (ENTIDADES TERRITORIALES AUTONOMAS) PRESENTEN SUS PROYECTOS EN CORTO PLAZO QUE CUMPLAN NORMATIVA VIGENTE DEL SECTOR, YA QUE NO SE PODRIA  ASEGURAR EL FINANCIAMIENTO SIN QUE HAYA UNA SOLICITUD PREVIA Y PRESENTACION DEL PROYECTO POR PARTE DEL GAM.
DE IGUAL MANERA, SE GESTIONÓ  Y ORGANIZARON TALLERES A NIVEL NACIONAL PARA FORTALECER EN EL TEMA DE ELABORACIÓN DE ITCP Y EDTP INVITANDO A TODOS LOS GAMs.","FORTALECER LA ARTICULACIÓN ENTRE NIVELES DEL ESTADO Y ACTORES
 INSTITUCIONALES PARA LA IDENTIFICACIÓN, PRIORIZACIÓN Y GESTIÓN DE PROYECTOS DE INVERSIÓN PÚBLICA EN LOS ÁMBITOS DE VIVIENDA, INFRAESTRUCTURA, AGUA, RIEGO Y DESARROLLO PRODUCTIVO, CONSIDERANDO LAS NECESIDADES TERRITORIALES, LA SITUACIÓN ECONÓMICA Y LAS CARACTERÍSTICAS SOCIOCULTURALES DE LA POBLACIÓN DE LA PROVINCIA CAMACHO"
37,41,,CONCLUIDO,ACTA DE REUNION,https://drive.google.com/drive/folders/1ihgA6y-qb6BFeoaJnEFTg6gyA1ONii5x?usp=drive_link,,"SE REALIZA LA COORDINACIÓN CON LOS GAM SOLICITANTES PARA ORGANIZAR REUNIONES Y DAR ATENCIÓN A SUS SOLICITUDES, DUDAS, CONSULTAS O SEGUIMIENTO AL ESTADO DE SUS PROYECTOS, EN TODAS LAS DIRECCIONES. 
ASI MISMO, SE GARANTIZA LA PRIORIZACIÓN DE LOS PROYECTOS TODA VEZ QUE LAS ETAs (ENTIDADES TERRITORIALES AUTONOMAS) PRESENTEN SUS PROYECTOS EN CORTO PLAZO QUE CUMPLAN NORMATIVA VIGENTE DEL SECTOR, YA QUE NO SE PODRIA  ASEGURAR EL FINANCIAMIENTO SIN QUE HAYA UNA SOLICITUD PREVIA Y PRESENTACION DEL PROYECTO POR PARTE DEL GAM.
DE IGUAL MANERA, SE GESTIONÓ  Y ORGANIZARON TALLERES A NIVEL NACIONAL PARA FORTALECER EN EL TEMA DE ELABORACIÓN DE ITCP Y EDTP INVITANDO A TODOS LOS GAMs.","FORTALECER LA ARTICULACIÓN ENTRE NIVELES DEL ESTADO Y ACTORES
 INSTITUCIONALES PARA LA IDENTIFICACIÓN, PRIORIZACIÓN Y GESTIÓN DE PROYECTOS DE INVERSIÓN PÚBLICA EN LOS ÁMBITOS DE VIVIENDA, INFRAESTRUCTURA, AGUA, RIEGO Y DESARROLLO PRODUCTIVO, CONSIDERANDO LAS NECESIDADES TERRITORIALES, LA SITUACIÓN ECONÓMICA Y LAS CARACTERÍSTICAS SOCIOCULTURALES DE LA POBLACIÓN DE LA PROVINCIA CAMACHO"
38,42,,CONCLUIDO,ACTA DE REUNION,https://drive.google.com/drive/folders/1wyEAhAEEoCGtUZXanIjwy7NW1UScltQ9?usp=drive_link,,"SE REALIZA LA COORDINACIÓN CON LOS GAM SOLICITANTES PARA ORGANIZAR REUNIONES Y DAR ATENCIÓN A SUS SOLICITUDES, DUDAS, CONSULTAS O SEGUIMIENTO AL ESTADO DE SUS PROYECTOS, EN TODAS LAS DIRECCIONES. 
ASI MISMO, SE GARANTIZA LA PRIORIZACIÓN DE LOS PROYECTOS TODA VEZ QUE LAS ETAs (ENTIDADES TERRITORIALES AUTONOMAS) PRESENTEN SUS PROYECTOS EN CORTO PLAZO QUE CUMPLAN NORMATIVA VIGENTE DEL SECTOR, YA QUE NO SE PODRIA  ASEGURAR EL FINANCIAMIENTO SIN QUE HAYA UNA SOLICITUD PREVIA Y PRESENTACION DEL PROYECTO POR PARTE DEL GAM.
DE IGUAL MANERA, SE GESTIONÓ  Y ORGANIZARON TALLERES A NIVEL NACIONAL PARA FORTALECER EN EL TEMA DE ELABORACIÓN DE ITCP Y EDTP INVITANDO A TODOS LOS GAMs."," INSTITUCIONALES PARA LA IDENTIFICACIÓN, PRIORIZACIÓN Y GESTIÓN DE PROYECTOS DE INVERSIÓN PÚBLICA EN LOS ÁMBITOS DE VIVIENDA, INFRAESTRUCTURA, AGUA, RIEGO Y DESARROLLO PRODUCTIVO, CONSIDERANDO LAS NECESIDADES TERRITORIALES, LA SITUACIÓN ECONÓMICA Y LAS CARACTERÍSTICAS SOCIOCULTURALES DE LA POBLACIÓN DE LA PROVINCIA."
39,43,,CONCLUIDO,ACTA DE REUNION,https://drive.google.com/drive/folders/1wyEAhAEEoCGtUZXanIjwy7NW1UScltQ9?usp=drive_link,,"SE REALIZA LA COORDINACIÓN CON LOS GAM SOLICITANTES PARA ORGANIZAR REUNIONES Y DAR ATENCIÓN A SUS SOLICITUDES, DUDAS, CONSULTAS O SEGUIMIENTO AL ESTADO DE SUS PROYECTOS, EN TODAS LAS DIRECCIONES. 
ASI MISMO, SE GARANTIZA LA PRIORIZACIÓN DE LOS PROYECTOS TODA VEZ QUE LAS ETAs (ENTIDADES TERRITORIALES AUTONOMAS) PRESENTEN SUS PROYECTOS EN CORTO PLAZO QUE CUMPLAN NORMATIVA VIGENTE DEL SECTOR, YA QUE NO SE PODRIA  ASEGURAR EL FINANCIAMIENTO SIN QUE HAYA UNA SOLICITUD PREVIA Y PRESENTACION DEL PROYECTO POR PARTE DEL GAM.
DE IGUAL MANERA, SE GESTIONÓ  Y ORGANIZARON TALLERES A NIVEL NACIONAL PARA FORTALECER EN EL TEMA DE ELABORACIÓN DE ITCP Y EDTP INVITANDO A TODOS LOS GAMs."," INSTITUCIONALES PARA LA IDENTIFICACIÓN, PRIORIZACIÓN Y GESTIÓN DE PROYECTOS DE INVERSIÓN PÚBLICA EN LOS ÁMBITOS DE VIVIENDA, INFRAESTRUCTURA, AGUA, RIEGO Y DESARROLLO PRODUCTIVO, CONSIDERANDO LAS NECESIDADES TERRITORIALES, LA SITUACIÓN ECONÓMICA Y LAS CARACTERÍSTICAS SOCIOCULTURALES DE LA POBLACIÓN DE LA PROVINCIA."
40,44,,CONCLUIDO,ACTA DE REUNION,https://drive.google.com/drive/folders/1QGXuCyfv7ipHAoG67VKEsN1O9HPyyUqz?usp=drive_link,,"SE REALIZA LA COORDINACIÓN CON LOS GAM SOLICITANTES PARA ORGANIZAR REUNIONES Y DAR ATENCIÓN A SUS SOLICITUDES, DUDAS, CONSULTAS O SEGUIMIENTO AL ESTADO DE SUS PROYECTOS, EN TODAS LAS DIRECCIONES. 
ASI MISMO, SE GARANTIZA LA PRIORIZACIÓN DE LOS PROYECTOS TODA VEZ QUE LAS ETAs (ENTIDADES TERRITORIALES AUTONOMAS) PRESENTEN SUS PROYECTOS EN CORTO PLAZO QUE CUMPLAN NORMATIVA VIGENTE DEL SECTOR, YA QUE NO SE PODRIA  ASEGURAR EL FINANCIAMIENTO SIN QUE HAYA UNA SOLICITUD PREVIA Y PRESENTACION DEL PROYECTO POR PARTE DEL GAM.
DE IGUAL MANERA, SE GESTIONÓ  Y ORGANIZARON TALLERES A NIVEL NACIONAL PARA FORTALECER EN EL TEMA DE ELABORACIÓN DE ITCP Y EDTP INVITANDO A TODOS LOS GAMs."," INSTITUCIONALES PARA LA IDENTIFICACIÓN, PRIORIZACIÓN Y GESTIÓN DE PROYECTOS DE INVERSIÓN PÚBLICA EN LOS ÁMBITOS DE VIVIENDA, INFRAESTRUCTURA, AGUA, RIEGO Y DESARROLLO PRODUCTIVO, CONSIDERANDO LAS NECESIDADES TERRITORIALES, LA SITUACIÓN ECONÓMICA Y LAS CARACTERÍSTICAS SOCIOCULTURALES DE LA POBLACIÓN DE LA PROVINCIA."
41,45,,CONCLUIDO,ACTA DE REUNION,https://drive.google.com/drive/folders/1ZstMZCcyvha15Dppwa6DJCYHBl8dJM4G?usp=drive_link,,"SE REALIZA LA COORDINACIÓN CON LOS GAM SOLICITANTES PARA ORGANIZAR REUNIONES Y DAR ATENCIÓN A SUS SOLICITUDES, DUDAS, CONSULTAS O SEGUIMIENTO AL ESTADO DE SUS PROYECTOS, EN TODAS LAS DIRECCIONES. 
ASI MISMO, SE GARANTIZA LA PRIORIZACIÓN DE LOS PROYECTOS TODA VEZ QUE LAS ETAs (ENTIDADES TERRITORIALES AUTONOMAS) PRESENTEN SUS PROYECTOS EN CORTO PLAZO QUE CUMPLAN NORMATIVA VIGENTE DEL SECTOR, YA QUE NO SE PODRIA  ASEGURAR EL FINANCIAMIENTO SIN QUE HAYA UNA SOLICITUD PREVIA Y PRESENTACION DEL PROYECTO POR PARTE DEL GAM.
DE IGUAL MANERA, SE GESTIONÓ  Y ORGANIZARON TALLERES A NIVEL NACIONAL PARA FORTALECER EN EL TEMA DE ELABORACIÓN DE ITCP Y EDTP INVITANDO A TODOS LOS GAMs."," INSTITUCIONALES PARA LA IDENTIFICACIÓN, PRIORIZACIÓN Y GESTIÓN DE PROYECTOS DE INVERSIÓN PÚBLICA EN LOS ÁMBITOS DE VIVIENDA, INFRAESTRUCTURA, AGUA, RIEGO Y DESARROLLO PRODUCTIVO, CONSIDERANDO LAS NECESIDADES TERRITORIALES, LA SITUACIÓN ECONÓMICA Y LAS CARACTERÍSTICAS SOCIOCULTURALES DE LA POBLACIÓN DE LA PROVINCIA."
42,46,,CONCLUIDO,ACTA DE REUNION,https://drive.google.com/drive/folders/1USR7HcCS_O4CSQ35bFADL7rkOjBtCKtP?usp=drive_link,,"SE REALIZA LA COORDINACIÓN CON LOS GAM SOLICITANTES PARA ORGANIZAR REUNIONES Y DAR ATENCIÓN A SUS SOLICITUDES, DUDAS, CONSULTAS O SEGUIMIENTO AL ESTADO DE SUS PROYECTOS, EN TODAS LAS DIRECCIONES. 
ASI MISMO, SE GARANTIZA LA PRIORIZACIÓN DE LOS PROYECTOS TODA VEZ QUE LAS ETAs (ENTIDADES TERRITORIALES AUTONOMAS) PRESENTEN SUS PROYECTOS EN CORTO PLAZO QUE CUMPLAN NORMATIVA VIGENTE DEL SECTOR, YA QUE NO SE PODRIA  ASEGURAR EL FINANCIAMIENTO SIN QUE HAYA UNA SOLICITUD PREVIA Y PRESENTACION DEL PROYECTO POR PARTE DEL GAM.
DE IGUAL MANERA, SE GESTIONÓ  Y ORGANIZARON TALLERES A NIVEL NACIONAL PARA FORTALECER EN EL TEMA DE ELABORACIÓN DE ITCP Y EDTP INVITANDO A TODOS LOS GAMs."," INSTITUCIONALES PARA LA IDENTIFICACIÓN, PRIORIZACIÓN Y GESTIÓN DE PROYECTOS DE INVERSIÓN PÚBLICA EN LOS ÁMBITOS DE VIVIENDA, INFRAESTRUCTURA, AGUA, RIEGO Y DESARROLLO PRODUCTIVO, CONSIDERANDO LAS NECESIDADES TERRITORIALES, LA SITUACIÓN ECONÓMICA Y LAS CARACTERÍSTICAS SOCIOCULTURALES DE LA POBLACIÓN DE LA PROVINCIA."
43,47,,CONCLUIDO,ACTA DE REUNION,https://drive.google.com/drive/folders/1USR7HcCS_O4CSQ35bFADL7rkOjBtCKtP?usp=drive_link,,"SE REALIZA LA COORDINACIÓN CON LOS GAM SOLICITANTES PARA ORGANIZAR REUNIONES Y DAR ATENCIÓN A SUS SOLICITUDES, DUDAS, CONSULTAS O SEGUIMIENTO AL ESTADO DE SUS PROYECTOS, EN TODAS LAS DIRECCIONES. 
ASI MISMO, SE GARANTIZA LA PRIORIZACIÓN DE LOS PROYECTOS TODA VEZ QUE LAS ETAs (ENTIDADES TERRITORIALES AUTONOMAS) PRESENTEN SUS PROYECTOS EN CORTO PLAZO QUE CUMPLAN NORMATIVA VIGENTE DEL SECTOR, YA QUE NO SE PODRIA  ASEGURAR EL FINANCIAMIENTO SIN QUE HAYA UNA SOLICITUD PREVIA Y PRESENTACION DEL PROYECTO POR PARTE DEL GAM.
DE IGUAL MANERA, SE GESTIONÓ  Y ORGANIZARON TALLERES A NIVEL NACIONAL PARA FORTALECER EN EL TEMA DE ELABORACIÓN DE ITCP Y EDTP INVITANDO A TODOS LOS GAMs.","INSTITUCIONALES PARA LA IDENTIFICACIÓN, PRIORIZACIÓN Y GESTIÓN DE PROYECTOS DE INVERSIÓN PÚBLICA EN LOS ÁMBITOS DE VIVIENDA, INFRAESTRUCTURA, AGUA, RIEGO Y DESARROLLO PRODUCTIVO, CONSIDERANDO LAS NECESIDADES TERRITORIALES, LA SITUACIÓN ECONÓMICA Y LAS CARACTERÍSTICAS SOCIOCULTURALES DE LA POBLACIÓN DE LA PROVINCIA."
44,48,,CONCLUIDO,ACTA DE REUNION,https://drive.google.com/drive/folders/1USR7HcCS_O4CSQ35bFADL7rkOjBtCKtP?usp=drive_link,,"SE REALIZA LA COORDINACIÓN CON LOS GAM SOLICITANTES PARA ORGANIZAR REUNIONES Y DAR ATENCIÓN A SUS SOLICITUDES, DUDAS, CONSULTAS O SEGUIMIENTO AL ESTADO DE SUS PROYECTOS, EN TODAS LAS DIRECCIONES. 
ASI MISMO, SE GARANTIZA LA PRIORIZACIÓN DE LOS PROYECTOS TODA VEZ QUE LAS ETAs (ENTIDADES TERRITORIALES AUTONOMAS) PRESENTEN SUS PROYECTOS EN CORTO PLAZO QUE CUMPLAN NORMATIVA VIGENTE DEL SECTOR, YA QUE NO SE PODRIA  ASEGURAR EL FINANCIAMIENTO SIN QUE HAYA UNA SOLICITUD PREVIA Y PRESENTACION DEL PROYECTO POR PARTE DEL GAM.","INSTITUCIONALES PARA LA IDENTIFICACIÓN, PRIORIZACIÓN Y GESTIÓN DE PROYECTOS DE INVERSIÓN PÚBLICA EN LOS ÁMBITOS DE VIVIENDA, INFRAESTRUCTURA, AGUA, RIEGO Y DESARROLLO PRODUCTIVO, CONSIDERANDO LAS NECESIDADES TERRITORIALES, LA SITUACIÓN ECONÓMICA Y LAS CARACTERÍSTICAS SOCIOCULTURALES DE LA POBLACIÓN DE LA PROVINCIA."
45,49,,CONCLUIDO,ACTA DE REUNION,https://drive.google.com/drive/folders/1ZkfHhzmihwpX8pxtSrjeA1QqXi-uZfTU?usp=drive_link,,"SE REALIZA LA COORDINACIÓN CON LOS GAM SOLICITANTES PARA ORGANIZAR REUNIONES Y DAR ATENCIÓN A SUS SOLICITUDES, DUDAS, CONSULTAS O SEGUIMIENTO AL ESTADO DE SUS PROYECTOS, EN TODAS LAS DIRECCIONES. 
ASI MISMO, SE GARANTIZA LA PRIORIZACIÓN DE LOS PROYECTOS TODA VEZ QUE LAS ETAs (ENTIDADES TERRITORIALES AUTONOMAS) PRESENTEN SUS PROYECTOS EN CORTO PLAZO QUE CUMPLAN NORMATIVA VIGENTE DEL SECTOR, YA QUE NO SE PODRIA  ASEGURAR EL FINANCIAMIENTO SIN QUE HAYA UNA SOLICITUD PREVIA Y PRESENTACION DEL PROYECTO POR PARTE DEL GAM."," INSTITUCIONALES PARA LA IDENTIFICACIÓN, PRIORIZACIÓN Y GESTIÓN DE PROYECTOS DE INVERSIÓN PÚBLICA EN LOS ÁMBITOS DE VIVIENDA, INFRAESTRUCTURA, AGUA, RIEGO Y DESARROLLO PRODUCTIVO, CONSIDERANDO LAS NECESIDADES TERRITORIALES, LA SITUACIÓN ECONÓMICA Y LAS CARACTERÍSTICAS SOCIOCULTURALES DE LA POBLACIÓN DE LA PROVINCIA."
46,50,,CONCLUIDO,ACTA DE REUNION,https://drive.google.com/drive/folders/192PPZOOW1oQyf_5q4L7rHSNFQUPHMSXS?usp=drive_link,,"SE REALIZA LA COORDINACIÓN CON LOS GAM SOLICITANTES PARA ORGANIZAR REUNIONES Y DAR ATENCIÓN A SUS SOLICITUDES, DUDAS, CONSULTAS O SEGUIMIENTO AL ESTADO DE SUS PROYECTOS, EN TODAS LAS DIRECCIONES. 
ASI MISMO, SE GARANTIZA LA PRIORIZACIÓN DE LOS PROYECTOS TODA VEZ QUE LAS ETAs (ENTIDADES TERRITORIALES AUTONOMAS) PRESENTEN SUS PROYECTOS EN CORTO PLAZO QUE CUMPLAN NORMATIVA VIGENTE DEL SECTOR, YA QUE NO SE PODRIA  ASEGURAR EL FINANCIAMIENTO SIN QUE HAYA UNA SOLICITUD PREVIA Y PRESENTACION DEL PROYECTO POR PARTE DEL GAM."," INSTITUCIONALES PARA LA IDENTIFICACIÓN, PRIORIZACIÓN Y GESTIÓN DE PROYECTOS DE INVERSIÓN PÚBLICA EN LOS ÁMBITOS DE VIVIENDA, INFRAESTRUCTURA, AGUA, RIEGO Y DESARROLLO PRODUCTIVO, CONSIDERANDO LAS NECESIDADES TERRITORIALES, LA SITUACIÓN ECONÓMICA Y LAS CARACTERÍSTICAS SOCIOCULTURALES DE LA POBLACIÓN DE LA PROVINCIA."
47,51,,CONCLUIDO,ACTA DE REUNION,https://drive.google.com/drive/folders/1RKXG0R0alTKThxvNEVtR3q-NVK6OPz7w?usp=drive_link,,"SE REALIZA LA COORDINACIÓN CON LOS GAM SOLICITANTES PARA ORGANIZAR REUNIONES Y DAR ATENCIÓN A SUS SOLICITUDES, DUDAS, CONSULTAS O SEGUIMIENTO AL ESTADO DE SUS PROYECTOS, EN TODAS LAS DIRECCIONES. 
ASI MISMO, SE GARANTIZA LA PRIORIZACIÓN DE LOS PROYECTOS TODA VEZ QUE LAS ETAs (ENTIDADES TERRITORIALES AUTONOMAS) PRESENTEN SUS PROYECTOS EN CORTO PLAZO QUE CUMPLAN NORMATIVA VIGENTE DEL SECTOR, YA QUE NO SE PODRIA  ASEGURAR EL FINANCIAMIENTO SIN QUE HAYA UNA SOLICITUD PREVIA Y PRESENTACION DEL PROYECTO POR PARTE DEL GAM.
DE IGUAL MANERA, SE GESTIONÓ  Y ORGANIZARON TALLERES A NIVEL NACIONAL PARA FORTALECER EN EL TEMA DE ELABORACIÓN DE ITCP Y EDTP INVITANDO A TODOS LOS GAMs."," INSTITUCIONALES PARA LA IDENTIFICACIÓN, PRIORIZACIÓN Y GESTIÓN DE PROYECTOS DE INVERSIÓN PÚBLICA EN LOS ÁMBITOS DE VIVIENDA, INFRAESTRUCTURA, AGUA, RIEGO Y DESARROLLO PRODUCTIVO, CONSIDERANDO LAS NECESIDADES TERRITORIALES, LA SITUACIÓN ECONÓMICA Y LAS CARACTERÍSTICAS SOCIOCULTURALES DE LA POBLACIÓN DE LA PROVINCIA."
48,52,,CONCLUIDO,ACTA DE REUNION,https://drive.google.com/drive/folders/17MRR96Y_7z8N7dul6A4IXt6R-qxEhu-Z?usp=drive_link,,"SE REALIZA LA COORDINACIÓN CON LOS GAM SOLICITANTES PARA ORGANIZAR REUNIONES Y DAR ATENCIÓN A SUS SOLICITUDES, DUDAS, CONSULTAS O SEGUIMIENTO AL ESTADO DE SUS PROYECTOS, EN TODAS LAS DIRECCIONES. 
ASI MISMO, SE GARANTIZA LA PRIORIZACIÓN DE LOS PROYECTOS TODA VEZ QUE LAS ETAs (ENTIDADES TERRITORIALES AUTONOMAS) PRESENTEN SUS PROYECTOS EN CORTO PLAZO QUE CUMPLAN NORMATIVA VIGENTE DEL SECTOR, YA QUE NO SE PODRIA  ASEGURAR EL FINANCIAMIENTO SIN QUE HAYA UNA SOLICITUD PREVIA Y PRESENTACION DEL PROYECTO POR PARTE DEL GAM.
DE IGUAL MANERA, SE GESTIONÓ  Y ORGANIZARON TALLERES A NIVEL NACIONAL PARA FORTALECER EN EL TEMA DE ELABORACIÓN DE ITCP Y EDTP INVITANDO A TODOS LOS GAMs.","INSTITUCIONALES PARA LA IDENTIFICACIÓN, PRIORIZACIÓN Y GESTIÓN DE PROYECTOS DE INVERSIÓN PÚBLICA EN LOS ÁMBITOS DE VIVIENDA, INFRAESTRUCTURA, AGUA, RIEGO Y DESARROLLO PRODUCTIVO, CONSIDERANDO LAS NECESIDADES TERRITORIALES, LA SITUACIÓN ECONÓMICA Y LAS CARACTERÍSTICAS SOCIOCULTURALES DE LA POBLACIÓN DE LA PROVINCIA."
49,53,,CONCLUIDO,ACTA DE REUNION,https://drive.google.com/drive/folders/17MRR96Y_7z8N7dul6A4IXt6R-qxEhu-Z?usp=drive_link,,"SE REALIZA LA COORDINACIÓN CON LOS GAM SOLICITANTES PARA ORGANIZAR REUNIONES Y DAR ATENCIÓN A SUS SOLICITUDES, DUDAS, CONSULTAS O SEGUIMIENTO AL ESTADO DE SUS PROYECTOS, EN TODAS LAS DIRECCIONES. 
ASI MISMO, SE GARANTIZA LA PRIORIZACIÓN DE LOS PROYECTOS TODA VEZ QUE LAS ETAs (ENTIDADES TERRITORIALES AUTONOMAS) PRESENTEN SUS PROYECTOS EN CORTO PLAZO QUE CUMPLAN NORMATIVA VIGENTE DEL SECTOR, YA QUE NO SE PODRIA  ASEGURAR EL FINANCIAMIENTO SIN QUE HAYA UNA SOLICITUD PREVIA Y PRESENTACION DEL PROYECTO POR PARTE DEL GAM.
DE IGUAL MANERA, SE GESTIONÓ  Y ORGANIZARON TALLERES A NIVEL NACIONAL PARA FORTALECER EN EL TEMA DE ELABORACIÓN DE ITCP Y EDTP INVITANDO A TODOS LOS GAMs."," INSTITUCIONALES PARA LA IDENTIFICACIÓN, PRIORIZACIÓN Y GESTIÓN DE PROYECTOS DE INVERSIÓN PÚBLICA EN LOS ÁMBITOS DE VIVIENDA, INFRAESTRUCTURA, AGUA, RIEGO Y DESARROLLO PRODUCTIVO, CONSIDERANDO LAS NECESIDADES TERRITORIALES, LA SITUACIÓN ECONÓMICA Y LAS CARACTERÍSTICAS SOCIOCULTURALES DE LA POBLACIÓN DE LA PROVINCIA."
50,54,,CONCLUIDO,ACTA DE REUNION,ACTA DE REUNIÓN EN FECHA 30 DE JUNIO Y 1 DE ULIO DEL 2026,VER ACTAS DE REUNIONES,"SE HA PRIORIZADO LA ELABORACION DE EDTP CONSTRUCCIÓN DE SISTEMA DE RIEGO ASOCIACIÓN DE REGANTES DE WILA WARANKHA “ARWA” (GAM AYO AYO).

SE SOSTUVO UNA REUNIÓN EN FECHA 30/06/2026 EN INSTALACIONES DEL VICEMINISTERIO DE RECURSOS HÍDRICOS, RIEGO, AGUA POTABLE Y SANEAMIENTO BÁSICO CON AUTORIDADES DEL MUNICIPIO DE SICA SICA, EN LA CUAL SE LES EXPLICO LA SITUACIÓN ACTUAL DE LOS 6 ITCP´s (LARICAYA, SANTA ROSA, VILUYO GRANDE, LAMPAYA, COLLPA PUCHO Y CALA CALA)

ASIMISMO, SE SORTUVO OTRA REUNIÓN EN FECHA 01/07/2026  EN INSTALACIONES DEL VICEMINISTERIO DE RECURSOS HÍDRICOS, RIEGO, AGUA POTABLE Y SANEAMIENTO BÁSICO CON AUTORIDADES DEL MUNICIPIO DE SICA SICA, TUPAC KATARI, EN LA CUAL SE LES SOCIALIZÓ EL PROGRAMA ""GESTIÓN RESILIENTE"" EL CUAL SE ENCUENTRA VIGENTE.   EN FECHA 16 DE JUNIO SE SOSTUVO UNA REUNIÓN CON LA ALCALDESA DE CALAMARCA Y EL PERSONAL DEL VRHRAPYSB, EN LA CUAL SE INFORMÓ QUE EL 2023 SE DEVOLVIÓ 2 EDTP AL MUNICIPIO CON OBSERVACIONES.
TAMBIÉN INDICARON QUE REMITIERON UNA NOTA DE SOLICITUD DE FINANCIAMIENTO PARA EL PROYECTO ""CONST. IMPLEMENTACIÓN SIST DE AGUA POTABLE SUBCENTRAL CHOCOROSI CHOCOROSI - SAN PEDRO - CHOCOROSI ALTO CHOCOROSI""   RESPECTO AL GAM DE SAN PEDRO DE COLLANA SE ENCUENTRA EN ETAPA DE EJECUCION DEL PROYECTO ""IMPLEMENTACION DE LA GESTION INTEGRAL DE RESIDUOS SOLIDOS EN EL MUNICIPIO DE COLLANA"" A TRAVES DEL PROGRAMA DE SANEAMIENTO DEL LAGO TITICACA - PSLT.(AVANCE FISICO 36,7%)                                        ",SE ADJUNTAN ACTAS DE REUNIONES E ITCP REVISADO
51,55,,CONCLUIDO,ACTA DE REUNION,https://drive.google.com/drive/folders/1DMlQuNN_HnD3pzVqCi2IiUE1AioGneOY?usp=drive_link,,"CON EL PROPÓSITO DE IMPULSAR EL DESARROLLO DE PROYECTOS DE AGUA Y RIEGO, SE MANTIENE UNA COORDINACIÓN CONTINUA CON LOS GOBIERNOS AUTÓNOMOS MUNICIPALES (GAM) PARA BRINDAR ATENCIÓN A SUS SOLICITUDES, ABSOLVER CONSULTAS TÉCNICAS Y REALIZAR EL SEGUIMIENTO AL ESTADO DE SUS TRÁMITES EN TODAS LAS DIRECCIONES DE LA INSTITUCIÓN.",SE REALIZARA REUNIONES PERIODICAS PARA SEGUIMIENTO
52,56,,CONCLUIDO,NOTA DE RESPUESTA,NOTA DE RESPUESTA,"ELIAS TRIGO 72852259, MARCELA JOFRE 69993694","SE TIENE UNA SOLICITUD DEL GAM INQUISIVI PARA FINANCIAMIENTO DE PROYECTO PAMPA GRANDE, A LA CUAL SE RESPONDIO EN FECHA 3 DE JULIO EXPLICANDO EL PROCEDIMIENTO QUE SE DEBE SEGUIR PARA LA PRESENTACIÓN DE ITCPs Y EDTPs Y PODER PRIORIZAR LOS PROYECTOS. EN FECHA 30 DE JUNIO DE 2026, EL VICEMINISTERIO SOSTUVO UNA REUNIÓN CON LOS REPRESENTANTES DE REGANTES Y CONCEJALES DEL GAM DE CAJUATA, DONDE SE REVISÓ EL ESTADO DEL PROYECTO ""MEJORAMIENTO Y AMPLIACIÓN SISTEMA DE AGUA POTABLE AGUA RICA-CAJUATA"", EL CUAL CONTABA CON OBSERVACIONES YA REMITIDAS mediante la HR- E-MMAYA/2023-21312, LA CUAL DEBE REFORMULARSE POR LA ENTIDAD SOLICITANTE	EL PROYECTO SE ENCUENTRA CON EL GAM DESDE 10/24/2023	CON LA NOTA UPYGF 0897/2023 E INFORME TECNICO 0378-2023, SE COMPROMETIO ACTULZIAR EL PROYECTO Y REMITIRLO, A LA FECHA NO SE REMITIO EL PROYECTO CORREGIDO",
53,57,,CONCLUIDO,ACTA DE REUNION,https://drive.google.com/drive/folders/1feC-eZMNxiAQi6FZFlRc24uw65D2ZjuK?usp=drive_link,,"SE REALIZA LA COORDINACIÓN CON LOS GAM SOLICITANTES PARA ORGANIZAR REUNIONES Y DAR ATENCIÓN A SUS SOLICITUDES, DUDAS, CONSULTAS O SEGUIMIENTO AL ESTADO DE SUS PROYECTOS, EN TODAS LAS DIRECCIONES. 
ASIMISMO, SE GARANTIZA LA PRIORIZACIÓN DE LOS PROYECTOS TODA VEZ QUE LAS ETAs (ENTIDADES TERRITORIALES AUTONOMAS) PRESENTEN SUS PROYECTOS EN CORTO PLAZO QUE CUMPLAN NORMATIVA VIGENTE DEL SECTOR, YA QUE NO SE PODRIA  ASEGURAR EL FINANCIAMIENTO SIN QUE HAYA UNA SOLICITUD PREVIA Y PRESENTACION DEL PROYECTO POR PARTE DEL GAM.
DE IGUAL MANERA, SE GESTIONÓ  Y ORGANIZARON TALLERES A NIVEL NACIONAL PARA FORTALECER EN EL TEMA DE ELABORACIÓN DE ITCP Y EDTP INVITANDO A TODOS LOS GAMs.",
54,58,,CONCLUIDO,ACTA DE REUNION,https://drive.google.com/drive/folders/1feC-eZMNxiAQi6FZFlRc24uw65D2ZjuK?usp=drive_link,,"SE REALIZA LA COORDINACIÓN CON LOS GAM SOLICITANTES PARA ORGANIZAR REUNIONES Y DAR ATENCIÓN A SUS SOLICITUDES, DUDAS, CONSULTAS O SEGUIMIENTO AL ESTADO DE SUS PROYECTOS, EN TODAS LAS DIRECCIONES. 
ASIMISMO, SE GARANTIZA LA PRIORIZACIÓN DE LOS PROYECTOS TODA VEZ QUE LAS ETAs (ENTIDADES TERRITORIALES AUTONOMAS) PRESENTEN SUS PROYECTOS EN CORTO PLAZO QUE CUMPLAN NORMATIVA VIGENTE DEL SECTOR, YA QUE NO SE PODRIA  ASEGURAR EL FINANCIAMIENTO SIN QUE HAYA UNA SOLICITUD PREVIA Y PRESENTACION DEL PROYECTO POR PARTE DEL GAM.
DE IGUAL MANERA, SE GESTIONÓ  Y ORGANIZARON TALLERES A NIVEL NACIONAL PARA FORTALECER EN EL TEMA DE ELABORACIÓN DE ITCP Y EDTP INVITANDO A TODOS LOS GAMs.",
55,59,2026-08-20T14:44:00.000Z,EN PROCESO,INFORMACIÓN REPORTADA POR LA DIRECCIÓN GENERAL DE RIEGO,INFORMACIÓN REPORTADA POR LA DIRECCIÓN GENERAL DE RIEGO,ELIAS TRIGO 72852259,"LAS JUNTAS VECINALES DE LURIBAY NO SE APERSONARON A LAS OFICINAS DEL VICEMINISTERIO DE RECURSOS HÍDRICOS, RIEGO, AGUA POTABLE Y SANEAMIENTO BÁSICO. SIN EMBARGO, CON EL PROGRAMA ""GESTIÓN RESILIENTE DEL AGUA PARA RIEGO COMUNITARIO Y FAMILIAR"", SE PRIORIZÓ EL ITCP ""AMPLIACIÓN SISTEMA DE RIEGO AZAMBO"", QUE BENEFICIA A 87 FAMILIAS Y 50,2 HA DE RIEGO. LA LICITACIÓN PÚBLICA DE ESTE ESTUDIO INICIARÁ APROXIMADAMENTE EN SEPTIEMBRE.",SEGUIMIENTO AL INICIO DE LICITACIÓN PUBLICA
56,60,,CONCLUIDO,ACTA DE REUNION,https://drive.google.com/drive/folders/1e7KsI8ravfnMZ_lA3RVuaVLig-axDO9z?usp=drive_link,,"CON EL PROPÓSITO DE IMPULSAR EL DESARROLLO DE PROYECTOS DE RIEGO, SE MANTIENE UNA COORDINACIÓN CONTINUA CON LOS GOBIERNOS AUTÓNOMOS MUNICIPALES (GAM) PARA BRINDAR ATENCIÓN A SUS SOLICITUDES, ABSOLVER CONSULTAS TÉCNICAS Y REALIZAR EL SEGUIMIENTO AL ESTADO DE SUS TRÁMITES EN LA DIRECCION DE RIEGO.
ASIMISMO, SE GARANTIZA LA PRIORIZACIÓN DE LOS PROYECTOS TODA VEZ QUE LAS ETAs (ENTIDADES TERRITORIALES AUTONOMAS) PRESENTEN SUS PROYECTOS EN CORTO PLAZO QUE CUMPLAN NORMATIVA VIGENTE DEL SECTOR, YA QUE NO SE PODRIA  ASEGURAR EL FINANCIAMIENTO SIN QUE HAYA UNA SOLICITUD PREVIA Y PRESENTACION DEL PROYECTO POR PARTE DEL GAM.",SE COMPROMETE A COORDINAR CON ENTIDADES ENCCARGADAS REUNIONES PARA ARMAR MESAS DE TRABAJO DE CADA DISTRITO PARA ATENCION A LAS DEMANDAS PLANTEADAS.
57,61,,CONCLUIDO,ACTA DE REUNION,https://drive.google.com/drive/folders/14lDwZVodueWI7WZ4qqU5hAuvFwn53hHl?usp=drive_link,,"CON EL PROPÓSITO DE IMPULSAR EL DESARROLLO DE PROYECTOS DE RIEGO, SE MANTIENE UNA COORDINACIÓN CONTINUA CON LOS GOBIERNOS AUTÓNOMOS MUNICIPALES (GAM) PARA BRINDAR ATENCIÓN A SUS SOLICITUDES, ABSOLVER CONSULTAS TÉCNICAS Y REALIZAR EL SEGUIMIENTO AL ESTADO DE SUS TRÁMITES EN LA DIRECCION DE RIEGO.
ASIMISMO, SE GARANTIZA LA PRIORIZACIÓN DE LOS PROYECTOS TODA VEZ QUE LAS ETAs (ENTIDADES TERRITORIALES AUTONOMAS) PRESENTEN SUS PROYECTOS EN CORTO PLAZO QUE CUMPLAN NORMATIVA VIGENTE DEL SECTOR, YA QUE NO SE PODRIA  ASEGURAR EL FINANCIAMIENTO SIN QUE HAYA UNA SOLICITUD PREVIA Y PRESENTACION DEL PROYECTO POR PARTE DEL GAM.","SE COMPROMETEN A REALIZAR LAS GESTIONES PARA LA MODIFICACION A LA CONTINUIDAD DEL CONTRATO DEL PROYECTO ""PRESA SENKATA ALTA"" "
58,67,2026-09-15T18:15:00.000Z,EN PROCESO,SICOES Y REPORTE DE LA DIRECCIÓN GENERAL DE RECURSOS HIDRICOS Y RIEGO,SICOES Y REPORTE DE LA DIRECCIÓN GENERAL DE RECURSOS HIDRICOS Y RIEGO,ELIAS TRIGO 72852259,"EN BASE A LA SOLICITUD DEL GAM DE CAJUATA, SE PROGRAMO LA VISITA DE CAMPO POR LA ENTIDAD EJECUTORA UCP PPCR PARA LA VISITA AL PROYECTO CONSTRUCCIÓN SISTEMA DE RIEGO POR GOTEO LUJMANI CUYO MONTO DE PREINVERSION ASCIENDE A 293,236.99 Bs.
ACTUALEMENTE EN EVALUACION DE CAMPO.

ASI MISMO SE VIENE REALIZANDO LAS GESTIONES PARA LA FIRMA DE CONVENIO INTERGUBERNATIVO DE FINANCIAMIENTO PARA EL PROYECTO CONST. SISTEMA DE RIEGO CIRCUATA POLEA (CAJUATA) DENTRO DEL PROGRAMA PRITEC. 
YA SE FIRMO CONVENIO Y SE INICIO EL PROCESO DE LICITACIÓN DE LA OBRA, SE PUBLICO EN SICOES EL 02/09/2026 Y SE REALIZARÁ LA APERTURA DE SOBRES EL 05/10/26.

POR PARTE DE LOS OTROS MUNICIPIOS COMO SER LOS YUNGAS - GAM (COROICO, IRUPANA,YANACACHI, LA ASUNTA, Y CHULUMANI NO TUVIERON SOLICITUDES DE PROYECTOS EN RIEGO.

ASIMISMO, A TRAVÉS DE LA DIRECCIÓN GENERAL DE CUENCAS (DGC), SE GESTIONÓ EL PROYECTO “MANEJO INTEGRAL DE LA MICROCUENCA HUARINILLA”, EL CUAL ACTUALMENTE SE ENCUENTRA EN PROCESO DE INSCRIPCIÓN EN EL ANTEPROYECTO DE PRESUPUESTO CORRESPONDIENTE A LA GESTIÓN 2027. ",SE REALIZARÁ LA APERTURA DE SOBRES EL 05/10/26.
59,68,2026-09-09T04:00:00.000Z,CONCLUIDO,JKH,HJK,HJK,HKH,HK
