iddemandapunto,idprincipal,puntonro,descripcionpto,resultadopto,fechaplazo,responsabledemandante,responsabledemandado
4,32,1,asdfs,afsd,2022-03-08T16:00:00.000Z,asdf,asdfa
7,5,1,asfsadf,safadfsad,2021-08-25T16:11:00.000Z,fasdfsad,asfadsfasd
8,32,2,asdfasdasdfasdfsad,fasdfa,2022-05-26T16:26:00.000Z,fasdfsad,fasdfasd
9,5,2,fasdfasdfsdafasdfsadfasd,fasdfasdfasdfsafasdfasdfsadf,2021-08-19T16:32:00.000Z,asdfadsfasd,fdasfsadfasd
10,34,1,tsasfd,sadfasdf,2021-08-23T01:35:00.000Z,afdsasdf111,asfdasdf
12,34,2,asdfasdf,afsdfasd,2021-08-23T16:06:00.000Z,sdfsad,afsdfasd
13,32,3,adfsasdf,fasdfasd,2022-04-23T03:04:00.000Z,adfdsa,fasdfsad
14,58,1,asdfdas,fasdf,2022-02-23T16:04:00.000Z,asdfads,afsdf
15,58,2,dsafasdfdsa,fsdafsad,2021-11-26T17:53:00.000Z,sdfds,fsdaafsd
16,105,ART P,CONMINAN A REUNION CON EL GOBERNADOR PARA AUDIENCIA PUBLICA EL 17 DE NOVIEMBRE 2022 A HORAS 9:00 EN LA VILLA BOLIVARIANA,PENDIENTE,2022-11-28T02:00:00.000Z,FUTPOCH,GADCH
17,105,ART S,"CONMINA Y EXIGE A LA ASAMBLEA DEPARTAMENTAL DE CHUQUISACA, PARA TRABAJAR UNA LEY DEPARTAMENTAL DE DISTRIBUCION DE LOS RECURSOS ADICIONALES DE HIDROCARBUROS.",PENDIENTE,2022-11-17T16:29:00.000Z,FUTPOCH,GADCH
18,105,ART T,"DECLARACION DE ESTADO DE DESASTRE, PRO HELADA, SE EXIGE AL VICEMINIESTRO DE DEFENSA CIVIL Y A LA UNIDAD DE GESTION DE RIESGOS DE LA CADCH, A TOMAR CARTAS EN EL ASUNTO DE MANERA RAPIDA Y PRONTA, CON RESULTADOS FAVORABLES HASTA LA PROXIMA CONVOCATORIA DE ADUENCIA",PENDIENTE,2022-11-17T04:00:00.000Z,FUTPOCH,GADCH
19,105,ART C,"EXHORTA AL MINISTERIO DE DESARROLLO RURAL Y TIERRAS MEDIANTE EL INSTITUTO NACIONAL DE SEGURO AGRARIO INSA REGIONAL CHUQUISACA, DAR RESPUESTA LOS RECLAMOS Y PREOCUPACIONES POR SER DAMNIFICADOS",PENDIENTE,2022-11-17T04:00:00.000Z,FUTPOCH,GADCH
20,113,1,Solicitud de construcción de hospital,,2023-08-22T18:43:00.000Z,Actor1,Actor2
21,124,1,Atención a Limites entre comunidades,Se ha generado un proceso entre comunidades organizado por el INRA y el GADCH,2025-06-24T12:32:00.000Z,Comunidad 1,"INRA, Comunidad 2"
25,188,1,Garantizar gasolina de buena calidad y resarcimiento de daños,Declarar estado de emergencia y movilización permanente de todas las organizaciones sociales del Municipio de Palos Blancos y la región,2026-08-30T04:00:00.000Z,Organizaciones Sociales del Municipio de Palos Blancos,MDPRyA
26,188,2,Implementación de nuevos surtidores en el Municipio de Palos Blancos. Dar vialidad en sus trámites de nuevos surtidores a las empresas en las zonas que faltan en el Municipio de Palos Blancos,Declarar estado de emergencia y movilización permanente de todas las organizaciones sociales del Municipio de Palos Blancos y la región,2026-08-30T04:00:00.000Z,Organizaciones Sociales del Municipio de Palos Blancos,MDPRyA
27,188,3,Rechazo al proyecto de ley antibloqueos.,Declarar estado de emergencia y movilización permanente de todas las organizaciones sociales del Municipio de Palos Blancos y la región,2026-08-30T04:00:00.000Z,Organizaciones Sociales del Municipio de Palos Blancos,MDPRyA
28,188,4,Rechazo a la privatización de las empresas estatales y de los recursos naturales estratégicos del país.,Declarar estado de emergencia y movilización permanente de todas las organizaciones sociales del Municipio de Palos Blancos y la región,2026-08-30T04:00:00.000Z,Organizaciones Sociales del Municipio de Palos Blancos,MDPRyA
29,188,5,Declaración austeridad y reducción de salarios de altas autoridades del estado al 50%,Declarar estado de emergencia y movilización permanente de todas las organizaciones sociales del Municipio de Palos Blancos y la región,2026-08-30T04:00:00.000Z,Organizaciones Sociales del Municipio de Palos Blancos,MDPRyA
30,188,6,"Ejecución y conclusión de carretera asfaltada: CARANAVI - QUIQU1BEY con full de maquinaria, con presupuesto y trabajando",Declarar estado de emergencia y movilización permanente de todas las organizaciones sociales del Municipio de Palos Blancos y la región,2026-08-30T04:00:00.000Z,Organizaciones Sociales del Municipio de Palos Blancos,MDPRyA
31,188,7,Construcción de dos puentes de integración con presupuesto.,Declarar estado de emergencia y movilización permanente de todas las organizaciones sociales del Municipio de Palos Blancos y la región,2026-08-30T04:00:00.000Z,Organizaciones Sociales del Municipio de Palos Blancos,MDPRyA
32,188,8,Estudio técnico y ejecución de acondicionamiento estable del Puente Sapecho,Declarar estado de emergencia y movilización permanente de todas las organizaciones sociales del Municipio de Palos Blancos y la región,2026-08-30T04:00:00.000Z,Organizaciones Sociales del Municipio de Palos Blancos,MDPRyA
33,188,9,Construcción y ampliación del sistema de alcantarillado en el Municipio de Palos Blancos en las áreas urbanas de los distritos.,Declarar estado de emergencia y movilización permanente de todas las organizaciones sociales del Municipio de Palos Blancos y la región,2026-12-31T04:00:00.000Z,Organizaciones Sociales del Municipio de Palos Blancos,MDPRyA
34,188,10,Implementación y ampliación de sistemas de agua potable en el Municipio de Palos Blancos,Declarar estado de emergencia y movilización permanente de todas las organizaciones sociales del Municipio de Palos Blancos y la región,2027-02-01T03:59:00.000Z,Organizaciones Sociales del Municipio de Palos Blancos,MDPRyA
35,188,11,"Hospital de Segundo Nivel Palos Blancos que cuenta con Ley, asignación de recursos para su ejecución",Declarar estado de emergencia y movilización permanente de todas las organizaciones sociales del Municipio de Palos Blancos y la región,2026-08-30T04:00:00.000Z,Organizaciones Sociales del Municipio de Palos Blancos,MDPRyA
36,188,12,"Gobierno Central gestione, el funcionamiento inmediato de las plantas productivas públicas del Estado, promoviendo la exportación de productos orgánicos, con el objetivo de generar movimiento económico, empleo y desarrollo para la región",Declarar estado de emergencia y movilización permanente de todas las organizaciones sociales del Municipio de Palos Blancos y la región,2026-08-30T04:00:00.000Z,Organizaciones Sociales del Municipio de Palos Blancos,MDPRyA
37,188,13,"13.	Reactivación del aparato productivo en el Municipio de Palos Blancos con:


I.	Implementación de sistemas de riego para las comunidades en todas las Centrales de las 4 Federaciones Regionales
II.	El estado promueva el mercado para los productores de la Cuarta Sección
III.	Proyecto de puentes vehiculares, El gobierno debe implementar una secretaria técnica de puentes.
IV.	Ampliación de la red de energía eléctrica en las comunidades
",Declarar estado de emergencia y movilización permanente de todas las organizaciones sociales del Municipio de Palos Blancos y la región,2026-12-31T04:00:00.000Z,Organizaciones Sociales del Municipio de Palos Blancos,MDPRyA
38,188,14,14.	Damos rechazo contundente a la privatización de Energía eléctrica,Declarar estado de emergencia y movilización permanente de todas las organizaciones sociales del Municipio de Palos Blancos y la región,2026-08-30T04:00:00.000Z,Organizaciones Sociales del Municipio de Palos Blancos,MDPRyA
39,188,15,15.	Dotación de Full de Maquinaria para Municipio de Palos Blancos.,Declarar estado de emergencia y movilización permanente de todas las organizaciones sociales del Municipio de Palos Blancos y la región,2026-08-30T04:00:00.000Z,Organizaciones Sociales del Municipio de Palos Blancos,MDPRyA
40,188,16,16.	Reactivación de la Institución de Caminos Vecinales para el mejoramiento de caminos de las comunidades.,Declarar estado de emergencia y movilización permanente de todas las organizaciones sociales del Municipio de Palos Blancos y la región,2026-08-30T04:00:00.000Z,Organizaciones Sociales del Municipio de Palos Blancos,MDPRyA
41,188,17,"17.	Abrogación de los Decretos Supremos de protección de tierras fiscales y de protección, para la titulación de tierras con asentamiento ubicadas en la jurisdicción del Municipio de Palos Blancos",Declarar estado de emergencia y movilización permanente de todas las organizaciones sociales del Municipio de Palos Blancos y la región,2026-08-30T04:00:00.000Z,Organizaciones Sociales del Municipio de Palos Blancos,MDPRyA
42,188,18,Apoyo construcción de la Obra CENTRO INTEGRAL PRODUCTIVO COMUNITARIO FAECAB - PALOS BLANCOS.,Declarar estado de emergencia y movilización permanente de todas las organizaciones sociales del Municipio de Palos Blancos y la región,2026-08-30T04:00:00.000Z,Organizaciones Sociales del Municipio de Palos Blancos,MDPRyA
43,188,19,19.	Electrificación en todas las comunidades del Municipio de Palos Blancos.,Declarar estado de emergencia y movilización permanente de todas las organizaciones sociales del Municipio de Palos Blancos y la región,2026-08-30T04:00:00.000Z,Organizaciones Sociales del Municipio de Palos Blancos,MDPRyA
44,189,1,CONSTRUCCION DE PROYECTOS DE REPRESA. - El Gobierno Nacional junto con el Gobierno Autónomo Departamental de La Paz y las autoridades del Municipio de Sica Sica gestionarán la conclusión de los trámites administrativos iniciados o en tramite para la ejecución de Proyectos de REPRESAS en el sector,Demanda de carácter perentorio hasta el día jueves 25 de junio ,2026-06-25T20:00:00.000Z,Ejecutivos de las Centrales y Sub centrales de la Primera Sección Municipal de Sica Sica,Ministerio de la Presidencia
45,189,2,"2.	REAPERTURA DE LA CÁRCEL. - El Gobierno Nacional a través de 
de igual forma el Gobierno Nacional realizara las gestiones para la búsqueda del financiamiento del diseño final de la cárcel de San Pedro de Sica Sica, ubicado en la zona de Huchusuma (superficie de 6 hectáreas). El Gobierno Autónomo Municipal de Sica Sica gestionara la transferencia de los predios conforme ley para dicho proyecto
",Demanda de carácter perentorio hasta el día jueves 25 de junio,2026-06-25T20:00:00.000Z,Ejecutivos de las Centrales y Sub centrales de la Primera Sección Municipal de Sica Sica,Ministerio de la Presidencia
46,189,3,"3.	IMPLEMENTACIÓN DE ESTACIÓN DE SERVICIO. - El Gobierno Nacional a través de Yacimientos Petrolíferos Fiscales, gestionará la evaluación técnica, para la construcción de una estación de servicio para el municipio de Sica Sica. De forma paralela las autoridades del municipio deberán cumplir con la remisión de la información técnica, señalando la ubicación, situación legal del predio, el acceso a los servicios básicos, etc. Conforme a reglamentación vigente",Demanda de carácter perentorio hasta el día jueves 25 de junio,2026-06-25T20:00:00.000Z,Ejecutivos de las Centrales y Sub centrales de la Primera Sección Municipal de Sica Sica,Ministerio de la Presidencia
47,189,4,4.	PROYECTO DE ENLOSETADO. - el Gobierno Nacional a través del FPS coadyuvará en los proyectos de enlosetado en el sector.,Demanda de carácter perentorio hasta el día jueves 25 de junio,2026-06-25T20:00:00.000Z,Ejecutivos de las Centrales y Sub centrales de la Primera Sección Municipal de Sica Sica,Ministerio de la Presidencia
48,189,5,Ministerio de la Presidencia,Demanda de carácter perentorio hasta el día jueves 25 de junio,2026-06-25T20:00:00.000Z,Ejecutivos de las Centrales y Sub centrales de la Primera Sección Municipal de Sica Sica,Ministerio de la Presidencia
49,189,6,"1.	RIPIADO DE LA PISTA DE ATERRIZAJE. - El Gobierno Nacional gestionara ante NAABOL y el Gobierno Autónomo Departamental de La Paz las acciones necesarias para el mantenimiento, previa verificación técnica, a cuyo efecto se señala reunión con el Ministerio de Obras Públicas, Servicios y Vivienda.",Demanda de carácter perentorio hasta el día jueves 25 de junio,2026-06-25T20:00:00.000Z,Ejecutivos de las Centrales y Sub centrales de la Primera Sección Municipal de Sica Sica,Ministerio de la Presidencia
50,189,7,"CONSTRUCCIÓN DEL AEROPUERTO. - El Gobierno Nacional respecto a la posibilidad de construcción de un nuevo aeropuerto, mediante el Ministerio de Obras Públicas, Servicios y Vivienda gestionará la posibilidad de un estudio técnico de ",Demanda de carácter perentorio hasta el día jueves 25 de junio,2026-06-25T20:00:00.000Z,Ejecutivos de las Centrales y Sub centrales de la Primera Sección Municipal de Sica Sica,Ministerio de la Presidencia
51,189,8,8.	EJECUCIÓN DE CAMINO PAVIMENTADO. - El Gobierno Nacional hará seguimiento a la ejecución del proyecto de “INCORPORACIÓN A LA RED DEPARTAMENTAL DE CAMINOS inscrito en el Gobierno Autónomo Departamental de La Paz y la ABC según corresponda,Demanda de carácter perentorio hasta el día jueves 25 de junio,2026-06-25T20:00:00.000Z,Ejecutivos de las Centrales y Sub centrales de la Primera Sección Municipal de Sica Sica,Ministerio de la Presidencia
52,189,9,"9.	SECCION SALUD. - El Gobierno Nacional en coordinación con el Ministerio
de Salud y la AISEM, gestionara la incorporación de equipos médicos para el W centro de salud de Sica Sica, programando reunión para fecha viernes 26 de junio de la presente, para lo cual los ejecutivos presentes deberán formar una delegación.
",Demanda de carácter perentorio hasta el día jueves 25 de junio,2026-06-25T20:00:00.000Z,Ejecutivos de las Centrales y Sub centrales de la Primera Sección Municipal de Sica Sica,Ministerio de la Presidencia
53,189,10,"PROGRAMAS DE AGUA, RIEGO Y PRODUCTIVIDAD. - El Gobierno Nacional gestionará ante las entidades encargadas las reuniones y mesas de trabajo relacionadas a cada distrito, para abordar los temas sobre pozos, atajadas, goteos, vertientes, proyectos de micro riego y equipamiento para el desarrollo de la producción agrícola.",Demanda de carácter perentorio hasta el día jueves 25 de junio,2026-06-25T20:00:00.000Z,Ejecutivos de las Centrales y Sub centrales de la Primera Sección Municipal de Sica Sica,Ministerio de la Presidencia
55,190,1,Centro de Mejoramiento genetico de la produccion de ganado Bovino  ,Reunion de Cordinacion ,2026-09-30T04:00:00.000Z,FEDERACIÓN DE INTERCULTURALES DEL NORTE INTEGRADO DE YAPACANÍ,MDPRyA
56,190,2,Centro de mejoramiento genetico produccion agricula ,Reunion de Cordinacion	,2026-09-30T04:00:00.000Z,FEDERACIÓN DE INTERCULTURALES DEL NORTE INTEGRADO DE YAPACANÍ,MDPRyA
57,190,3,"Acceso a finaciamiento para pequeños , medianos y grades ",Reunion de Cordinacion,2026-09-30T04:00:00.000Z,FEDERACIÓN DE INTERCULTURALES DEL NORTE INTEGRADO DE YAPACANÍ,MDPRyA
58,190,4,Ejecucion plata piscicola - contruccion matadero para exportacion de carne ,Reunion de Cordinacio,2026-09-30T04:00:00.000Z,FEDERACIÓN DE INTERCULTURALES DEL NORTE INTEGRADO DE YAPACANÍ,MDPRyA
59,191,1,"CREACION INMEDIATA DE UN PROGRAMA DE EMERGENCIA CON FINANCIAMIENTO, PARA LOS EFECTOS DE CAMBIO CLIMATICO, PARA MITIGAR EL ALTO IMPACTO DE LA SEQUIA, HELADA, GRANIZOS, mediante los componentes de: Equipos de perforación de pozos y bombeo de agua a panel solar, construcción de invernaderos con material garantizada para la producción de forrajes y hortalizas. Apoyo con alimentos y herramientas de trabajo para la limpieza y mantenimiento de fuentes de agua, sequías, canales de riego, mantenimiento de caminos vecinales, sendas y caminos turísticos en las comunidades y otros",LA AGENDA DEPARTAMENTAL O PLIEGO PETITORIO PARA EL DESARROLLO PARA LAS 16 PROVINCIAS,2026-12-31T04:00:00.000Z,FEDERACIÓN SINDICAL ÚNICA DE TRABAJADORES CAMPESINOS DE ORURO- F.S.U.T.C.O.,MDPRyA
60,191,2,"Proyecto y financíamiento sostenido para el complejo productivo de la quinua o cadena productiva, comprende los sectores de: Salinas, Challapata, Huari, Quillacas, Pampa Auiiagas, Pazña, Poopo, El Choro, Toledo, Caracoilo y otros municipios.",LA AGENDA DEPARTAMENTAL O PLIEGO PETITORIO PARA EL DESARROLLO PARA LAS 16 PROVINCIAS,2026-05-21T16:00:00.000Z,FEDERACIÓN SINDICAL ÚNICA DE TRABAJADORES CAMPESINOS DE ORURO- F.S.U.T.C.O.,MDPRyA-VDADI
61,191,3,"Proyecto y financíamiento para el complejo productivo de camélidos o cadenas productivas, desde la PRODUCCION, TRANSFORMACION Y COMERCIALIZACION, (Agua para producción - cosechas de aguas de lluvia, perforación de pozos, represas, sistemas de riego tecnificado, silos para forrajes, maquinarias agrícolas, cobertizos, son más de 30 municipios productores del departamento. El occidente de Oruro potencial productor como: Curahuara de Carangas Corque, San Pedro de Totora, Huayllamarca, Choquecota, Turco, Corque, Sur Carangas, Salinas, Huanuni, Challapata y otros,",LA AGENDA DEPARTAMENTAL O PLIEGO PETITORIO PARA EL DESARROLLO PARA LAS 16 PROVINCIA,2026-05-21T16:00:00.000Z,FEDERACIÓN SINDICAL ÚNICA DE TRABAJADORES CAMPESINOS DE ORURO- F.S.U.T.C.O.,MDPRyA-VDADI
62,191,4,"Proyecto de financíamiento para la producción de hortalizas en las regiones productoras, de Soracachl, Caracoilo, Machacamarca, Poopo, Pazña, Challapata, Huayllamarca, Curahuara de Carangas.",LA AGENDA DEPARTAMENTAL O PLIEGO PETITORIO PARA EL DESARROLLO PARA LAS 16 PROVINCIAS,,FEDERACIÓN SINDICAL ÚNICA DE TRABAJADORES CAMPESINOS DE ORURO- F.S.U.T.C.O.,MDPRyA
63,191,5,"5.	Proyecto de financíamiento para la producción lechera, principalmente en los municipios productores, desde Caracoilo, hasta Challpata, toda la cuenca lechera.",LA AGENDA DEPARTAMENTAL O PLIEGO PETITORIO PARA EL DESARROLLO PARA LAS 16 PROVINCIAS,2026-05-21T17:08:00.000Z,FEDERACIÓN SINDICAL ÚNICA DE TRABAJADORES CAMPESINOS DE ORURO- F.S.U.T.C.O.,MDPRyA-VDADI
64,191,6,"Perforación de pozos profundos para agua, cosechas de aguas de lluvia, construcción de represas de agua, sistemas de riego tecnificado en las 16 provincias del departamento",LA AGENDA DEPARTAMENTAL O PLIEGO PETITORIO PARA EL DESARROLLO PARA LAS 16 PROVINCIAS,2027-01-01T03:59:00.000Z,FEDERACIÓN SINDICAL ÚNICA DE TRABAJADORES CAMPESINOS DE ORURO- F.S.U.T.C.O.,MDPRyA
65,191,7,"Reactivación y construcción de centros artesanales para la transformación de la fibra de camélidos, lana de ovinos en las 16 provincias, para su exportación",LA AGENDA DEPARTAMENTAL O PLIEGO PETITORIO PARA EL DESARROLLO PARA LAS 16 PROVINCIAS,,FEDERACIÓN SINDICAL ÚNICA DE TRABAJADORES CAMPESINOS DE ORURO- F.S.U.T.C.O.,MDPRyA
66,191,8,"Impulsar las potencialidades turísticas especialmente el turismo comunitario, para las 16 provincias del departamento de Oruro, Inventario y catalogación de atractivos
turísticos, señalización y puesta en valor de los productos turísticos, con promoción y marketing",LA AGENDA DEPARTAMENTAL O PLIEGO PETITORIO PARA EL DESARROLLO PARA LAS 16 PROVINCIAS,,FEDERACIÓN SINDICAL ÚNICA DE TRABAJADORES CAMPESINOS DE ORURO- F.S.U.T.C.O.,MDPRyA
67,191,9,Financiamiento para la construcción de viveros forestales en los diferentes municipios para la reforestación de áreas verdes y enfrentar el cambio climático,LA AGENDA DEPARTAMENTAL O PLIEGO PETITORIO PARA EL DESARROLLO PARA LAS 16 PROVINCIAS,,	FEDERACIÓN SINDICAL ÚNICA DE TRABAJADORES CAMPESINOS DE ORURO- F.S.U.T.C.O.,MDPRyA
68,191,10,"Financiamiento para la ejecución de proyectos de INVERNADEROS CON TECNOLOGIA E INVERNADEROS HIDROPONICOS en los 34 municipios de Oruro, para la producción de Hortalizas, para garantizar la seguridad alimentaria y producción de forraje para la ganadería, en tiempos de escases de productos y el cambio climático",LA AGENDA DEPARTAMENTAL O PLIEGO PETITORIO PARA EL DESARROLLO PARA LAS 16 PROVINCIAS,2026-05-21T17:00:00.000Z,FEDERACIÓN SINDICAL ÚNICA DE TRABAJADORES CAMPESINOS DE ORURO- F.S.U.T.C.O.,MDPRyA
69,191,11,Continuidad de la construcción de la carretera doble vía Oruro - Challapata.,LA AGENDA DEPARTAMENTAL O PLIEGO PETITORIO PARA EL DESARROLLO PARA LAS 16 PROVINCIAS,,FEDERACIÓN SINDICAL ÚNICA DE TRABAJADORES CAMPESINOS DE ORURO- F.S.U.T.C.O.,MDPRyA
70,191,12,"Continuidad y conclusión de la carretera F 31, que conecta Oruro, la joya, Huayllamarca, Totora, Curahuara de Carangas, Sajama, Tambo Quemado",LA AGENDA DEPARTAMENTAL O PLIEGO PETITORIO PARA EL DESARROLLO PARA LAS 16 PROVINCIAS,,FEDERACIÓN SINDICAL ÚNICA DE TRABAJADORES CAMPESINOS DE ORURO- F.S.U.T.C.O.,MDPRyA
71,191,13,"Construcción de carreteras intermunicipales en el departamento, para facilitar la movilidad comercial de productos locales principalmente.",LA AGENDA DEPARTAMENTAL O PLIEGO PETITORIO PARA EL DESARROLLO PARA LAS 16 PROVINCIAS,,FEDERACIÓN SINDICAL ÚNICA DE TRABAJADORES CAMPESINOS DE ORURO- F.S.U.T.C.O.,MDPRyA
72,191,14,"ORURO, ZONA ECONOMICA ESPECIAL, PRODUCTIVA, INDUSTRIAL, COMERCIAL, EXPORTADORA Y TURISTICA, Según LAS VOCACIONES PRODUCTIVAS, INFRAESTRUCTURA PRODUCTIVA Y DE ACCESO”.
“La mayor aspiración del departamento de Oruro es declarar mediante ley nacional como ZONA ECONOMICA ESPECIAL, INDUSTRIAL, EXPORTADORA Y TURISTICA, para favorecer y atraer inversiones del interior y exterior del país, destinado a reactivar la macro y micro economía de todo el departamento.
Nuevas industrias para Oruro: El desafio es Implementar, nuevas industrias de producción, en materia de SEGURIDAD ALIMENTARIA, ensamblado de movilidades, equipos tecnológicos
",LA AGENDA DEPARTAMENTAL O PLIEGO PETITORIO PARA EL DESARROLLO PARA LAS 16 PROVINCIAS,,FEDERACIÓN SINDICAL ÚNICA DE TRABAJADORES CAMPESINOS DE ORURO- F.S.U.T.C.O.,MDPRyA
73,191,15,"15.	PLAN DE EMERGENCIA DE EMPLEO NACIONAL, PARA REACTIVAR LA ECONOMIA DE SECTORES DEL SECTOR MAYORITARIO DE ORURO, (CAMPO - CIUDAD).",LA AGENDA DEPARTAMENTAL O PLIEGO PETITORIO PARA EL DESARROLLO PARA LAS 16 PROVINCIAS,,FEDERACIÓN SINDICAL ÚNICA DE TRABAJADORES CAMPESINOS DE ORURO- F.S.U.T.C.O.,MDPRyA
74,191,16,"GESTION INMEDIATA DE LA COOPERACION INTERNACIONAL PARA ORURO Y SOLIVIA, ( ONGS Y FUNDACIONES, COSUDE, PMA, UNICEF, CARITAS, KFW, UE. Y OTROS, MEDIANTE LA CANCILLERIA",LA AGENDA DEPARTAMENTAL O PLIEGO PETITORIO PARA EL DESARROLLO PARA LAS 16 PROVINCIAS,,FEDERACIÓN SINDICAL ÚNICA DE TRABAJADORES CAMPESINOS DE ORURO- F.S.U.T.C.O.,MDPRyA
75,191,17,"Oruro, NO CUENTA REPRESENTACION EN EL PORDER EJECUTIVO",LA AGENDA DEPARTAMENTAL O PLIEGO PETITORIO PARA EL DESARROLLO PARA LAS 16 PROVINCIAS,,FEDERACIÓN SINDICAL ÚNICA DE TRABAJADORES CAMPESINOS DE ORURO- F.S.U.T.C.O.,MDPRyA
76,191,18,"Construcción de plantas de industrialización de los RESIDUOS SOLIDOS básicamente, sujeto a un estudio técnico - financiero",LA AGENDA DEPARTAMENTAL O PLIEGO PETITORIO PARA EL DESARROLLO PARA LAS 16 PROVINCIAS,2027-01-01T03:59:00.000Z,FEDERACIÓN SINDICAL ÚNICA DE TRABAJADORES CAMPESINOS DE ORURO- F.S.U.T.C.O.,MDPRyA
77,191,19,"Construcción de institutos tecnológicos, en los diferentes municipios del departamento para una educación competitiva, moderna y productiva",LA AGENDA DEPARTAMENTAL O PLIEGO PETITORIO PARA EL DESARROLLO PARA LAS 16 PROVINCIAS,,FEDERACIÓN SINDICAL ÚNICA DE TRABAJADORES CAMPESINOS DE ORURO- F.S.U.T.C.O.,MDPRyA
78,192,1,1.	La inclusión de los productores avícolas de los valles crúcenos en el fideicomiso creado para el sector,Solicitud ,,Federación Nacional de Avicultores FENAV-B ,MDPRyA
79,192,2,"2.	La creación de créditos adicionales o la consideración de la inclusión de dichos productores en los créditos ya autorizados para la avicultura, con el fin de garantizar la recuperación y sostpnibilídad de sus actividades",Solicitud,,Federación Nacional de Avicultores FENAV-B,MDPRyA
80,193,1,FINANCIAMIENTO PARA CONSTRUCCION DEL PROYECTO DE RIEGO TECNIFICADO PARCELARIO PATAMANTA ,"EN EL MARCO DE LA GESTIÓN DE FINANCIAMIENTO DEL PROYECTO DE RIEGO PARCELARIO PATAMANTA, SE REALIZARON LAS SIGUIENTES ACCIONES:
- APROBACIÓN DEL ESTUDIO
- COMPROMISOS DE CONTRAPARTE DEL GAM Y GAD.
- SOLICITUD DE RATIFICACIÓN DE CONTRAPARTES DE PARTE DEL GAM Y GAD.
- COMPROMISO DE LIBERACION DEL 80% DEL CANDADO ADUCCIÓN MULTIPROPÓSITO
- SOLICITUD DE FINANCIAMIENTO DEL PROYECTO AL VIPFE
- FORMULACIÓN DEL PROGRAMA PAPA (EN BORRADOR)
- REUNIÓN CON PATAMANTA EL 03/08/2026 EN EMAGUA A HRS. 10:00",2026-03-28T04:00:00.000Z,CENTRAL AGRARIA PATAMANTA,VRHRAPYSB
82,234,1,DEMANDARON UNIDADES MOVILES DE VENTA DE POLLO Y FINANCIAMIENTO DE GASOLINA PARA BAJA DE PRECIOS DE POLLO,SE REALIZARON UNIDADES MOVILES CORDINADAS Y EEUU FINANCIÓ A TRAVES DE PMA LA GASOLINA Y COSTOS LOGISTICOS,,FEJUVES EL ALLTO  (16 DISTRITOS),VCLI-EMAPA
83,237,1,"•	El SERNAP, realizará un análisis técnico y jurídico respecto a la actualización del reglamento para la otorgación del Certificado de Compatibilidad de Uso (CCU) en base a la normativa vigente","En base a la reunión inicial sostenida del 25 de mayo, se sostuvo una segunda reunión en fecha 1 de julio donde el SERNAP efectuaría el envío de propuesta de reglamento CCU hasta el 2 de junio del presente. 
El acuerdo estableció que día 7 de julio se sotendría una reunión con FENCOMIN Y FEDECOMIN La Paz. Posterior a la última reunión sostenida en fecha 10 de julio, el SERNAP procedió a reestablecer el CCU activo, cumpliendo con la demanda recibida.  
En fecha 2 de septiembre el SERNAP efectuó el envío de Nota CAR/DE N0189/2026 informando al Ministerio de Minería y Metalurgia sobre la reposición del Reglamento para la Emisión del Certificado de Compatibilidad de Uso (CCU). 
En fecha 3 de septiembre el SERNAP hará llegar una nota al Despacho del Ministro del MPSMAyA informando el cumplimiento con el acuerdo efectuado
           
Documentos adjuntas",2026-07-11T04:00:00.000Z,Federación Departamental de Cooperativas Mineras,Servicio Nacional de Áreas Protegidas
84,237,2,•	La AJAM realizará el análisis de recursos presentados por trámites de reversión de áreas en Apolobamba que se encuentren relacionado con el CCU en el marco de la normativa vigente,,2026-05-26T04:00:00.000Z,Federación Departamental de Cooperativas Mineras,AJAM
85,237,3,•	La AJAM atenderá los casos requeridos por la FEDECOMIN LA PAZ R.L,,2026-05-25T04:00:00.000Z,Federación Departamental de Cooperativas Mineras,AJAM
87,238,1,PROGRAMAS Y PROYECTOS,SE INFORMO SOBRE PROGRAMAS QUE RECIEN VIENEN ENCAMINANDOSE EN EL VDADI,2026-05-07T18:00:00.000Z,CELESTINO CONDORI REVOLLO - CORREGIDOR,VDADI-DIRECCION DE PRODUCCION PECUARIA ACUICULTURA Y PESCA
88,238,2,DOTACION DE MOTOCICLETAS E INMOBILIARIO EN CALIDAD DE COMODATO,LAS AUTORIDADES ORIGINARIAS PRESENTARAN AL MDPRYA LA SOLICITUD DE COMODATO,2026-05-07T18:00:00.000Z,CELESTINO CONDORI REVOLLO - CORREGIDOR,VDADI-DIRECCION DE PRODUCCION PECUARIA ACUICULTURA Y PESCA
89,238,3,PUESTO DE TRABAJO - STRIA IPDSA,SE REALLIZARA SEGUIMIENTO A LAS GESTIONES PARA LAS AUTORIDADES SOBRE ESTE CASO,2026-05-07T18:00:00.000Z,CELESTINO CONDORI REVOLLO - CORREGIDOR,VDADI-DIRECCION DE PRODUCCION PECUARIA ACUICULTURA Y PESCA
90,239,1,1.- PROGRAMAS Y PROYECTOS PARA EL DESARROLLO PRODUCTIVO,SE INFORMO SOBRE LOS PROGRAMAS QUE SE VIENEN GESTIONANDO POR EL VDADI EN APOYO AL SECTOR PRODUCTIVO DEL PAIS,2026-05-11T18:00:00.000Z,JESUS CHUCAMANI-ALCALDE GAM PALOS BLANCOS,ING. LUCIO LIPA 
91,239,2,AGENDA DE REUNION CON AUTORIDADES DEL VDADI,LOS ALCALDES SOLICITAN REUNION PARA EL 15 DE JUNIO A HRS 10:00,2026-06-10T14:01:00.000Z,JESUS CHUCAMANI-ALCALDE GAM PALOS BLANCOS,ING. LUCIO LIPA 
92,240,1,SOLICITAN INFORMACION DE LOS PROGRAMAS Y PROYECTOS PRODUCTIVOS,EL VDADI INFORMO SOBRE FORMULACION DE PROGRAMAS PRODUCTIVOS,2026-05-19T20:30:00.000Z,ELIAS APAZA MAMANI-EJECUTIVO DE CENTRAL AGRARIA,ING. LUCIO LIPA 
93,240,2,COORDINACION SOBRE PROYECTOS ,SE INFORMO SOBRE PROGRAMAS  Y PROYECTOS ,2026-05-19T20:30:00.000Z,ELIAS APAZA MAMANI-EJECUTIVO DE CENTRAL AGRARIA,ING. LUCIO LIPA 
94,241,1,EN ESTA REUNION SE INFORMO A LOS 5 MUNICIPIOS DE LOS PROGRAMAS Y PROYECTOS VIGENTES Y EN GESTION DE FINANCIAMIENTO,SE CUMPLIO CON EL REQUERIMIENTO DE INFORMACION DE LOS 5 MUNICIPIOS,2026-05-19T20:00:00.000Z,5 MUNICIPIOS DE PROVINCIA CAMACHO,VIC. KAREL RIVERO - ING. LUCIO LIPA
95,242,1,"COORDINACION E INFORMACION DE PROGRAMAS Y PROYECTOS PRODUCTIVOS, REALIZAR LA SOCIALIZACION EN SAN MIGUEL DE HUACHI, INFORMACION DEL PROGRAMA DE FRUTOS AMAZONICOS Y VALLE, INFORMACION DEL CREDITO BDP PRODUCCION DE AVES DE POSTURA Y PARRILLERO",SE RESPONDIO POR ESCRITO INDICANDO QUE DEBIDO A LA SITUACION SOCIAL LA FECHA DE REUNION EN EL LUGAR SE REPROGRAMARA ,2026-09-04T14:46:00.000Z,RUBEN DAVID ESCOBAR-STRIO GRAL DE LA FEDERACION SAN MIGUEL DE HUACHI,LIC. RONALD ALEMAN
96,243,1,"EL GAM DE PUCARANI SOLICITO INFORMACION DEL PROGRAMA POZOS, PRORESILIENCIA CAMELIDOS Y FIDEICOMISO FIREGAPO","SE INFORMO RESPECTO DE  LA FORMULACION DE CADA PROGRAMA LOS ALCANCES TECNICOS, ECONOMICOS Y PRESUPUESTARIOS",2026-07-03T18:00:00.000Z,ALCALDE MUNICIPAL,ING. LUCIO LIPA 
97,245,1,PROSAN REQUIERE CONVENIO DE COMERCIALIZACION DE PAPA DE CONSUMO Y SEMILLA,"SE ACORDO QUE:
OFERTAN 4000 QQ PAPA DE CONSUMO, TAMAÑOS 1RA, 2DA Y 3RA.
OFERTA DE 2000 QQ DE SEMILLA DE PAPA CERTIFICADA VARIEDAD WAYCHA.
",2026-06-29T16:19:00.000Z,ASCENSIO CHINO BAUTISTA-RPTE LEGAL PROSAN,ING. LUCIO LIPA 
98,246,1,EL GAM DE PUERTO PEREZ SOLICITA INFORMACION DE PROGRAMAS Y PROYECTOS QUE VIENEN SIENDO DESARROLLADOS POR EL VDADI,EL VDADI REMITIRA LA BASE DE DATOS DE PROYECTOS PRODUCTIVOS HASTA EL DIA 23 DE JUNIO DE 2026 ,2026-06-12T16:10:00.000Z,LUCIO SUXO QUISPE - ALCALDE MUNICIPAL,VDADI-DIRECCION DE PRODUCCION PECUARIA ACUICULTURA Y PESCA
99,247,1,EL GAM ICHOCA SOLICITO INFORMACION DE PROGRAMAS Y PROYECTOS DE DESARROLLO PRODUCTIVO,SE HA INFORMADO A LA PETICION VERBAL DE INFORMACION Y ASI MISMO SE ACORDO CON LOS TECNICOS DEL MUNICIPIO PARA UNA PROXIMA REUNION CON LA PARTICIPACION DEL ALCALDE Y CONCEJALES,2026-06-12T17:55:00.000Z,ALEX MAMANI C - TECNICO GAM ICHOCA,VDADI-ING. LUCIO LIPA
100,248,1,"LAS AUTORIDADES DEL MUNICIPIO DE BATALLAS SOLICITARON LA INCLUSION A LOS PROGRAMAS DE POZOS, PROGRAMA DE FORTALECIMIENTO LECHERO, PARTICIPAR EL LA LEY MI BOLIVIA LECHERA, PARTICIPACION EN EL PROGRAMA MI PUENTE CON EMPODERA-PAR  ",SE INFORMO DE FORMA DETALLADA A LA PETICION REALIZADA,2026-07-03T16:16:00.000Z,ALVARO PATTY MERCADO - ALCALDE MUNICIPAL,VDADI-ING. LUCIO LIPA
101,249,1,"LA ORGANIZACION PROPUSO LA OFERTA DE SEMILLA DE PAPA DE 25.000 QQ ; VARIEDADES DE WAYCHA, IMILLA NEGRA, PAPA MARCELA Y JATUNPUCA; CATEGORIAS: BASICA III REGISTRADA, I y II, Y CERTIFICADA ",SE DIO RESPUESTA EN EL SENTIDO DE QUE EL VDADI A LA FECHA NO CUENTA CON PROGRAMAS VIGENTES NI PRESUPUESTO ASIGNADO PARA ESTABLECER ESTOS CONVENIOS,2026-07-08T19:30:00.000Z,GONZALO APAZA APAZA- EJECUTIVO DE CENTRAL AGRARIA MURUMAMANI,VDADI-DIRECCION DE PRODUCCION PECUARIA ACUICULTURA Y PESCA
102,250,1,SOLICITUD DE APOYO EN PRODUCCION DE FORRAJE Y AGUA PARA LA PRODUCCION DE LECHE,"SE INFORMO SOBRE EL PROGRAMA DE POZOS, PROGRAMA DE GANADO BOVINO LECHERO, LOS CUALES SE ENCUENTRAN EN PROCESO DE GESTION POR EL VDADI",2026-07-23T18:45:00.000Z,MAXIMO RAMOS-PRESIDENTE DE REGANTES,VDADI-DIRECCION DE PRODUCCION PECUARIA ACUICULTURA Y PESCA
103,251,1,"EL GAM CALACOTO SOLICITO CON NOTA AL SR MINISTRO EN LA CUAL SE REALIZO LA SOCIALIZACION DEL PROGRAMA PISCICOLA NACIONAL, PROGRAMA CAMELIDOS DONDE SE EXPLICO QUE ESTAN EN FORMULACION Y BUSQUEDA DE FINANCIAMIENTO ",SE ATENDIO LA SOLICITUD,2026-07-20T18:50:00.000Z,HECTOR QUISPE CUSI- ALCALDE,VDADI-DIRECCION DE PRODUCCION PECUARIA ACUICULTURA Y PESCA
104,252,1,"EL GAM DE CAIROMA SOLICITA INFORMACION DE PROGRAMAS Y PROYECTOS, DONDE ANTERIORMENTE SE BENEFICIO CON PROGRAMA DE TUBERCULOS Y RAICES FUE BENEFICIADA CON INFRAESTRUCTURA PRODUCTIVA- COMO CONCLUYO EL PROGRAMA YA NO SE PUEDE REALIZAR EL EQUIPAMIENTO","SE INFORMO QUE LA REGION DEL MUNICIPIO YA SE BENEFICIO CON INFRAESTRUCTURA PRODUCTIVA, PARA BENEFICIARSE CON EL EQUIPAMIENTO ES NECESARIO ESPERAR EL NUEVO PROGRAMA DE PAPA",2026-08-21T19:30:00.000Z,GOBIERNO AUTONOMO MUNICIPAL DE CAIROMA,VDADI-ING. LUCIO LIPA
105,253,1,REQUERIMIENTO DE INFORMACION SOBRE PROYECTOS PRODUCTIVOS PARA DESARROLLO AGROPECUARIO,"SE INFORMO SOBRE PROGRAMAS Y PROYECTOS AGROPECUARIOS CONFORME A GESTION DE FORMULACION DE PROGRAMA POZOS, CAMELIDOS, CUYS, PAPA Y GANADERIA",2026-07-21T19:30:00.000Z,VICTOR VILLAREAL MAYTA-ALCALDE,VDADI-ING. LUCIO LIPA
106,254,1,"SOLICITAN INFORMACION DE:
ADQUISICION DE MAQUINARIA AGRICOLA, APOYO CON SEMILLA DE PAPA, SOCIALIZACION DE PROGRAMAS EN FORMULACION Y FIDEICOMISO FIREGAPO:

- Criadero de cuyes
- Crianza de gallinas
- Producción porcina
- Producción piscicola (pescado

","LAS AUTORIDADES DE LA SUBALCALDIA REMITIRAN INFORME DE REGISTRO DE PRODUCTORES- EL VDADI EN COORDINACION CON LAS AUTORIDADES LOCALES ARTICULARA CON SEMILLEROS DE PAPA Y HABA, EL VDADI REMITIRA REQUISITOS DE DEL FIREGAPO DEL RUNSA AL SUBALCALDE DE MARKA HAMPATURI ",2026-07-20T13:30:00.000Z,MARKA HAMPATURI LA CUMBRE,VDADI-ING. LUCIO LIPA
107,255,1,INFORMACION PERTINENTE SOBRE PROGRAMAS PRODUCTIVOS Y APOYO EN CAPACITACION TECNICA,"EL VDADI INFORMO SOBRE PROGRAMAS PRODUCTIVOS QUE VIENEN FORMULANDO Y GESTIONANDO EL FINANCIAMIENTO, ASI MISMO SE COORDINARA TALLERES Y CURSOS DE CAPACITACION EN TEMAS AGROPECUARIOS Y EMPRENDIMIENTOS DE GENERO, EL VDADI ARTICULARA EN FERIAS Y COMITES DE AGRICULTURA FAMILIAR",2026-08-17T18:00:00.000Z,ROSARIO LUNA BUTRON-PDTA COCIPOBOL LA PAZ,VDADI-DIRECCION DE PRODUCCION PECUARIA ACUICULTURA Y PESCA
108,256,1,"INFORMACION DE PROYECTOS DEL PROGRAMA POZOS, FORRAJES, SEMILLAS, PAR III","EL VDADI INFORMO SOBRE LOS PROGRAMAS QUE VIENE FORMULANDO PARA EL DESARROLLO AGROPECUARIO Y LOS ALCANCES DE COBERTURA, ASI MISMO LAS AUTORIDADES EN COORDINACION CON EL GAM DE SICA SICA SOLICITARAN PROYECTOS EN FUNCIONA A SUS NECESIDADES ",2026-08-18T15:00:00.000Z,JORGE ARGANA CALLE-EJECUTIVO SUBCENTRAL AGRARIA ,VDADI-ING. LUCIO LIPA
109,257,1,SOLICITUD DE INFORMACION DEL PROGRAMA DE CAMELIDOS,EL GAM TARVITA ENVIARA INFORMACION TECNICA PARA INCLUIR EN LOS PROGRAMAS EN GESTION ,2026-07-14T15:52:00.000Z,RENE BENEGAS - STRIO DE DESARROLLO PRODUCTIVO GAM TARVITA,VDADI-RILMAR LEON GUTIERREZ
110,258,1,SOLICITAN ORGANIZACION DE LA XVI FERIA NACIONAL DE CAMELIDOS SEDE POTOSI,"EL VDADI BRINDARA APOYO LOGISTICO PARA LA FERIA, ",2026-08-12T14:45:00.000Z,RENE JOAQUINO CABRERA-GOBERNADOR DE POTOSI,VDADI-RILMAR LEON GUTIERREZ
111,259,1,SOLICITAN LA CONSTRUCCION DE POZOS Y PROGRAMAS PRODUCTIVOS ,"SE SOCIALIZO LOS ALCANCES DEL PROGRAMA DE APROVECHAMIENTO DE AGUAS SUBTERRANEAS, POR OTRO LADO LOS PROGRAMAS QUE VIENEN FORMULANDO EL VDADI",2026-08-12T15:30:00.000Z,DIONI ACHACOLLO VELASQUEZ-ALCALDE,VDADI-RILMAR LEON GUTIERREZ
112,194,1,"DEMANDA/COB-Central Obrera Boliviana Demanda a VRHRHAPYSB por
FINANCIAMIENTO PARA CONSTRUCCION DEL PROYECTO DE RIEGO TECNIFICADO PARCELARIO PATAMANTA",,2027-01-01T03:59:00.000Z,COB-Central Obrera Boliviana,VRHRHAPYSB
113,261,1,Fortalecer la lucha contra el Contrabando a la inversa,"Cumplido, el CEOLCC realizó la instrucción de que no se permita el traslado de ganado en pie en los 50 km de la frontera, así como se ha fortalecido le lucha contra el contrabando
El VLCC realizó gestiones ante el Viceministerio de Justicia Indígena… para que se efectivice la coordinación con los GAM que correspondan, previa solicitud formal de la CONTRACABOL que incluya información de ferial.

El VLCC otorgó a la CONTRACABOL un contacto para que se realicen denuncias de posibles casos de contrabando.",,CONTRACABOL,CEOLCC - VLCC - VCLI
114,261,2,Fortalecer la lucha contra el Contrabando a la inversa,"Está en curso la atención de la DGDDUC que se pondrá en contacto con la Autoridades de Patacamaya, SENASAG e instituciones que correspondan, para la realización de verificativos conjuntos, información que será transmitida al CEOLCC para fines consiguientes",2026-09-30T04:00:00.000Z,CONTRACABOL,VCLI-SENASAG-CEOLCC
115,261,3,Contar con información de precios coordinados con la CONTRACABOL,"Cumplido, en fecha 18 de agosto se realizó el relevamiento de información.",2026-08-17T04:00:00.000Z,CONTRACABOL,OAP
116,261,4,Solicitan Información de guías de movimiento a puntos fronterizos,"El SENASAG  remitió información de las guías de movimiento al VCLIyDUC, asimismo, ya se remitió respuesta a la CONTRACABOL",2026-08-28T04:00:00.000Z,CONTRACABOL,SENASAG
117,264,1,"Abordar el abastecimiento, regulación y monitoreo de precios, las sanciones por agio en fletes y el abastecimiento de alimentos estratégicos como el maíz.

Control y monitoreo estricto de precios en el mercado interno para evitar agio en el transporte y en insumos estratégicos",Remitir solicitud de ADEPOR a la ATT debido a que no se tiene competencia para sancionar por agio en fletes,2026-09-13T04:00:00.000Z,ADEPOR CBBA,VCLI
118,264,2,"Facilitar políticas de acceso de materia prima e insumos a precios justos

Implementación de programas de facilitación de acceso a materia prima e insumos.","EMAPA facilitará información para acordar ventas de harina solvente y afrecho.
INBOL facilitará información para la venta de maíz amarillo duro 
",2026-09-13T04:00:00.000Z,ADEPOR CBBA,EMAPA - INSUMOS BOLIVIA
119,264,3,Gestionar el acceso a créditos e instrumentos financieros estatales con condiciones blandas para la reposición del capital de operaciones,"El VDADI coordinó con el BDP la vigencia de un FIDEICOMISO para el sector porcícola, en tal sentido, el VDADI convocará a reunión al BDP. ",2026-09-20T04:00:00.000Z,ADEPOR CBBA,VDADI
120,264,4,"Gestionar la promoción de políticas y programas para lograr el control, así como la certificación para garantizar la sanidad agropecuaria y la inocuidad alimentaria",El VDADI puso en conocimiento que se elaboró el Programa Nacional de Producción Porcina Sostenible que está en la fase de aprobación,2026-08-27T04:00:00.000Z,ADEPOR CBBA,VDADI
121,264,5,El SENASAG actúe con un rol de apoyo técnico y alivio financiero. Fortalecer la soberanía alimentaria y eliminar obstáculos burocráticos que dificulte la renovación de nuevos registros sanitarios a los productores,El SENASAG revisará la solicitud de ADEPOR con relación a las granjas que no cuentan con registro sanitario.,2026-09-30T04:00:00.000Z,ADEPOR CBBA,SENASAG
122,265,1,Implementación de un precio preferencial para la compra de harina. Existe un posible conflicto que podría desencadenar en la subida del precio del pan de batalla en el occidente del país,Se identificó la posibilidad de realizar entregas directas de harina mediante los cupos disponibles en EMAPA,,CONAPABOL,EMAPA
123,265,2,"Garantizar la provisión continua de harina y levadura y la gestión de mecanismos extraordinarios de abastecimiento, incluyendo vuelos solidarios. ",Fortalecer la logística de distribución,2026-11-30T04:00:00.000Z,CONAPABOL - PANIFICADORES INDEPENDIENTES,VCLI
124,265,3,"Garantizar la provisión continua de harina y levadura y la gestión de mecanismos extraordinarios de abastecimiento, incluyendo vuelos solidarios. ",Desarrollar ferias productivas que contribuyan al apoyo y fortalecimiento del sector panificador nacional.,2026-10-02T04:00:00.000Z,CONAPABOL,VCLI
125,231,82,APOYO AL RIEGO DEL MUNICIPIO DE LURIBAY ZONA PRODUCTIVA DE VINO Y SINGANI,,2027-01-01T03:59:00.000Z,"FEDERACION DE JUNTAS VECINALES DE VIACHA; DISTRITO 1,4,5,6,7 CIUDAD DE EL ALTO; FEDERACION DE JUNTAS VECINALES DEL  MUNICIPIO SICA SICA; PROVINCIA MURILLO; PROVINCIA PALCA; PROVINCIA OMASUYOS; GOBIERNO AUTONOMO MUNICIPAL DE SANTIAGO DE HUATA; GOBIERNO AUTONOMO MUNICIPAL DE LURIBAY; PROVINCIA AROMA; PROVINCIA CAMACHO",VRHRAPYSB
127,266,1,"CONSTRUCCION DE TINGLADOS Y AULAS EDUCATIVAS, CONSTRUCCION DE CENTROS DE SALUD CON INTERVENCION EN LOS 5 MUNICIPIOS, CONSTRUCCION DE RESERVORIOS DE AGUA PARA RIEGO DE GOTEO,  CONSTRUCCION DE PERFORACION DE POZO PARA CAPTACION DE AGUA , CONSTRUCCION DE CENTROS DE ELABORACION DE CAMELIDO, . EQUIPAMIENTO A LOS CENTROS DE SALUD CON AMBULANCIAS Y EQUIPOS DE EMERGENCIA,  EQUIPAMIENTO A LA EDUCACION CON EQUIPOS DEL AREA TECNICO HUMANISTICO, . CONSTRUCCION DE CARRETERAS ASFALTADAS EN LOS 5 MUNICIPIOS,  CONSTRUCCION DE PUENTES DE INTEGRACION EN LOS 5 MUNICPIOS,  CONSTRUCCION EQUIPAMIENTO DE PRODUCTOS AGRICOLAS. ","EL Ministerio de Educacion designara 3 items de nuevo creacion, tamabien entregara 3 antenas atarlink por municipio.
Viceministerio de Vivienda informo sobre programa de AEVIVIENDA donde se evaluara la viabilidad de los proyectos de cada municipio.
UPRE dara continuidad a los proyectos de la anterior gestion. 
FPS informo sobre el programaBOL38 donde se informo de asignacion de 3 millones de bs para proyectos de enlosetado por municipio.
Viceministerio de salud, se acordo en el equipamiento de 1 centro de salud por municipio-entrega hasta el mes de agosto, entrega de 3 items de salud por municipio con previa evaluacion. 
EL Viceministerio de recursos hidricos,solicito a los 5 municipios la actualizacion de sus proyectos, apoyo tecnico en EDTP para proyectos de riego menor a 60 has.
EMPODERAR. detallo proyectos en ejecucion en la Prov. Loayza, 36 alianzas productivas vigentes a concluir hasta finales del 2026.
EL VDADI -PROGRAMA MI PUENTE financiado por la CAF otorgara recursos para puentes vehiculares de competencia municipal, los GAMS deben preparar los EDTPS.
VDADI - PROGRAMA ACCESO RURAL, cartera vigente para financiamiento de proyectos agricolas e infraestructura productiva con enfoque de  cambio climatico.  ",2026-10-21T18:02:00.000Z,"5 MUNICIPIOS DE PROVINCIA LOAYZA- FDUTCLP - TUPAC KATARI, CMICIOLP BARTOLINA SISA , CENTRALES Y SUBCENTRALESANISTICO 8. CONSTRUCCION DE CARRETERAS ASFALTADAS EN LOS 5 MUNICIPIOS 9. CONSTRUCCION DKE PUENTES DE INTEGRACION EN LOS 5 MUNICPIOS 10. CONSTRUCCION EQUIPAMIENTO DE PRODUCTOS AGRICOLAS EN LA PROV. LOAYZA","5 MUNICIPIOS DE PROVINCIA LOAYZA- FDUTCLP - TUPAC KATARI, CMICIOLP BARTOLINA SISA , CENTRALES Y SUBCENTRALES CONSTRUCCION DE TINGLADOS Y AULAS EDUCATIVAS- 2 CONSTRUCCION DE CENTROS DE SALUD CON INTERVENCION EN LOS 5 MUNICIPIOS 3. CONSTRUCCION DE RESERVORIOS DE AGUA PARA RIEGO DE GOTEO 4. CONSTRUCCION DE PERFORACION DE POZO PARA CAPTACION DE AGUA 5. CONSTRUCCION DE CENTROS DE ELABORACION DE CAMELIDO 6. EQUIPAMIENTO A LOS CENTROS DE SALUD CON AMBULANCIAS Y EQUIPOS DE EMERGENCIA 7. EQUIPAMIENTO A LA EDUCACION CON EQUIPOS DEL AREA TECNICO HUMANISTICO 8. CONSTRUCCION DE CARRETERAS ASFALTADAS EN LOS 5 MUNICIPIOS 9. CONSTRMINISTERIO DE EDUCACION, VICEMINISTERIO DE JUSTICIA, VICEMINISTERIO DE SALUD, VICEMINISTRIO DE RECURSOS HIDRIICOS , VICEMNISTERIO DE DESARROLLO AGROPECUARIO E INTEGRAL, DIRECCION GRAL DE VIVIENDA, ABC, y UPRE"
128,267,1,"1.- REQUERIMIOENTO DE UN PLANTA BENEFICIADORA DE CAFE PARA EL MUNICIPIO DE TEOPONTE.
2.- HABILITACION Y MEJORAMIENTO DE LA PISTA DE ATERRIZAJES.
3.- ASFALTADO DEL TRAMO CARRETERIO CARANAVI-GUANAY
4.- CAMBIO FUNDAMENTAL DE LA VIA EN LOS  TRAMOS MAPIRI-SORATA.
5.-INSTALACION DE INTERNET SATELITAL STARLINK A UNIDADES EDUCTIVAS.
6.- IMPLEMENTACION DE ESTACIONES MOVILES DE SERVICIOS DE COMBUSTIBLE.
7.- ASIGNACION DE ITEMS PARA SECTORES DE SALUD Y EDUCACION .
2.- ","1.- PARA SECTOR AGROPECUARIO: SE FACILITARA UN ACERCAMIENTO DE LOS PRODUCTORES DE CAFE DE TEOPONTE CON EL PROGRAMA EMPODERAR.
2.- LA UPRE INDICO QUE EXISTEN 16 PROYECTOS EN CURSO, DONDE SE DETERMINO QUE EXISTEN OBSERVACIONES TECNICAS QUE DEBEN SER SUBSANADAS HASTA FINES DE AGOSTO DE 2026.
3.- SE CUENTA CON LA APROBACION DEL TRASPASO DEL TRAMO SORATA-QUIABAYA-TACACOMA-MAPIRI A LA RED FUNDAMENTAL..
4.- SE EVALLUARA LA VIABILIDAD DE ASFALTAR LA VIA CARANAVI.GUANAY.
5.- SE REALIZARAN GESTIONES PARA REALIZAR LA LEY 480.
6.- EL VICEMINISTERIO DE EDUCACION REGULAR SE COMPROMETIO A DOTAR E INSTALAR ANTENAS STARLINK EN LOS EDIFICIOS ESCOLARES DE CADA UNO DE LOS MUNICIPIOS INICIANDO EL PROCESO EL PROXIMO MES. 
7.- SE ACORDO UNA REUNION CON EL GERENTE DE YPFB PARA EL ABASTECIMIENTO DE COMBUSTIBLE EN LAS PROXIMAS SEMANAS",2026-10-10T04:00:00.000Z,5 GOBIERNOS MUNICIPALES DE LARECAJA,"VICEMINISTERIO DE DEFENSA CIVIL, VICEMIMNISTRO DE JUSTICIA, VICEMINISTRO DE EDUCACION, MINISTERIO DE SALUD, MDPRyA, UPRE,FPS e YPFB"
129,268,1,"LOS ALCALDES DE LOS 8 MUNICIPIOS DE LA PROV. PACAJES REQUIEREN INFORMACION DE:  
1.- VIABILIDAD DE PROYECTOS PRESENTADO EN UPRE.
 2. REQUERIMIENTO EN TEMAS DE SALUD Y EDUCACION.
3. TRAMOS CARRETEROS CARANAVI-CHOCOROSI Y EL TRAMO PATACAMAYA-NAZACARA,
 4. REQUERIMIENTO DE ALCANTARRILLADO Y AGUA POTABLE.
5. PROGRAMA EMPODERAR","SOBRE CADA PUNTO DEMANDADO SE OBTUVIERON LOS SIGUIENTES RESULTADOS: 
1.- LA UPRE DARA CONTINUIDAD DE LA GESTION PASADA REALIZANDO PROYECTOS DE PUENTES. 
2. SE EQUIPARA 1 CENTRO DE SALUD POR MUNICIPIO. EL MNISTERIO DE EDUCACION CONTINUARA CON PROYECTOS DE TINGLADOS EN COORDINACION CON FPS. DESATINARA 3 ITEMS PARA BTH Y 2 PARA EDUCACION ALTERNATIVA.  
3. ABC TRABAJARA EN 2 TRAMOS CARRETEROS CAQUIAVIRI-CHOCOROSI Y CHARAÑA BERENGUELA. EL TRAMO PATACAMAYA-NAZACARA CONFORMA EL PLAN DE EMERGENCIAS.  
4.- EL VICEMINISTERIO DE RECURSOS HIDRICOS Y AGUA SOLICITO A LOS MJNICIPIOS PRESENTAR SUS REQUERIMIENTOS DE PROYECTOS. 
5. EL PROGRAMA EMPODERAR BRINDO INFORMACION DE PROYECTOS VIGENTES E INFORMO DEL PROGRAMA MI PUENTE ",2026-10-14T04:00:00.000Z,8 MUNICIPIOS DE PROV. PACAJES- ,SSS
130,269,1,SOLICITARON LA REVISION DE PROGRAMAS Y PROYECTOS ,DE MANERA CONJUNTA ENTREA AMBOS ACTORES SE ANALIZO LOS PROYECTOS VIGENTES Y FUTUROS DEL PROGRAMA EMPODERAR (RIEGO Y POZOS PARA LOS 5 MUNICIPIOS).,2026-05-28T15:30:00.000Z,5 GOBIERNOS MUNICIPALES DE LA PROV. CAMACHO DPTO DE LAPZ- VDADI,VDADI - VICEMINISTRO KAREL RIVERO
131,270,1,"SE REQUIRIO SOCIALIZACION DE PROYECTOS EN EL CHAPARE, CHIMORE Y CARRASCO.","SE REALIZO EL ANALISIS DE LOS PROYECTOS DE CULTIVOS DE CAFE, BANANO Y PIÑA.
SE IDENTIFICO QUE FALTAN BENEFICIARIOS PARA LOS PROYECTOS KOICA (AGENCIA DE COOPERACION INTERNACION DE KOREA). ",2026-05-15T16:00:00.000Z,FEDERACION CARRASCO-VDADI,"VDADI-VICEMNISTRO KAREL RIVERO, MARIA BELEN PERALTA"
132,271,1,LA COFECAY SOLICITA UN ANALISIS DEL ESTADO DE LA ORGANIZACION.,SE REALIZO EL ANALISIS CORRESPONDIENTE ,2026-05-12T23:45:00.000Z,COFECAY- CONFEDERACION DE CAFETALEROS DE LOS YUNGAS ,"VDADI-VICEMNISTRO KAREL RIVERO,"
133,272,1,EL GAM DE SORATA SOLICITA COLABORACION PARA: EL MEJORAMIENTO DE CAMINOS Y GENERACION DE PROGRAMAS PARA MEJORAR LA PRODUCCION DE  CHIRIMOYA EN LA REGION.,DE FORMA CONCRETA SE ACORDO UNA REUNION TECNICA PARA EL ANALISIS DE LOS PROYECTOS. ,2026-05-12T23:30:00.000Z,EUSTAQUIO HUAYTA - ALCALDE MJNICIPAL DE SORATA; KAREL RIVERO VICEMINISTRO VDADI,"VDADI-VICEMNISTRO KAREL RIVERO,"
134,273,1,"EL GAM DE JESUS DE MACHACA REPRESENTADO POR SU ALCALDE REQUIERE SOLICITA CAPACITACION Y SOCIALIZACION DE LOS PROGRAMAS Y PROYECTOS, ASI MISMO REQUIEREN APOYO EN AGUA POTABLE, SANEAMIENTO BASICO SEMILLA CERTIFICADA, GANADO CAMELIDO Y VACUNO.",SE REALIZARA UNA CAPACITACION Y SE INFORMARA DE LOS PROGRAMAS Y PROYECTOS EN EJECUCION Y LOS QUE ESTAN EN ELABORACION. ,2026-05-12T22:30:00.000Z,NELSON MAMANI (ALCALDE GAM JESUS DE MACHACA)- KAREL RIVERO 8VICEMINISTRO VDADI),VDADI y VDRHRAPySB
135,274,1,LOS GAMS DE PALOS BLANCOS Y ALTO BENI REQUIEREN INFORMACION DE LOS PROYECTOS EN EJECUCION Y EJECUTADOS POR PARTE DEL VDADI,"SE HIZO CONOCER QUE EL PROYECTO RIEGO FAMILIAR ESTA EN CURSO SE PIDIO QUE PRESENTEN SUS REQUERIMIENTOS A LA MAE PARA LA ELABORACION DEL EDTP.
EN CUANTO A LOS PROYECTOS DEL FONADIN SE HIZO CONOCER QUE DEBE REALIZARSE EL ANALISIS PARA DARLE VIALIDAD EN CUANTO A LA ASIGNACION DE RECURSOS POR PARTE DEL TGN .
LA ENTIDAD EMPODERAR DEBE REMITIR UNA LISTA DE PROYECTOS Y ALIANZAS EN CURSO. ",2026-05-11T21:30:00.000Z,"JESUS CHUCAMANI-ALCALDE GAM PALOS BLANCOS, JOAQUIN BENITO MAMANI (ALCALDE GAM ALTO BENI), ","VDADI-VICEMINISTRO KAREL RIVERO, MARIA BELEN PERALTA"
136,275,1,REUNION INFORMATIVA RESPECTO DE LOS PROGRAMAS  Y PROYECTOS CONCLUIDOS Y EN EJECUCION  ,"SE HIZO CONOCER QUE LOS PROYECTO FINANCIADOS POR EL FONDO NACIONAL DE DESARROLLO INTEGRAL - FONADIN EN CURSO CON CONVENISO FIRMADOS SE ENCUENTRAN EN PROCESO DE INSCRIPCION EN EL SIGEP.
PARA LOS CASOS DE PROGRAMAS NUEVOS PALTA Y CITRICOS SE HIZO CONOCER QUE SE ESTA TRABAJANDO EN LA ELABORACION DE NUEVOS PROGRAMAS .
EN CUANTO PROGRAMA RIEGO FAMILIAR SE ENCUENTRA EN PLENA EJECUCION, Y SI TIENEN REQUERIMIENTOS DEBEN DE PRESENTAR SU ESTUDIO RESPECTIVO",2026-05-11T20:00:00.000Z,CARLOS TANCARA AQUILAR - EJECUTIVO PROVINCIAL CARANAVI ,"VDADI-VICEMINISTRO KAREL RIVERO, MARIA BELEN PERALTA"
137,276,1,LA FEDERACION SOLICITAN INFORMACION DE PROGRAMAS Y PROYECTOS ORIENTADOS AL FORTALECIMIENTO PRODUCTIVO E INNOVACION AGROPECUARIA,"CON LA PARTICIPACION DEL  VDADI, INIAF, IPDSA Y EL  SENASAG SE INFORMO DE TODOS LOS PROYECTOS EJECUTADOS Y EN EJECUCION. ",2026-05-07T21:10:00.000Z,HERBERT QUISPE JURADO - RPTE DE LA FEDERACION SINDICAL UNICA DE COMUNIDADES CAMPESISNAS DE TARIJA,VDADI-INIAF-SENASAG-IPDSA
138,277,1,REVISION DE PROGRAMAS Y PROYECTOS PARA LA COMUNIDAD DE AMBANA,"SE BRINDO LA INFORMACION REQUERIDA DANDO A CONOCER LOS PROGRAMAS Y PROYECTOS EJECUTADOS, EN EJECUCION Y LOS PROGRAMASDOS. ",2026-05-06T20:30:00.000Z,WILSON LISMO MAMANI,VDADI-VICEMNISTRO KAREL RIVERO
139,278,1,REQUIERE ACLARACION RESPECTO DEL REGLAMENTO 3318 DEL VDADI,SE OFRECE LA GENERACION DE MESAS TECNICAS PARA ELABORAR PROPUESTAS EN BASE A SUS NECESIDADES ,2026-05-05T16:30:00.000Z,MARIO CONDORI - PRESIDENTE CODEPCOCACOCA ,"VDADI-VICEMNISTRO KAREL RIVERO, MARIA BELEN PERALTA"
140,279,1,"EL GAM COMBAYA SOLICITA AL VDADI EL PPOYO PARA LA PRODUCCION DE FRUTAS, PAPA Y HORTALIZAS ",SE CONSIDERARA LA PETICION E INCLUSION  DE CAMBAYA EN LOS PROGRAMAS DE FRUTAS DE VALLE Y EL PROGRAMA PAPA. ,2026-07-02T14:30:00.000Z,DIEGO POMA- CONCEJAL DEL GAM CAMBAYA,"VDADI-VICEMNISTRO KAREL RIVERO,, ERIKA FERRUFINO UCAFFNM"
141,280,1,SOLICITAN INFORMACION DE PROGRAMAS Y PROYECTOS ,"SE BRINDO INFORMACION SOBRE PROGRAMAS Y PROYECTOS. 
LOS ACTORES PRODUCTIVOS HARAN LLEGAR SUS REQUERIMIENTOS PARA EL PROGRAMA PAR III Y POZOS",2026-06-19T17:30:00.000Z,FEDERACION SINDICAL UNICA DE TRABAJADORES INDIGENAS ORIGINARIOS CAMPESIINOS REGIONAL NORTE DE LA CHIQUITANIA ,VDADI
142,281,1,EL GAM DE ARQUE  SOLICITA SU INCORPORACION COMO MUNICIPIO BENEFICIARIO DE APROCAM Y DEL PROGRAMA NACIONAL FRUTAS DEL VALLE ,SE TOMO EN CUENTA LA SOLICITUD REQUERIDA ,2026-08-18T19:30:00.000Z,ROGER ARIAS ORELLANA - GAM  DE ARQUE ,VDADI- ERIKA FERRUFINO 
143,282,1,SOLICITAN INCORPORACION AL PROGRAMA NACIONAL DE PRACTICAS AGROFORESTALES Y AL PROGRAMA DE AGRICULTURA FAMILIAR Y RESILIENTE. ,SE TOMO EN CUENTA LAS SOLICITUDES REQUERIDAS ,2026-08-10T15:30:00.000Z,GRACIELA CUEVAS TORREZ- STRIA GRAL BARTOLINA SISA-MUNICIPIO DE MECAPACA RIO ABAJO ,VDADI - ERIKA FERRUFINO 
144,283,1,Solicitud de viabilización de mecanismo interinstitucional para la importación de harina de trigo destinada a panificadores para mantener el precio social del pan.,"Concreción de mesas de trabajo con VCLIyDUC, SENASAG y ADUANA NACIONAL",2026-09-27T04:00:00.000Z,UNIDOS EN ACCION,VCLIyDUC - SENASAG
145,285,1,Las organizaciones de Nor y Sud Cinti cuestionan que la FUTPOCH se atribuya la representación de la región y solicitan que se reconozca a sus organizaciones como representantes legítimas de los Cintis,Se promovió el diálogo entre las organizaciones sociales y las autoridades competentes para atender las demandas planteadas. Hace seguimiento la Brigada Parlamentaria de Chuquisaca,2026-10-01T04:00:00.000Z,Federación Sindical Única de Trabajadores Campesinos de Nor y Sud Cinti,Viceministerio de Electricidad y Energías Renovables
146,285,2,"Las organizaciones sociales exigen la inmediata ejecución y conclusión del Proyecto Triangular Cinteño, considerado estratégico para la integración y desarrollo económico de las provincias Nor y Sud Cinti",Se acordó priorizar el tratamiento de las demandas regionales y realizar seguimiento a los proyectos pendientes y compromisos asumidos. Hace seguimiento el Gobierno Nacional / Autoridad Competente en Infraestructura Vial,2026-10-01T04:00:00.000Z,Federación Sindical Única de Trabajadores Campesinos de Nor y Sud Cinti,Gobierno Nacional / Autoridad Competente en Infraestructura Vial
147,285,3,Se exige garantizar la continuidad y funcionamiento del Hospital de Segundo Nivel de San Lucas como servicio fundamental para la población del municipio y la región,El Viceministerio de Salud manifestó su predisposición para revisar las necesidades específicas de los municipios y señaló inversiones previstas para fortalecer infraestructura y equipamiento en salud. Hace seguimiento el Viceministerio de Salud / Autoridades de Salud Competentes,2026-10-01T04:00:00.000Z,Federación Sindical Única de Trabajadores Campesinos de Nor y Sud Cinti,Viceministerio de Salud / Autoridades de Salud Competentes
148,285,4,"Las organizaciones demandan garantizar la electrificación rural de las comunidades de la región para mejorar las condiciones de vida, producción y acceso a servicios básicos",El Viceministerio informó sobre avances en electrificación rural y señaló la posibilidad de abordar proyectos mediante paneles fotovoltaicos. Se identificaron alternativas de electrificación mediante energías renovables para comunidades rurales. Hace seguimiento el Viceministerio de Electricidad y Energías Renovables,2026-10-01T04:00:00.000Z,Federación Sindical Única de Trabajadores Campesinos de Nor y Sud Cinti,Viceministerio de Electricidad y Energías Renovables
149,285,5,"Las organizaciones exigen la reactivación y puesta en funcionamiento de la Represa de Corma, proyecto considerado estratégico para el desarrollo productivo, agrícola y social de San Lucas y la región. Proyecto paralizado desde hace varios años, según el pliego petitorio",Se planteó la necesidad de abordar las demandas de riego y recursos hídricos dentro de las mesas de trabajo y realizar seguimiento a los proyectos pendientes. Hace seguimiento la Autoridad Competente en Riego y Recursos Hídricos,2026-10-01T04:00:00.000Z,Federación Sindical Única de Trabajadores Campesinos de Nor y Sud Cinti,Autoridad Competente en Riego y Recursos Hídricos
150,285,6,"Las organizaciones solicitan documentación, información y socialización oficial sobre el Proyecto El Carrizal y sus posibles impactos en las comunidades de la región","Se informó que se explicarán los alcances del Proyecto Carrizal y otros proyectos energéticos vinculados a la región. La demanda se centra en la socialización, información oficial y esclarecimiento de los alcances e impactos del proyecto. Hace seguimiento el Viceministerio de Electricidad y Energías Renovables",2026-10-01T04:00:00.000Z,Federación Sindical Única de Trabajadores Campesinos de Nor y Sud Cinti,Viceministerio de Electricidad y Energías Renovables
151,285,7,"Las organizaciones exigen el funcionamiento pleno e inmediato de las plantas de industrialización para generar empleo, movimiento económico y beneficios directos para las comunidades productoras de la región","El Viceministerio manifestó interés en fortalecer cadenas productivas integrales y trabajar coordinadamente con los actores locales para definir proyectos acordes a la realidad productiva de los Cintis. Demanda relacionada con la industrialización, generación de empleo y fortalecimiento de las cadenas productivas regionales. Hace seguimiento el Viceministerio de Políticas de Industrialización",2026-10-01T04:00:00.000Z,Federación Sindical Única de Trabajadores Campesinos de Nor y Sud Cinti,Viceministerio de Políticas de Industrialización
152,285,8,Las organizaciones demandan mantenimiento permanente de las carreteras de competencia departamental debido al deterioro de las vías y solicitan al Gobernador constituirse en la región para sostener una reunión directa con los sectores sociales y autoridades,Se planteó la necesidad de fortalecer la coordinación con las autoridades municipales y departamentales y establecer espacios de diálogo para atender las demandas regionales. La demanda comprende mantenimiento vial y coordinación directa entre el Gobierno Departamental y las organizaciones sociales de Nor y Sud Cinti. Hace seguimiento el Gobierno Autónomo Departamental de Chuquisaca,2026-10-01T04:00:00.000Z,Federación Sindical Única de Trabajadores Campesinos de Nor y Sud Cinti,Gobierno Autónomo Departamental de Chuquisaca
153,286,1,"el GAM de PUCARANI demanda la Planificacion para la socializacion de programas y proyectos a realizarse en las instalaciones del GAM DE PUCARANI con la participacion del Alcalde, Concejales, centrales agrarias, ","se acordó realizar la socializacion de programas y proyectos en el municipio de Pucarani con presencia de autoridades municipales y actores sociales, SIN EMBARGO LAS AUTORIDADES SOLICITANTES MANDARAN UNA NOTA DIRIGIDA AL MINISTRO DEL SECTOR PARA SU PROGRAMACION EN INCLUSION EN SU AGENDA MINISTERIAL",2026-11-04T04:50:00.000Z,"JESUS HUANCA CANAZA , CEL 68214591","VDAyA , INg. Lucio Lipa # cel 75165998"
154,287,1,"la subalcaldia del distrito municipalFranz GAM ACHACACHI  Prov. Omasuyos solicita dos puntos:
1) Informacion de programas y Proyectos Productivos.
2) presentacion del proyecto puente vehicular LLASARAYA ","Se informo sobre la formulacion de programas de pozos y Mi Puente que estan para financiamiento .
Presentaran al Ministro el EDTP Construccion Puente Vehicular LLarasaya con financiamiento de Empoderar. ",2026-10-27T16:20:00.000Z,Sr. Andres Quispe Apaza-SUbalcalde Distrito Municipal Franz Tamayo- GAM ACHACACHI,VDAyA
155,288,1,la asociacion civil concejo  de capitanias guarani -santa cruz CCGSC ,"sE INFORMO sobre programas en etapa de formulacion y el estado actual , referente a la ganaderia de leche y carne los municipios que solicitan inclusion seran analizados (lagunillas y camini) ",2026-10-27T17:41:00.000Z,"INTALENCIO ZAMBRANA - PDTE CCGSC , ",VDAyA
156,289,1,"1)SOLICITA COORDINACION AUDIENCIA ENTRE AUPA, VADYA Y VRHAPSB .",SE COORDINO POR ESO SE FIJO LA FECHA PARA EL DIA SIGUIENTE ,2026-08-28T14:00:00.000Z,ASOCIACION DE USUARIOS PROYECTO ACHACACHI -AUPA,VDAYA - VRHAPSB
157,289,2,2) SOLICITA COORDINACION PARA UNA REUNION CON EL SEÑOR MINISTRO ,ESTA EN PROCESO ,2026-10-27T13:10:00.000Z,ASOCIACION DE USUARIOS PROYECTO ACHACACHI - AUPA ,VDAYA-VRHAPSB
158,291,1,nnbvn,cvbvc,2026-09-10T04:00:00.000Z,COB,MDPRyA
159,293,1,C COLEGIO ,GFDGDFG,2026-09-08T04:00:00.000Z,cob ,abc 
160,297,1,"- PROYECTOS QUE VIENEN SIENDO DESARROLLADOS POR LA ENTIDAD EMPODERAR PAR III, INIAF, RIEGO Y AGUA POTABLE ","EL PAR III presentara el informe del estado de situacion de los 43 proyectos el dia jueves 27 de agosto de 2026 a hrs 14:00 en inmediacion del VDAyA.
El par III informo sobre los alcances de puentes para el desarrollo los cuales contemplan contraparte municipal, se estima su inicio para el mes de octubre.
El INIAF informa que la entidad realiza servicios de certificacion en coordinacion con organizacion de semilleristas. 
El VRHRAySB informo sobre los mecanismos de financiamiento de proyectos con los GAMS tales como el ITCP y EDTP, ",2026-09-25T14:30:00.000Z,VICTORIA APAZA ,VADyA - Ing. Lucio Lipa 
161,298,1,"1.- SOCIALIZACION DE PROGRAMAS Y PROYECTOS.
2.- SOLICITUD DE CAPACITACION Y ASISTENCIA TECNICA-PROYECTOS PRODUCTIVOS","SE HAN SOCIALIZADO LOS PROGRAMAS Y PROYECTOS EN FUNCION A SU VOCACION PRODUCTIVA.
ASI MISMO SE LLEVARA A CABO LA CAPACITACION Y SOCIALIZACION DE EMPRENDIMIENTOS Y PROGRAMAS REFERIDOS A TEMAS DE PAPA, CUYES, GALLINAS DE PORTON, Y FINANCIAMIENTO CON FIREGAPO Y TEMA DE PESCA PARA EL 18 DE SEPTIEMBRE ",2026-10-26T16:30:00.000Z,MARGARITA HUANCOLLO -CENTRAL EJECUTIVA,LUCIO LIPA CHAVEZ
162,299,1,"REQUIEREN SOCIALIZACION DE PROGRAMAS Y PROYECTOS.
- PROGRAMA GANADO DE LECHE.
- PROGRAMA GANADO DE CARNE .
- PROGRAMA POZOS","- SE AGILIZARA EL PROGRAMA DE GANADERIA BOVINA DE LECHE.
- SE APOYARA CON ASISTENCIA TECNICA, MEJORAMIENTO GENETICO, ALIMENTACION TRANSFERENCIA DE TECNOLOGIA. 
- TAMBIEN SE APOYARA CON PROYECTOS DE AGUA A TRAVEZ DEL PROGRAMA USO EFICIENTE DE AGUA SUBTERRANEA.
- ASI MISMO SE INVITA A CUALQUIER HERMANO DE LA COMUNIDAD A LAS OFICINAS PARA COORDINAR. ",2026-08-21T14:30:00.000Z,JUAN PABLO VASQUEZ - ALCALDE GAM CHACARILLA,VDAyA - LUCIO LIPA CHAVEZ 
163,300,1,"A).- REQUIEREN LA SOCIALIZACION DE PROGRAMAS Y PROYECTOS.
B).- REQUIEREN LA VISITA EN SITIO A LA INFRAESTRUCTURA PRODUCTIVA. VISITA COORDINADA CON PROBOLIVIA. ","1).- APOYO EN GESTION DE CERTIFICACION MEDIANTE SENASAG (REGISTRO SANITARIO).
2.- APOYO CON ASISTENCIA TECNICA Y CAPACITACION A LOS HERMANOS PRODUCTORES DE LECHE.
3.- APOYO CON PROYECTOS DE AGUA (RIEGO-MICRORIEGO) PARA LA PRODUCCION DE LECHE.
4.- AGILIZAR LA CULMINACION DE PROGRAMAS Y PROYECTOS. ",2026-09-21T18:00:00.000Z,LUIS MAMANI -ALCALDE,VDAyA
164,301,1,"SE SOLICITA INFORMACION RESPECTO DE LOS PROGRAMAS PRODUCTIVOS, CAMELIDOS, POZOS Y PUENTES PRODUCTIVOS. ",EL VDADI INFORMO SOBRE LA GESTION QUE SE VIENE REALIZANDO SOBRE LOS PROGRAMAS DE CAMELIDOS Y POZOS EN LOS CUALES EL MUNICIPIO DE UNCIA SE ENCUENTRA CONTEMPLADA DENTRO DE LA COBERTURA DE LOS PROGRAMAS . ASI MISMO SE INFORMO SOBRE EL PROGRAMA PUENTES PRODUCTIVOS A LOS CUALES EL MUNICIPIO PUEDE ACCEDER MEDIANTE LA PRESENTACION DE EDTP ,2026-08-20T14:30:00.000Z,ADHEAR IGOR CHOQUE - ALCALDE GAM UNCIA,LUCIO LIPA CHAVEZ 
165,302,1,"1.- SOLICITAN APOYO PARA LA PRODUCCION DE CAMELIDOS Y SISTEMAS DE RIEGO.
2.- SOLICITAN CERCOS PARA LA PROTECCION CONTRA PERROS VAGABUNDOS.","1.- El Viceministerio de Desarrollo Agropecuario y Desarrollo Agroforestal informo sobre el programa camelidos que viene gestionando, aclarando que el GAM de La Paz no esta contemplado, sin embargo se manifesto la predisposicion para gestionar ante el PAR III una vez se realize el lanzamiento a nivel nacional. Para este fin las autoridades de Marka La Cumbre solicitan visitar visita al lugar en coordinacion con el EMPODERAR FECHA A DEFINIR. 
2.- En cuanto al ataque a perros vagabundos las autoridades de Marka La Cumbre debera coordinar con el GAM DE LA PAZ ",2026-10-21T20:30:00.000Z,JUAN LIMACHI AGUILAR - JILIRI MARKA LA CUMBRE,LUCIO LIPA CHAVEZ 
166,303,1,SOLICITAN REUNON INFORMATIVA SOBRE LA CRIANZA DE CAMELIDOS EN EL MUNICIPIO DE CHARAÑA,SE SOCIALIZO EL PROGRAMA PRO RESILIENCIA CAMELIDOS EN EL QUE SE QUEDO EN QUE EL PROGRAMA PROSIGA CON LA GESTION Y SE ACLARO LA MODALIDAD DE IMPLEMENTACION Y TODOS LOS COMPONENTES Y PRESUPUESTOS Y SE SOLICITO A LA SRA DIPUTADA PARA LA APROBACION DEL PROGRAMA EN LA ASAMBLEA. ,2026-09-16T14:00:00.000Z,YHAMIL HERRERA ,LUCIO LIPA
167,305,1,"CON NOTA CITE GAMC/MAE/N-EXT/032/2026 , SOLICITAN LA EJECUCION DEL PROGRAMA PAPA EN LAS COMUNIDADES DEL MUNICIPIO DE CAQUIAVIRI","SE HIZO CONOCER PARTE DE LAS PROPUESTAS QUE SE ENCUENTRAN EN ETAPA DE FORMULACION: RUMIENTES MENORES, CUYES, CAMELIDOS, PISCICOLA , PROPUESTAS QUE ESTAN EN DESARROLLO Y QUE EN LOS MESES SIGUIENTES ESTARA SUJETO A LA APROBACION DE AUTORIDADES Y ASIGNACION / GESTION DE FINANCIAMIENTO.
EN CUANTO AL PROGRAMA CAMELIDOS II, FIDEICOMISO FIREGAPO ACTUALMENTE LOS QUE YA TIENEN FINANCIAMIENTO. 
ASI MISMO SE AGENDA PARA FINALES DE SEPTIEMBRE",2026-09-30T14:00:00.000Z,FROILAN MAMANI CHOQUE - ALCALDE GAMC-# CEL 73072781,ERIKA FERRUFINO JEFA UCAFFNM#76191103
168,306,1,"1.- REQUIEREN LA SOCIALIZACION DE PROGRAMAS Y PROYECTOS DEL SECTOR AGROPECUARIO CON APROVECHAMIENTO DE AGUA.
2.- PROYECTOS DE PERFORACION DE POZOS  
","- SOCIALIZAR PROGRAMAS GANADERIA BOVINA CARNE Y LECHE, PRODUCCION DE PAPA, UNA VEZ QUE SE APRUEBEN , TODAVIA SE ENCUENTRAN EN FASE DE ELABORACION PROGRAMA PAPA Y GESTION DE FINANCIAMIENTO Y APROBACION PROGRAMAS GANADERIA BOVINA CARNE Y LECHE.
SE COMUNICO QUE SU NOTA DE SOLICITUD TAMBIEN FUE REMITIDO AL VICEMINISTERIO DE RECURSOS HIDRICOS, RIEGO AGUA POTABLE Y SANEAMIENTO BASICO Y DIRECCION GENERAL DE RIEGO, SE LE PROPORCIONO LA HOJA DE RUTA N° Y LOS CONTACTOS.  ",2026-07-27T14:00:00.000Z,RUBEN SANTOS MAMANI-STRIO GRAL-#67068640,MARCO IRIARTE GOITIA-TEC. VDAyDI #72002922
169,307,1,"- PROYECTOS DE PRESA Y SISTEMAS DE RIEGO.
- PROYECTOS PRODUCTIVOS.","- SE INFORMO QUE LOS PROYECTOS DE PRESA Y SISTEMAS DE RIEGO ESTAN A CARGO DEL VICEMINISTERIO DE RECURSOS HIDRICOS RIEGO AGUA POTABLE Y SANEAMIENTO BASICO, POR LO CUAL SE CANALIZO A AUDIENCIA DE REUNION.
- SE INFORMO SOBRE PROGRAMAS AGROPECUARIOS EN FORMULACION Y GESTION TALE COMO POZOS, CAMELIDOS, CUYES,PARA GANADERIA ENTRE OTRAS. ",2026-07-21T19:30:00.000Z,VICTOR VILLARREAL MAYTA- ALCALDE GAM CHUMA ,LUCIO LIPA CHAVEZ DIRECTOR VDAyDI
170,308,1,"EXPONER Y TRATAR TEMAS DE IMPORTANCIA RELACIONADOS CON EL DESARROLLO PRODUCTIVO, AGROPECUARIO Y RURAL DEL MUNICIPIO DE VILLA CHARCAS. PERTENECIENTE A LA PROVINCIA NOR CINTI DEL DEPARTAMENTO DE CHUQUISACA","- LA ORGANIZACION DE MUJERES BARTOLINA SISA ATRAVES DE LA EJECUTIVA DE LA ORGANIZACION ES QUE PUEDA CONSIDERARSE LA INCLUSION A LOS PROGRAMAS FRUTAS DE VALLE Y AL PROGRAMA CITRICOS EN CONSIDERACION A SU VOCACION PRODUCTIVA DE CITRICOS, DURAZNO,PALTA Y CHIRIMOYA. 
-SE HARA CONOCER AL PROGRAMA APROCAM Y ACCESOS LA PRESENTE SOLICITUD PARA SU CORRESPONDIENTE APOYO AL FORTALECIMIENTO PRODUCTIVO DEL MUNICIPIO DE VILLA CHARCAS. ",2026-09-21T20:30:00.000Z,SULMA CARDOZO TOLAR  #67602846,"ERIKA FERRUFINO GAITE - JEFA UCAFFNM - "" 76191103"
171,309,1,"- PROPUESTA DE SEMILLA DE PAPA.
-VENTA DE SEMILLAS
-TEMA PROYECTOS. ","- EL VICEMINISTERIO REALIZARA EN SUS INSTALACIONES DEL SALON GANDARILLAS LA RUEDA DE NEGOCIOS EN FECHA 21,22 Y 23 DE AGOSTO - FERIA AGROPECUARIA LUGAR POR DEFINIR.
- TEMA PROYECTOS, EL VICEMINISTERIO SE ENCUENTRA EN LA ELABORACION DE PROGRAMA PAPA EN FORMA CONJUNTA CON EL IPDSA QUE ARRANCARA EN FECHA /GESTION 2027",2026-11-10T20:30:00.000Z,WILSON APAZA LIMACHI- #64056449,"LUCIO LIPA - "" 75265998"
172,310,1,Sostener reunión para analizar el fortalecimiento de la lucha contra el contrabando de ganado bovino en pie y carne de res.,"En fecha 17/09/26 se sostuvo reunión convocada por la Brigada Parlamentaria de La Paz, juntamente con FUTECRA, SENASAG, ADUANA NACIONAL, VLCC, CEO-LCC, DIPUTADOS",2026-09-17T04:00:00.000Z,BRIGADA PARLAMENTARIA DE LA PAZ,VLCC
173,310,2,Análisis para modificación de normativas de lucha contra el contrabando,Propuestas de modificación de la Ley 100 y Decretos supremos relacionados,2026-10-31T04:00:00.000Z,BRIGADA PARLAMENTARIA DE LA PAZ,VLCC
174,311,1,Atención y fortalecimiento del sector lácteo,En proceso de gestión y canalización institucional,,Municipios de Corque y Totora,Viceministerio PRO BOLIVIA
175,311,2,Apoyo y fortalecimiento de la agricultura,En proceso de gestión y canalización institucional,,Municipios de Corque y Totora,Viceministerio PRO BOLIVIA
176,311,3,Fortalecimiento y promoción de pequeñas y medianas industrias,En proceso de gestión y canalización institucional,,Municipios de Corque y Totora,Viceministerio PRO BOLIVIA
177,311,4,Infraestructura productiva,En proceso de gestión y canalización institucional,,Municipios de Corque y Totora,Viceministerio PRO BOLIVIA
178,311,5,Apoyo y fortalecimiento de las actividades productivas,En proceso de gestión y canalización institucional,,Municipios de Corque y Totora,Viceministerio PRO BOLIVIA
179,311,6,"Capacitación, diseño e implementación de crianza de cuyes",En proceso de gestión y canalización institucional,,Marka La Cumbre,Viceministerio PRO BOLIVIA
180,311,7,"Capacitación, diseño e implementación de crianza avícola",En proceso de gestión y canalización institucional,,Marka La Cumbre,Viceministerio PRO BOLIVIA
181,311,8,"Dotación de semillas de papa y hortalizas, con asistencia técnica",En proceso de gestión y canalización institucional,,Marka La Cumbre,Viceministerio PRO BOLIVIA
182,311,9,Construcción e implementación de carpas solares para producción de hortalizas,En proceso de gestión y canalización institucional,,Marka La Cumbre,Viceministerio PRO BOLIVIA
183,311,10,Cooperación en forraje y corrales abiertos para ganado vacuno lechero,En proceso de gestión y canalización institucional,,Marka La Cumbre,Viceministerio PRO BOLIVIA
184,311,11,Evaluación y generación de un proyecto de implementación de invernaderos,En proceso de gestión y canalización institucional,,Marka La Cumbre,Viceministerio PRO BOLIVIA
185,314,1,Elaborar y remitir el proyecto de ley corta al asesor del diputado Edgar Zegarra,En proceso / Compromiso asumido,,Asesor del diputado Edgar Zegarra,Gerente de EASBA
186,314,2,Priorizar la cosecha de la caña de los productores una vez iniciada la zafra (segunda quincena de septiembre),En proceso / Previsto para 2da quincena de sept.,2026-09-15T04:00:00.000Z,Productores Cañeros Abel Iturralde,Gerente de EASBA
187,314,3,Coadyuvar en las gestiones para la atención de los requerimientos de diésel ante YPFB,En gestión interinstitucional,,Productores / EASBA,Asesor del diputado Edgar Zegarra
188,314,4,Coadyuvar en las gestiones relacionadas con mecanismos de contratación directa ante el MEFP,En gestión interinstitucional,,EASBA,Asesor del diputado Edgar Zegarra
189,314,5,Gestionar una respuesta formal a la carta presentada por los productores,Pendiente de respuesta formal,,Productores Cañeros Abel Iturralde,Instancias competentes / EASBA
190,320,1,prueb1,,2026-11-24T04:00:00.000Z,COB-Central Obrera Boliviana,-Ministerio de Gobierno
191,320,2,prueb1,,2026-11-23T04:00:00.000Z,COB-Central Obrera Boliviana,-Ministerio de Gobierno
