iddemandaseguimiento,iddemandapto,fechasegdem,estado,fuente,referenciafuente,datoscontacto,seguimiento,observaciones
2,4,2021-08-19T04:00:00.000Z,EN PROCESO,Pagina7,Pedro Perico en pagina principal,Pedro Perico,Se ha contado la historia de una manera incorrecta,mala percepcion
3,10,2021-08-23T04:00:00.000Z,EN PROCESO,Juan Perez ,Pagina 7,70441552,asdfasdfdsaafdsds,fsadfasdfasd
4,7,2021-08-23T04:00:00.000Z,CONCLUIDO,asfasd,fasd,sadfasdfsad,"fsadfasdfsadfs
afsdkfhasdfasjdk
asdkhfasdkfasd
asdkfjadsn",fasdfsadf
5,14,2021-11-01T04:00:00.000Z,EN PROCESO,fadsfdsa,fasd,fasd,fasd,fads
6,14,2021-11-01T04:00:00.000Z,EN PROCESO,asdfdas,fasd,fasd,fdsa,fasd
7,8,2022-04-18T04:00:00.000Z,EN PROCESO,Pagina 7,sadfds,fsdafds,sdafsadfsad,fasdfasd
8,8,2022-04-25T04:00:00.000Z,EN PROCESO,Pagina 7,fasdfds,fsdfasd,fasdfsd,fsdafsda
9,16,2022-11-09T04:00:00.000Z,EN PROCESO,GADCH,GADCH,78177622,"SE GENERA UNA CARTA INDICANDO QUE NO SE TENÍA CONOCIMIENTO DE LA INVITACION ANTERIOR, Y SE LOS LLAMA A ESCUCHAR SU DEMANDA AL GADCH","LA CARTA TIENE LA INTENCIÓN QUE NO SE GENERE UN ACUERDO, ADELANTADONOS A LAS ACCIONES QUE DESEA REALIZAR LA FUTPOCH"
10,19,2022-11-11T04:00:00.000Z,CONCLUIDO,No es competencia del GADCH,No es competencia del GADCH,Ninguno,No es competencia del GADCH,No es competencia del GADCH
11,20,2022-09-14T04:00:00.000Z,EN PROCESO,asdf,asfd,fasd,fasd,fsad
12,21,2024-06-25T04:00:00.000Z,EN PROCESO,Se ha tenido reunion de coordinación,Prensa,www.prensa.bo/pagina1,"Se ha tenido la reunión pero no se ha llegado a un acuerdo, se tiene un cuarto intermedio",Hay gente con actitud politica que tiene sus propios intereses y por ello no se consolida un acuerdo
13,21,2024-06-26T04:00:00.000Z,EN PROCESO,Pagina7,Prensa,www.paginax.bo,Se ha llegado a un acuerdo,se genera el acuerdo entre las comunidades
14,80,1899-11-30T04:32:36.000Z,CONCLUIDO,ACTADE REUNION,https://drive.google.com/drive/folders/1VFg0ZMMxi0NpEzxHUCeWrxmiIdYDndcA?usp=drive_link,,"SE ESTA REALIZANDO LA COORDINACION CON EL MUNICIPIO.
SE PRIORIZO EL PROYECTO Y ESTA SIENDO INCORPORADO A UN NUEVO PROGRAMA INTEGRAL PARA LA PRODUCCION DE CULTIVO DE PAPA, SE ESTA TRABAJANDO EN LAS GESTIONES DEL PROGRAMA.",
15,82,2026-06-15T04:00:00.000Z,CONCLUIDO,SE RESOLVIO A TRAVES DE LOS PUNTOS MOVILES Y BAJA DE PRECIO MMEDIANTE FINANCIAMIENTO,SE ADJUNTA FOTOGRAFIAS DE ACCIONES REALIZADAS,"VICEMINISTRO GUSTAVO SERRANO, Y DIRIGENTES DE FEJUVE DE 16 DISTRITOS",SE ATENDIO LA DEMANDA,LA DEMANDA FUE REALIZADA DE MANERA VERBAL SIN FOTOGRAFIA NI ACTAS POR CUESTIONES POLÍTICAS
17,34,2026-09-15T04:00:00.000Z,EN PROCESO,NOTA DE RESPUESTA Y RESUMEN DE ACTAS DE REUNIÓN,NOTA DE RESPUESTA Y RESUMEN DE ACTAS DE REUNIÓN,Ivan Beltran Mamani	UISIP / DGAPAS 73421547 Francisco Córdova Mamani	Pto. Carmen	68059076 Eyner Yampasi Apaza	Pto. Carmen	61526222 Marcelino Huanca Mamani	Ejecutivo FAECIOAB ÁREA 5	67166615,"EN FECHA 29 DE JUNIO DE 2026 MEDIANTE NOTA CAR/MDPRyA/VRHRAPySB/DGAPyAS/UAR N° 0434/2026 SE DIO RESPUESTA AL VOTO RESOLUTIVO - PUNTOS 9 Y 10, DONDE SE EXPLICA EL PROCEDIMIENTO DE PRESENTACIÓN DE ITCPs Y EDTPs, PARA DAR CURSO A LA SOLICITUD DE PROYECTOS EN SU MUNICIPIO.
EN TAL SENTIDO, SE SOSTUVO UNA REUNIÓN CON EL MUNICIPIO DE PALOS BLANCOS EN FECHAS 07 DE JULIO DE 2026,  DONDE SE BRINDÓ UN INFORME DETALLADO SOBRE EL ESTADO DEL PROYECTO DESTINADO AL MUNICIPIO PALOS BLANCOS, ESTABLECIÉNDOSE LOS SIGUIENTES PUNTOS: EL PROYECTO “CONSTRUCCIÓN SISTEMA DE AGUA POTABLE PUERTO CARMEN – PALOS BLANCOS” CUMPLE CON LA NORMATIVA SECTORIAL VIGENTE, LA MISMA NO CUENTA CON PROGRAMA DE FINANCIAMIENTO.
EN FECHA 13 DE JULIO DE 2026 SE SOSTUVO UNA REUNIÓN EN LA CASA GRANDE DEL PUEBLO DONDE PARTICIPÓ EL MUNICIPIO DE PALOS BLANCOS  DONDE SE INFORMÓ SOBRE EL PROGRAMA DE GESTIÓN RESILIENTE, ASÍ COMO LOS AVANCES QUE SE TIENEN EAL MUNICIPIO DE PALOS BLANCOS RESPECTO A LOS COMPROMISOS ANTERIORMENTE ASUMIDOS, TAMBIÉN SE INFORMÓ SOBRE EL ESTADO DE LOS PROYECTOS DE AGUA POTABLE Y ALCANTARILLADO SANITARIO.
EN FECHA 17 DE AGOSTO DEL 2026, SE SOSTUVO UNA REUNIÓN CON EL MUNICIPIO DE PALOS BLANCOS PARA SOLICITAR INFORMACIÓN SOBRE EL ESTADO DEL PROYECTO “CONSTRUCCIÓN SISTEMA DE AGUA POTABLE PUERTO CARMEN – PALOS BLANCOS”, DONDE NUEVAMENTE SE LES RATIFICO QUE CUMPLE CON LAS CONDICIONES TÉCNICAS DE LAS NORMATIVAS VIGENTES DEL SECTOR DE AGUA POTABLE PERO QUE AUN SE ENCUENTRA A LA  ESPERA DE UNA CARTERA DE FINANCIAMIENTO.
EN FECHA 20 DE AGOSTO DEL 2026, SE SOSTUVO UNA REUNIÓN CON FEDERACIÓN AGROECOLÓGICA DE COMUNIDADES INTERCULTURALES ORIGINARIAS PALOS BLANCOS - FAECIOAB ÁREA 5 DONDE REALIZÓ LA SOCIALIZACIÓN DEL REGLAMENTO PARA LA PRESENTACIÓN Y ELABORACIÓN DE PROYECTOS PREINVERSIÓN EN EL SECTOR DE AGUA POTABLE Y ALCANTARILLADO SANITARIO, SOBRE LA BASE DE LA NORMATIVA SECTORIAL VIGENTE. 
TODAS LAS SOLICITUDES DE PROYECTOS DEBERÁN SER DE CONOCIMIENTO DEL GOBIERNO AUTÓNOMO MUNICIPAL DE PALOS BLANCOS; POR LO CUAL SE RECOMENDÓ QUE ESTAS SEAN REMITIDAS A TRAVÉS DE DICHO GOBIERNO MUNICIPAL.
EN FECHA 2 DE SEPTIMBRE EL PROYECTO CUMPLE NORMATIVA CON UN PRESUPUESTO DE 5.1 MILLOES DE BOLIVIANOS, POR LO QUE SE SE ESPERA LA INCLUSION A UN PROGRAMA, COMO INDICA EN FECHA 17 DE AGOSTO DEL 2026, EL MUNICIPIO TIENE PLENO CONOCMIENTO DE QUE EL PROYECTO SE ENCUENTRA PARA BUSQUEDA DE FINANCIMAIENTO.

EL PROYECTO CONSTRUCCIÓN SISTEMA DE AGUA POTABLE PUERTO CARMEN – PALOS BLANCOS, CUEMPLE NORMATIVA, ACTUALMENTE SE CONTINUAN CON LAS GESTIONES PARA PODER INCLUIR EL PROYECTO DENTRO DE UN PROGRAMA CONFORME LA GESTION DE LA DIRECCIÓN GENERAL DE AGUA POTABLE.",SE ESTA A LA ESPERA DE FINANCIAMIENTO PARA UN PROGRAMA DONDE SE PUEDA INCLUIR EL PROYECTO.
18,86,2026-08-12T04:00:00.000Z,EN PROCESO,ACTA DE REUNION,ACTA DE REUNIÓN,"BENIGNO MACIAS M.-subcentral Timusa, 71213371","eL VDADI :

1.- EL VDADI y DI realizara las gestiones ante las instancias competentes Informe Tecnico de Condiciones Previas.
2.- Socializacion de pROGRAMAS A NIVEL nacional de apoyo al sector pecuario y agricola.
3.- Agendar la reunion con el Viceministerio de Recursos Hidricos riego agua potable y saneamiento basico.
",la solicitud se encuentra en proceso 
19,53,2026-06-30T04:00:00.000Z,CONCLUIDO,Registro de Reunion,"REUNIÓN EN FECHA 30/06/2026 EN LA CASA GRANDE PISO 21, CON AUTORIDADES DEL MUNICIPIO DE SICA SICA y  REUNIÓN EN FECHA 01/07/2026  EN INSTALACIONES DEL VICEMINISTERIO DE RECURSOS HÍDRICOS, RIEGO, AGUA POTABLE Y SANEAMIENTO BÁSICO CON AUTORIDADES DEL MUNICIPIO DE SICA SICA","VRHRAPYSB, CONJUNTAMENTE CON EL MUNICIPIO DE SICA SICA","A PETICIÓN DE LOS EJECUTIVOS DE LAS CENTRALES Y SUBCENTRALES DE LA 1ER SECCIÓN MUNICIPAL DE SICA SICA SE SOSTUVO UNA REUNIÓN EN FECHA 30/06/2026 EN LA CASA GRANDE PISO 21, CON AUTORIDADES DEL MUNICIPIO DE SICA SICA, EN LA CUAL SE LES EXPLICO LA SITUACIÓN ACTUAL DE LOS 6 ITCP´s (LARICAYA, SANTA ROSA, VILUYO GRANDE, LAMPAYA, COLLPA PUCHO Y CALA CALA)

ASIMISMO, SE SOSTUVO OTRA REUNIÓN EN FECHA 01/07/2026  EN INSTALACIONES DEL VICEMINISTERIO DE RECURSOS HÍDRICOS, RIEGO, AGUA POTABLE Y SANEAMIENTO BÁSICO CON AUTORIDADES DEL MUNICIPIO DE SICA SICA, TUPAC KATARI, EN LA CUAL SE LES SOCIALIZÓ EL PROGRAMA ""GESTIÓN RESILIENTE"" EL CUAL SE ENCUENTRA VIGENTE.
EN FECHA 21/08/2026 SE LLEVO A CABO UNA REUNION DE COORDINACION CON LOS REPRESENTANTES DEL MUNICIPIO DE SICA SICA, Y SE INIDICO QUE LA COORDINACION Y PRIORIZACION DE PROYECTOS DEBEN REALIZARSE A TRAVES DEL GAM.

SIN EMBARGO EL VSHASByR, HIZO LA DIFUSIÓN DE LOS PROGRAMAS VIGENTES EN LA TEMATICA DE RIEGO, COMO SER EL PROGRAMA GESTION RESILIENTE DE AGUA PARA RIEGO COMUNITARIO FINANCIADO CON EL BANCO MUNDIAL , LA CUAL PRESENTA UNA CARTERA ABIERTA Y CON RECURSOS DISPONIBLES.
MANDAR REITERATIVAS PARA PRESENTACIÓN DE ITCP COREGIDOS Y PROGRAMAR REUNIÓN DE COORDINACIÓN.


A TRAVÉS DE LA DIRECCIÓN GENERAL DE CUENCAS (DGC), SE REALIZÓ LA EVALUACIÓN DEL PROYECTO “MANEJO INTEGRAL DE LA SUBCUENCA DE LOS RÍOS LLOJLLA Y LAKA UTA (LAHUACHACA)”. EN ESE CONTEXTO, EN LA GESTIÓN 2024 EL PROYECTO FUE REMITIDO AL GOBIERNO AUTÓNOMO DEPARTAMENTAL DE LA PAZ (GADLP) PARA SU PRIORIZACIÓN Y GESTIÓN DE FINANCIAMIENTO. A LA FECHA, NO SE CUENTA CON RESPUESTA OFICIAL POR PARTE DEL GOBIERNO AUTÓNOMO DEPARTAMENTAL DE LA PAZ RESPECTO A LAS GESTIONES REALIZADAS.
EN FECHA 07/09/2026 SE REALIZO UNA REUNION DE LA PROVINCIA AROMA, EN EL MUNICIPIO DE SICA SICA, EN EL QUE PARTICIPARON TODOS LOS MUNICIPIOS DE LA PROVINCIA, CON LA PARTICIPACION DE LOS DISTINTOS VICEMINISTERIOS DEL ESTADO Y ENTIDADES EJECUTORAS. EN EL MARCO DE LAS COMPETENCIAS DE LA DIRECCIÓN GENERAL DE RECURSOS HÍDRICOS Y RIEGO (DGRHYR), SE INFORMO LOS PROYECTOS DE LA PROVINCIA Y SE REALIZÓ LA SOCIALIZACIÓN DEL PROGRAMA “GESTIÓN RESILIENTE DEL AGUA PARA RIEGO FAMILIAR Y COMUNITARIO”, DANDO A CONOCER SUS LINEAMIENTOS, REQUISITOS Y CRITERIOS DE ELEGIBILIDAD PARA LA PRESENTACIÓN Y CONSIDERACIÓN DE PROYECTOS.
ASIMISMO, SE INVITÓ AL ALCALDE MUNICIPAL A REMITIR LOS CORRESPONDIENTES ITCP Y EDTP, CONFORME A LOS REQUERIMIENTOS Y CONDICIONES ESTABLECIDOS POR EL PROGRAMA.",Se adjunta Actas de reunión de fecha 30 de junio de 2026 y acta de reunión de fecha 01 de julio de 2026.
20,87,2026-05-07T04:00:00.000Z,CONCLUIDO,VDADI-DIRECCION DE PRODUCCION PECUARIA ACUICULTURA Y PESA,ING. LUCIO LIPA,CEL 75165998,SE ATENDIO LA SOLICITUD,NINGUNA
21,90,2026-05-11T04:00:00.000Z,CONCLUIDO,VDADI-DIRECCION DE PRODUCCION PECUARIA ACUICULTURA Y PESA,ING. LUCIO LIPA,CEL 75165998,SE ATENDIO LO SOLICITADO,
22,91,2026-06-04T04:00:00.000Z,CONCLUIDO,VDADI-DIRECCION DE PRODUCCION PECUARIA ACUICULTURA Y PESA,ING. LUCIO LIPA,CEL 75165998,"POR INTERVENCION DEL SR. VICEMINISTRO DEL VDADI KAREL RIVERO LOS DEMANDANTES SE REUNIERON CON EL SR. MINISTRO OSCAR JUSTINIANO, ",LA SOLICITUD FUE DEBIDAMENTE ATENDIDA
23,92,2026-08-19T04:00:00.000Z,CONCLUIDO,VDADI-DIRECCION DE PRODUCCION PECUARIA ACUICULTURA Y PESA,ING. LUCIO LIPA,CEL 75165998,SIN SEGUIMIENTO,NINGUNA
24,93,2026-05-19T04:00:00.000Z,CONCLUIDO,VDADI-DIRECCION DE PRODUCCION PECUARIA ACUICULTURA Y PESA,ING. LUCIO LIPA,CEL 75165998,SIN SEGUIMIENTO,NINGUNA
25,94,2026-05-28T04:00:00.000Z,CONCLUIDO,VDADI-DIRECCION DE PRODUCCION PECUARIA ACUICULTURA Y PESA,ING. LUCIO LIPA,CEL 75165998,SIN SEGUIMIENTO PORQUE SE BRINDO LA INFORMACION REQUERIDA,NINGUNA
26,95,2026-05-28T04:00:00.000Z,EN PROCESO,VDADI-DIRECCION DE PRODUCCION PECUARIA ACUICULTURA Y PESA,ING. LUCIO LIPA,CEL 75165998,SE COORDINARA LA FECHA DE REUNION,POR TEMAS DE CONFLICTO SOCIAL
27,96,2026-08-03T04:00:00.000Z,CONCLUIDO,VDADI-DIRECCION DE PRODUCCION PECUARIA ACUICULTURA Y PESA,ING. LUCIO LIPA,CEL 75165998,SE ATENDIO LA SOLICITUD EN EL MISMO DIA,SIN OBSERVACION
28,97,2026-06-29T04:00:00.000Z,CONCLUIDO,VDADI-DIRECCION DE PRODUCCION PECUARIA ACUICULTURA Y PESA,ING. LUCIO LIPA,CEL 75165998,EN EL MISMO DIA SE ATENDIERON LAS CONSULTAS ,SE EXPLICO QUE EN EL VDADI POR EL MOMENTO NO SE TIENE PROGRAMAS DE PARA PARA REALIZAR CONVENIOS
29,98,2026-08-19T04:00:00.000Z,CONCLUIDO,VDADI-DIRECCION DE PRODUCCION PECUARIA ACUICULTURA Y PESA,ING. LUCIO LIPA,CEL 75165998,SE ENVIO LO REQUERIDO AL GAM DE PUERTO PEREZ,SE ATENDIO LA SOLICITUD
30,99,2026-06-12T04:00:00.000Z,CONCLUIDO,VDADI-DIRECCION DE PRODUCCION PECUARIA ACUICULTURA Y PESA,ING. LUCIO LIPA,CEL 75165998,SE CUMPLIO LO SOLICITADO,LA SOLICITUD FUE ATENDIDA DE MANERA OPORTUNA SIN NECESIDAD DE NOTA DE SOLICITUD - ATENCION OPORTUNA
31,100,2026-07-03T04:00:00.000Z,CONCLUIDO,VDADI-DIRECCION DE PRODUCCION PECUARIA ACUICULTURA Y PESA,ING. LUCIO LIPA,CEL 75165998,SIN SEGUIMIENTO,SE ATENDIO LA SOLICITUD DE MANERA OPORTUNA SIN NECESIDAD DE NOTA DE SOLICITUD Y AUN ESTANDO EN PERIODO DE CONFLICTO
32,101,2026-07-08T04:00:00.000Z,CONCLUIDO,VDADI-DIRECCION DE PRODUCCION PECUARIA ACUICULTURA Y PESA,ING. LUCIO LIPA,CEL 75165998,SE ACORDO SEGUIR MANTENIENDO LAS VIAS DE COMUNICACION PARA GESTIONAR SU REQUERIMIENTO ,SE ATENDIO EN EL PLAZO ESTABLECIDO MUY OPORTUNAMENTE
33,103,2026-07-20T04:00:00.000Z,CONCLUIDO,VDADI-DIRECCION DE PRODUCCION PECUARIA ACUICULTURA Y PESA,ING. LUCIO LIPA,CEL 75165998,NO REQUIERE SEGUIMIENTO PORQUE SE ATENDIO LA SOLICITUD,EN UN PLAZO OPORTUNO LA SOLICITUD FUE ATENDIDA
34,104,2026-07-21T04:00:00.000Z,CONCLUIDO,VDADI-DIRECCION DE PRODUCCION PECUARIA ACUICULTURA Y PESA,ING. LUCIO LIPA,CEL 75165998,SE ATENDIO LA SOLICITUD EN EL PLAZO ESTABLECIDO,SE LE DIO INFORMACION DETALLADA
35,105,2026-07-21T04:00:00.000Z,CONCLUIDO,VDADI-DIRECCION DE PRODUCCION PECUARIA ACUICULTURA Y PESA,ING. LUCIO LIPA,CEL 75165998,SE ATENDIO LA SOLICITUD REQUERIDA,"A LA PRESENCIA DEL ALCALDE, CONCEJALES, AUTORIDADES ORIGINARIAS Y BASES MASIVAMENTE SE ATENDIO"
36,83,2026-07-11T04:00:00.000Z,CONCLUIDO,CCU habilitado,Servicio Nacional de Areas Protegidas,Marcela Díaz,"No se requiere de seguimiento, el CCU está habilitado, demanda resuelta","Demanda resuelta, el CCU (Documento de compatibilidad de uso de suelo) se habilitó el 11 de julio mediante comunicación verbal a la organización demandante.
Se adjunta las actas de cronología de antención de la demanda."
37,106,2026-07-20T04:00:00.000Z,CONCLUIDO,VDADI-DIRECCION DE PRODUCCION PECUARIA ACUICULTURA Y PESA,ACTA DE REUNION DE FECHA 20 DE JULIO ,"MARKA MALLKU -CEL 72577229, VDADI -ING.LIPA CEL 75165998  ",SE ATENDIO LA SOLICITUD,SE ADJUNTA EL ACTA DE REUNION DE ACUERDO DE RESPUESTA
38,84,1899-11-30T04:32:36.000Z,EN PROCESO,AJAM,AJAM,AJAM,Se intentó hacer seguimiento. ,"Se intentó hacer seguimiento sobre avances en AJAM, AJAM no respondió la solicitud de información. "
39,85,1899-11-30T04:32:36.000Z,EN PROCESO,AJAM,AJAM,AJAM,Se intentó seguimiento,"Se intentó hacer seguimiento sobre avances en AJAM, AJAM no respondió la solicitud de información. "
40,107,2026-08-17T04:00:00.000Z,CONCLUIDO,VDADI-DIRECCION DE PRODUCCION PECUARIA ACUICULTURA Y PESA,ING. LUCIO LIPA,CEL 75165998,SE ATENDIO LA SOLICITUD,SIN OBSERVACION
41,108,2026-08-18T04:00:00.000Z,CONCLUIDO,VDADI-DIRECCION DE PRODUCCION PECUARIA ACUICULTURA Y PESA,ING. LUCIO LIPA,CEL 75165998,NO AMERITA SEGUIMIENTO,SIN OBSERVACION
42,44,2026-06-30T04:00:00.000Z,CONCLUIDO,"NOTA RESPUESTA A PETICIÓN, REUNIÓN EN FECHA 30/06/2026 EN EN LA CASA GRANDE PISO 21,  CON AUTORIDADES DEL MUNICIPIO DE SICA SICA Y RESPUESTA A DEMANDA PROYECTOS DE CONSTRUCCIÓN DE PRESA, PERFORACIÓN DE POZOS, Y EQUIPOS DE BOMBEO PARA COMUNICADES DEL MUNICIPIO DE SICA SICA","NOTA RESPUESTA A PETICIÓN, ACTA DE REUNIÓN EN FECHA 30/06/2026 EN LA CASA GRANDE PISO 21, CON AUTORIDADES DEL MUNICIPIO DE SICA SICA Y NOTA DE RESPUESTA A LA DEMANDANDA PROYECTOS DE CONSTRUCCIÓN DE PRESA, PERFORACIÓN DE POZOS, Y EQUIPOS DE BOMBEO PARA COMUNICADES DEL MUNICIPIO DE SICA SICA,","CORINA CUSI DE SANTOS SECRETARIA GENERAL  73212934, SONIA APAZA SANTOS SECRETARIA GENERAL 64212151","EN FECHA 25 DE JUNIO DE 2026 MEDIANTE NOTA CAR/MDPRyA/VRHRAPySB/DGR/UGR N° 0251/2026 SE DIO RESPUESTA A PETICION SOBRE COMPROMISOS ASUMIDOS ENTRE EL GOBIERNO NACIONAL Y PROVINCIA AROMA MUNICIPIO DE SICA SICA DEL DEPARTAMENTO DE LA PAZ - SUBCENTRAL DISTRITO AYAMAYA, DONDE SE EXPLICA EL PROCEDIMIENTO QUE SE DEBE SEGUIR PARA PRESENTAR UN ITCPs PARA PROYECTOS DE RIEGO Y PRESAS.
Y A LA FECHA EN LA BASE DE DATOS DE LS DIRECCIÓN GENERAL DE RIEGO NO SE TIENEN NINGUNA PRESENTACIÓN DE ITCP PARA UN PROYECTO DE PRESA DE LA SUBCENTRAL AYAMAYA.
A PETICIÓN DE LOS EJECUTIVOS DE LAS CENTRALES Y SUBCENTRALES DE LA 1ER SECCIÓN MUNICIPAL DE SICA SICA SE SOSTUVO UNA REUNIÓN EN FECHA 30/06/2026 EN LA CASA GRANDE PISO 21, CON AUTORIDADES DEL MUNICIPIO DE SICA SICA, EN LA CUAL SE LES EXPLICO LA SITUACIÓN ACTUAL DE LOS 6 ITCP´s (LARICAYA, SANTA ROSA, VILUYO GRANDE, LAMPAYA, COLLPA PUCHO Y CALA CALA).

EN FECHA 07/09/2026 SE REALIZO UNA REUNION DE LA PROVINCIA AROMA, EN EL MUNICIPIO DE SICA SICA, EN EL QUE PARTICIPARON TODOS LOS MUNICIPIOS DE LA PROVINCIA, CON LA PARTICIPACION DE LOS DISTINTOS VICEMINISTERIOS DEL ESTADO Y ENTIDADES EJECUTORAS. EN EL MARCO DE LAS COMPETENCIAS DE LA DIRECCIÓN GENERAL DE RECURSOS HÍDRICOS Y RIEGO (DGRHYR), SE INFORMO LOS PROYECTOS DE LA PROVINCIA Y SE REALIZÓ LA SOCIALIZACIÓN DEL PROGRAMA “GESTIÓN RESILIENTE DEL AGUA PARA RIEGO FAMILIAR Y COMUNITARIO”, DANDO A CONOCER SUS LINEAMIENTOS, REQUISITOS Y CRITERIOS DE ELEGIBILIDAD PARA LA PRESENTACIÓN Y CONSIDERACIÓN DE PROYECTOS.
ASIMISMO, SE INVITÓ AL ALCALDE MUNICIPAL A REMITIR LOS CORRESPONDIENTES ITCP Y EDTP, CONFORME A LOS REQUERIMIENTOS Y CONDICIONES ESTABLECIDOS POR EL PROGRAMA.
SE TIENE UNA REUNIÓN PROGRAMADA PARA FECHA 22/09/26 A LAS 14:00  PM DONDE SE TOCARAN NUEVAMENTE TODOS LOS REQUERIMIENTOS QUE SOLICITAN Y PODER DE ESTA MANERA BRINDAR TODA LA INFORMACIÓN REQUERIDA Y DESPEJAR SUS DUDAS.","SE ADJUNTA NOTA RESPUESTA A PETICIÓN, ACTA Reunion de Coordinacion Sica Sica 30_junio_26 Y NOTA CAR_E-MDPRyA_2026-14869_0245_RESPUESTA SOLICITUD DE CONSTRUCCION DE REPRESA_SICA SICA"
43,109,2026-07-14T04:00:00.000Z,CONCLUIDO,VDADI-DIRECCION DE PRODUCCION PECUARIA ACUICULTURA Y PESA,ING. RILMAR LEON,73510800,SE ESTA A LA ESPERA DEL ENVIO DE INFORMACION DEL GAM TARVITA,# CEL RENE BENEGAS 72418405
44,110,2026-08-12T04:00:00.000Z,CONCLUIDO,VDADI-DIRECCION DE PRODUCCION PECUARIA ACUICULTURA Y PESA,ING. RILMAR LEON,73510800,NO REQUIERE SEGUIMIENTO SE ATENDIO LO SOLICITADO,"LA FERIA DE CAMELIDOS SE TIENE PREVISTO PARA LOS DIAS 18, 19 Y 20 DE SEPT."
45,111,2026-08-12T04:00:00.000Z,CONCLUIDO,VDADI-DIRECCION DE PRODUCCION PECUARIA ACUICULTURA Y PESA,ING. RILMAR LEON,73510800,A LA FECHA EL GAM DE PAZÑA AUN NO ENVIO LA SOLICITUD DE PERFORACION DE POZOS,SIN OBSERVACION
46,37,2026-09-21T04:00:00.000Z,EN PROCESO,RESUMEN DE REUNIONES Y REPORTE POR PARTE DEL DIRECTOR GENERAL DE RECURSOS HIDRIGOS Y RIEGO,RESUMEN REUNIONES CON MUNICIPIO DE PALOS BLANCOS,ELIAS TRIGO 72852259,"En fecha 20 de julio, Por parte del VSHASByR se informó sobre el Programa de Gestión resiliente.
No se tiene ninguna presentación de ITCPs o EDTPs por parte de Palos Blancos.

EL VSHASByR GESTIONO LA VISITA DE CAMPO AL MUNICIPIO DE PALOS BLANCOS A CARGO DEL PERSONAL TECNICO DEL SENARI EN FECHA27/06/2026, PARA LA ASITENCIA TECNICA EN LA ELABORACION DE LOS INFORMES TECNICOS DE CONDICIONES PREVIAS,

1.-“CONSTRUCCIÓN SISTEMA DE RIEGO PARA LAS COMUNIDADES BRECHA K, BRECHA I, BRECHA J, MONTE MAYOR, SAN JOSÉ B Y SAN JUAN
2.-“CONSTRUCCIÓN SISTEMA DE RIEGO PARA LAS COMUNIDADES MAPURICHUQUI, 25 DE SEPTIEMBRE Y VILLAZÓN”

ACTUALMENTE SE ENCUENTRA EN REVISION POR PARTE DEL EQUIPO TECNICO DE LA DIRECCION GENERAL DE RECURSOS HIDRICOS Y RIEGO, CON UN PLAZO PREVISTO HASTA EL 11/09/2026.

CONTINUAN EN EVALUACIÓN CON FECHA PREVISTA DE CONCLUSIÓN DE REVISION Y EMISIÓN DE INFORME PARA EL DÍA LUNES 21/09/26. TOMANDO EN CUENTA QUE LOS DOCUMENTOS FUERON INGRESADOS EN FECHA 09/09/26.
SE EMITIRA LOS INFORMES DE REVISIÓN HASTA EL DIA JUEVES 24/09/26.",
47,33,2026-09-15T04:00:00.000Z,EN PROCESO,NOTA DE RESPUESTA Y RESUMEN DE ACTAS DE REUNIÓN,NOTA DE RESPUESTA Y RESUMEN DE ACTAS DE REUNIÓN,Ivan Beltran Mamani	UISIP / DGAPAS 73421547 Francisco Córdova Mamani	Pto. Carmen	68059076 Eyner Yampasi Apaza	Pto. Carmen	61526222 Marcelino Huanca Mamani	Ejecutivo FAECIOAB ÁREA 5	67166615,"EN FECHA 29 DE JUNIO DE 2026 MEDIANTE NOTA CAR/MDPRyA/VRHRAPySB/DGAPyAS/UAR N° 0434/2026 SE DIO RESPUESTA AL VOTO RESOLUTIVO - PUNTOS 9 Y 10, DONDE SE EXPLICA EL PROCEDIMIENTO DE PRESENTACIÓN DE ITCPs Y EDTPs, PARA DAR CURSO A LA SOLICITUD DE PROYECTOS EN SU MUNICIPIO.
EL MUNICIPIO NO HA HECHO LLEGAR NIGÚN PROYECTO DE ALCANTARILLADO SANITARIO AL VICEMINISTERIO, EL GAM DE PALOS BLANCOS DEBE ELABORAR Y PRESENTAR EL EDTP, PARA LA EVALUACION Y POSTERIOR BUSQUEDA DE FINANCIAMIENTO.
EN FECHA 13 DE JULIO DE 2026 SE SOSTUVO UNA REUNIÓN EN LA CASA GRANDE DEL PUEBLO DONDE PARTICIPÓ EL MUNICIPIO DE PALOS BLANCOS  DONDE SE INFORMÓ SOBRE EL PROGRAMA DE GESTIÓN RESILIENTE, ASÍ COMO LOS AVANCES QUE SE TIENEN EAL MUNICIPIO DE PALOS BLANCOS RESPECTO A LOS COMPROMISOS ANTERIORMENTE ASUMIDOS, TAMBIÉN SE INFORMÓ SOBRE EL ESTADO DE LOS PROYECTOS DE AGUA POTABLE Y ALCANTARILLADO SANITARIO.
EN FECHA 20 DE AGOSTO DEL 2026, SE SOSTUVO UNA REUNIÓN CON FEDERACIÓN AGROECOLÓGICA DE COMUNIDADES INTERCULTURALES ORIGINARIAS PALOS BLANCOS - FAECIOAB ÁREA 5 DONDE REALIZÓ LA SOCIALIZACIÓN DEL REGLAMENTO PARA LA PRESENTACIÓN Y ELABORACIÓN DE PROYECTOS PREINVERSIÓN EN EL SECTOR DE AGUA POTABLE Y ALCANTARILLADO SANITARIO, SOBRE LA BASE DE LA NORMATIVA SECTORIAL VIGENTE. 
TODAS LAS SOLICITUDES DE PROYECTOS DEBERÁN SER DE CONOCIMIENTO DEL GOBIERNO AUTÓNOMO MUNICIPAL DE PALOS BLANCOS; POR LO CUAL SE RECOMENDÓ QUE ESTAS SEAN REMITIDAS A TRAVÉS DE DICHO GOBIERNO MUNICIPAL.
SE ENVIARA UNA NOTA AL ALCALDE INFORMANDO SOBRE LA NORMATIVA Y LAS REUNIONES REALIZADAS CON LAS ORGANIZACIONES SOCIALES DE PALOS BLANCOS, PARA QUE PUEDAN COORDINAR Y PODER PRESENTAR ITCPs AL VICEMINISTERIO.

A LA FECHA NO SE TIENE REGISTROS DE INGRESO DE PROYECTOS (ITCP o EDTP) DE ALCANTARILLADO SANITARIO.",
48,64,2026-05-21T04:00:00.000Z,CONCLUIDO,"VDADI-VICEMINISTRO KAREL RIVERO, ING. LUCIO LIPA",NOTA DE RESPUESTA NOTA SEGUN CITECAR/MDPRyA/VDAyDI/DGPPAP/UGMAP N°0098/2026GPPAP/UGMAP,JAIME TICONA HURTADO (STRIO EJECUTIVO)-LUIS ROCHA FERNANDEZ (STRIO GRAL),"EL PROGRANA NACIONAL DE POZOS FASE II TIENE UN RELEVAMIENTO DE ZONAS A INTERVENIR DONDE SE TIENE DEMANDAS DE ALGUNAS ZONAS DEL DEPARTAMENTO DE ORURO, SE ENCUENTRA EN PROCESO DE APROBACION POR FONPLATA 

VSRASByR: POR PARTE DE VSHASByR SE ENVIÓ NOTA EN FECHA 31/08/2026 A FSTUTCO EXPLICANDO EL PROCEDIMIENTO PARA PRESENTACIÓN DE ITCPS Y EDTP PARA PROYECTOS DE RIEGO.

COMO DIRECCION GEENRAL DE SEGURIDAD HIDRIGA Y RIEGO A LA FECHA SE ENCUENTRAN EN EJECUCION PROYECTOS FINANCIADOS POR EL PROGRAMA PRITEC FINANCIADO CON EL BID DETALLADOS A CONTINUACION:

1.-CONST. SISTEMA DE RIEGO PRESA KASKA (CHALLAPATA) - EL PROYECTO SE ENCUENTRA EN EJECUCIÓN DESDE EL 17/07/2026 A LA FECHA SE PRESENTA UN AVANCE DE CERCANO AL 5%.

2-CONST. SISTEMA DE RIEGO CHUQUICHAMBI (SANTIAGO DE HUAYLLAMARCA) -- EL PROYCETO SE ENCUENTRA EN EJECUCIÓN DESDE EL 20/08/2026 SE PROCEDIO CON EL PAGO DEL ANTICIPO DEL 20%.

3.-CONSTRUCCIÓN SISTEMA DE RIEGO PRESA JACHUYO (SORACACHI) - EL PROYECTO SE ENCUENTRA CON ORDEN DE PROCEDER DESDE EL 19/08/2026, SE PROCEDIÓ CON EL PAGO DEL ANTICIPO DEL 25%.

ASI MISMO, SE VIENE COORDINANDO ACTIVMENTE CON DIFERENTES MUNICIPIOS PARA LA CONFORMACION DE CARTERA DE NUEVOS PROYECTOS.",SIN OBSERVACION
49,76,2026-09-15T04:00:00.000Z,EN PROCESO,INFORMACIÓN REPORTADA POR LA  DIRECCIÓN GENERAL DE GESTIÓN INTEGRAL DE RESIDUOS,MARCELA JOFRE,MARCELA JOFRE 69993694,"DE ACUERDO A LA BASE DE DATOS ACTUAL (2026) NO SE EVIDENCIO REGISTRO DE ITCPS RELACIONADO A PLANTAS DE INDUSTRIALIZACION, SIN EMBARGO A FIN DE CONSIDERAR PROYECTOS DE INDUSTRIALIZACIÓN DE RESIDUOS, ES NECESARIO EVALUAR LA VIABILIDAD TÉCNICA Y EL ALCANCE DEL TIPO DE INDUSTRIALIZACIÓN A REQUERIR ACORDE A CADA MUNICIPIO, INFORMACIÓN QUE DEBE REFLEJARSE EN EL INFORME TÉCNICO DE CONDICIONES PREVIAS (ITCP). PARA TAL EFECTO EN FECHA 19 DE AGOSTO SE ENVIÓ LA NOTA CAR/MDPRyA/VRHRAPySB/DGGIR N°0012/2026 A LA FSUTCO DONDE SE DETALLA LOS REQUSITOS Y EL PROCEDIMIENTO PARA LA PRESENTACIÓN DE ITCP EN GESTIÓN INTEGRAL DE RESIDUOS SOLIDOS PARA UN MUNICIPIO, QUEDANDO A LA ESPERA DE RESPUESTA.


SE REALIZO EN 3 OCASIONES REUNIONES DE ASISTENCIA TECNICA, DONDE SE EXPLICO LOS PROCEDIMIENTOS, SE ACLARÓ COMO SE CONFIGURAN LOS PROYECTOS DE ACUERDO A SU DEMANDA PARA EL SECTOR, EN TAL SENTIDO SE EMITIO UNA NOTA CON CITE: CAR/MDRPYA/VVRHRAPYSB/DGGIR N° 0012/2026, EN LA QUE SE BRINDA TODA LA INFORMACION TECNICA Y LOS MODELOS DE DOCUMENTOS DE PRESENTACION EN FORMATO QR, ASI COMO LOS REQUISITOS PARA QUE PUEDAN REALIZAR LA PRESENTACION, A LA FECHA NOS ENCONTRAMOS  A LA ESPERA DE DICHA DOCUMENTACION CON LA APERTURA DE CONTINUAR BRINDANDO ASISTENCIA TECNICA Y APOYO.",A LA ESPERA DE RESPUESTA.
50,112,2026-08-03T04:00:00.000Z,CONCLUIDO,INFORMACIÓN REPORTADA POR LA  DIRECCIÓN GENERAL DE RIEGO Y ACTA DE REUNIÓN DEL 03.08.26,ACTA DE REUNIÓN DEL 03.08.26,ELIAS TRIGO 72852259,"EN EL MARCO DE LA GESTIÓN DE FINANCIAMIENTO DEL PROYECTO DE RIEGO PARCELARIO PATAMANTA, SE REALIZARON LAS SIGUIENTES ACCIONES:
- APROBACIÓN DEL ESTUDIO
- COMPROMISOS DE CONTRAPARTE DEL GAM Y GAD.
- SOLICITUD DE RATIFICACIÓN DE CONTRAPARTES DE PARTE DEL GAM Y GAD.
- COMPROMISO DE LIBERACION DEL 80% DEL CANDADO ADUCCIÓN MULTIPROPÓSITO
- SOLICITUD DE FINANCIAMIENTO DEL PROYECTO AL VIPFE
- FORMULACIÓN DEL PROGRAMA PAPA (EN BORRADOR)
- REUNIÓN CON PATAMANTA EL 03/08/2026 EN EMAGUA A HRS. 10:00","ACTA DE ACUERDO VRHRAPySB CON LA COMUNIDAD CHURIAQUE
Nota MPD_Patamanta
Nota sol DAM retidicacion contrap patamanta 0206
Nota sol GAD LP ratificación contrap patamanta 0205
RESUMEN REUNION PROYECTO RIEGO PARCELARIO ARPA PATAMANTA Y ACTA DE COMPROMISO 03.08.26"
51,113,2026-09-02T04:00:00.000Z,CONCLUIDO,ACTA DE REUNIÓN,"Cumplido, el CEOLCC realizó la instrucción de que no se permita el traslado de ganado en pie en los 50 km de la frontera, así como se ha fortalecido le lucha contra el contrabando El VLCC realizó gestiones ante el Viceministerio de Justicia Indígena… para que se efectivice la coordinación con los GAM que correspondan, previa solicitud formal de la CONTRACABOL que incluya información de ferial.  El VLCC otorgó a la CONTRACABOL un contacto para que se realicen denuncias de posibles casos de contra",Luis Sanga Cuellar,El CEOLCC dio atención a la demanda,"Esta demanda es competencia exclusiva del VLCC, sin embargo en base al requerimiento el VCLI articuló con los actores para que la demanda sea atendida"
52,114,2026-09-02T04:00:00.000Z,EN PROCESO,ACTA DE REUNIÓN,"La DGDDUC se pondrá en contacto con la Autoridades de Patacamaya, SENASAG e instituciones que correspondan, para la realización de verificativos conjuntos, información que será transmitida al CEOLCC para fines consiguientes. Se programa la verificación para la tercera semana de septiembre",Luis Sanga Cuellar,Se acordó reunión de coordinación para fecha 03 de septiembre para iniciar el verificativo.,"Considerando que Patacamaya no es ciudad fronteriza, para dar una solución a la demanda se acordó realizar verificativos en el marco de las atribuciones de la DGDDUC"
53,115,2026-08-20T04:00:00.000Z,CONCLUIDO,ACTA DE REUNIÓN,En fecha 18 de agosto el OAP se realiza el relevamiento de información en coordinación con Jesús Huchani,Jesus Huchani,Se realizó el trabajo de recolección de información,El informante puso a disposición su frigorífico para realizar el desposte de un vacuno.
54,116,2026-09-02T04:00:00.000Z,CONCLUIDO,NOTA,Se dio respuesta a la CONTRACABOL,Luis Sanga Cuellar,El SENASAG comprometió otorgar la información a CONTRACABOL,
55,117,2026-09-02T04:00:00.000Z,EN PROCESO,ACTA DE REUNIÓN,En fecha 27 de agosto se sostuvo reunión con ADEPOR CBBA suscribiendo acta,Gerónimo Choque Callata,Se sostuvo reunión en fecha 27 de agosto de 2026 con ADEPOR CBBA.,
56,118,2026-09-02T04:00:00.000Z,EN PROCESO,ACTA DE REUNIÓN,En fecha 27 de agosto se sostuvo reunión con ADEPOR CBBA suscribiendo acta,Gerónimo Choque Callata,Se sostuvo reunión en fecha 27 de agosto de 2026 con ADEPOR CBBA.,
57,119,2026-09-02T04:00:00.000Z,EN PROCESO,ACTA DE REUNIÓN,En fecha 27 de agosto se sostuvo reunión con ADEPOR CBBA suscribiendo acta,Gerónimo Choque Callata,Se sostuvo reunión en fecha 27 de agosto de 2026 con ADEPOR CBBA.,
58,120,2026-09-02T04:00:00.000Z,CONCLUIDO,ACTA DE REUNIÓN,En fecha 27 de agosto se sostuvo reunión con ADEPOR CBBA suscribiendo acta,Gerónimo Choque Callata,Se sostuvo reunión en fecha 27 de agosto de 2026 con ADEPOR CBBA.,
59,121,2026-09-02T04:00:00.000Z,EN PROCESO,ACTA DE REUNIÓN,En fecha 27 de agosto se sostuvo reunión con ADEPOR CBBA suscribiendo acta,Gerónimo Choque Callata,Se sostuvo reunión en fecha 27 de agosto de 2026 con ADEPOR CBBA.,
60,122,2026-08-20T04:00:00.000Z,EN PROCESO,ACTA DE REUNIÓN,"En Curso, se cuenta con proyecto de Decreto Supremo y Reglamentación en revisión",Everth Baltazar - Dandy Mallea,Se viene revisando el proyecto de Decreto Supremo y Reglamento,Se asumió el compromiso de la aprobación del Programa de Fortalecimiento al sector panificador.
61,123,2026-09-02T04:00:00.000Z,EN PROCESO,ACTA DE REUNIÓN,En fecha 14 de agosto se sostuvo reunión con los panificadores independientes,Elizabeth Galarza,Se autorizó el inicio del CONECTA PAN para el 09 de septiembre en la ciudad de La Paz,
62,124,2026-09-02T04:00:00.000Z,EN PROCESO,ACTA DE REUNIÓN,En fecha 30 de junio de 2026 se sostuvo reunión,Dandy Mallea,"Se realizó una feria del PAN 8, 9 y 10 julio de 2026",
63,125,2026-08-20T04:00:00.000Z,CONCLUIDO,INFORMACIÓN REPORTADA POR LA  DIRECCIÓN GENERAL DE RIEGO,ELIAS TRIGO,ELIAS TRIGO 72852259,"LAS JUNTAS VECINALES DE LURIBAY NO SE APERSONARON A LAS OFICINAS DEL VICEMINISTERIO DE RECURSOS HÍDRICOS, RIEGO, AGUA POTABLE Y SANEAMIENTO BÁSICO. SIN EMBARGO, CON EL PROGRAMA ""GESTIÓN RESILIENTE DEL AGUA PARA RIEGO COMUNITARIO Y FAMILIAR"", SE PRIORIZÓ EL ITCP ""AMPLIACIÓN SISTEMA DE RIEGO AZAMBO"", QUE BENEFICIA A 87 FAMILIAS Y 50,2 HA DE RIEGO. LA LICITACIÓN PÚBLICA DE ESTE ESTUDIO INICIARÁ APROXIMADAMENTE EN SEPTIEMBRE.
EN FECHA 20 DE JULIO SE TUVO REUNIÓN PARA INFORMAR SOBRE LA SITUACIÓN ACTUAL DEL PROYECTO WALLATANI CHULLUNI DEL MUNICIPIO ACHACACHI DE LA PROVINCIA OMASUYOS LA MISMA REQUIERE COMPLEMENTACIONES Y ACTUALIZACIÓN. (ACTA DE REUNIÓN).",
64,126,2026-08-20T04:00:00.000Z,CONCLUIDO,ACTA DE REUNION E ITCP,ACTA DE REUNION E ITCP,VER ACTA ED REUNION,"SE HA PRIORIZADO LA ELABORACION DE EDTP CONSTRUCCIÓN DE SISTEMA DE RIEGO ASOCIACIÓN DE REGANTES DE WILA WARANKHA “ARWA” (GAM AYO AYO).

SE SOSTUVO UNA REUNIÓN EN FECHA 30/06/2026 EN INSTALACIONES DEL VICEMINISTERIO DE RECURSOS HÍDRICOS, RIEGO, AGUA POTABLE Y SANEAMIENTO BÁSICO CON AUTORIDADES DEL MUNICIPIO DE SICA SICA, EN LA CUAL SE LES EXPLICO LA SITUACIÓN ACTUAL DE LOS 6 ITCP´s (LARICAYA, SANTA ROSA, VILUYO GRANDE, LAMPAYA, COLLPA PUCHO Y CALA CALA)

ASIMISMO, SE SOSTUVO OTRA REUNIÓN EN FECHA 01/07/2026  EN INSTALACIONES DEL VICEMINISTERIO DE RECURSOS HÍDRICOS, RIEGO, AGUA POTABLE Y SANEAMIENTO BÁSICO CON AUTORIDADES DEL MUNICIPIO DE SICA SICA, TUPAC KATARI, EN LA CUAL SE LES SOCIALIZÓ EL PROGRAMA ""GESTIÓN RESILIENTE"" EL CUAL SE ENCUENTRA VIGENTE. EN FECHA 16 DE JUNIO SE SOSTUVO UNA REUNIÓN CON LA ALCALDESA DE CALAMARCA Y EL PERSONAL DEL VRHRAPYSB, EN LA CUAL SE INFORMÓ QUE EL 2023 SE DEVOLVIÓ 2 EDTP AL MUNICIPIO CON OBSERVACIONES.
TAMBIÉN INDICARON QUE REMITIERON UNA NOTA DE SOLICITUD DE FINANCIAMIENTO PARA EL PROYECTO ""CONST. IMPLEMENTACIÓN SIST DE AGUA POTABLE SUBCENTRAL CHOCOROSI CHOCOROSI - SAN PEDRO - CHOCOROSI ALTO CHOCOROSI"" MUNICIPIO CALAMARCA. RESPECTO AL GAM DE SAN PEDRO DE COLLANA SE ENCUENTRA EN ETAPA DE EJECUCION DEL PROYECTO ""IMPLEMENTACION DE LA GESTION INTEGRAL DE RESIDUOS SOLIDOS EN EL MUNICIPIO DE COLLANA"" A TRAVES DEL PROGRAMA DE SANEAMIENTO DEL LAGO TITICACA - PSLT.(AVANCE FISICO 36,7%)",ADJUNTA ACTAS E ITCP
65,127,2026-08-20T04:00:00.000Z,EN PROCESO,VDADI-DIRECCION DE PRODUCCION PECUARIA ACUICULTURA Y PESA,ACTA DE REUNON DE COORDINACION Y COMPROMISOS DE FECHA 21 DE JULIO DE 2026,DIRECTOR GRRAL DE VJIOCCMSSC-VDADI,EL PROGRAMA MI PUENTE ESTA EN PROCESO DE GESTION DE FINANCIAMIENTO Y SU POSTERIOR LOAYZA,CON RESPECTO AL PROGRAMA MI PUENTE LOS GAMS DEBEN PRESENTAR LOS EDTP 
67,128,2026-07-10T04:00:00.000Z,EN PROCESO,VDADI-DIRECCION DE PRODUCCION PECUARIA ACUICULTURA Y PESA,"5 GAMS DE LA PROV. LARECAJA, VICEMINISTERIO DE DEFENSA CIVIL, VICEMIMNISTRO DE JUSTICIA, VICEMINISTRO DE EDUCACION, MINISTERIO DE SALUD, MDPRyA, UPRE,FPS e YPFB","EUSTAQUIO HUAYTA POMA-ALCALDE DE SORATA,- ING. LUCIO LIPA CEL 75165998",CON SEGUIMIENTO AL PROCESO DE GESTION DE CUMPLIMIENTO,LAS GESTIONES DE COMPROMISOS SE ENCUENTRAN EN PROCESO
68,130,2026-05-28T04:00:00.000Z,CONCLUIDO,VDADI-ING. LUCIO LIPA,ACTA DE REUNON DE FECHA 28 DE MAYO DE 2026 DEBIDAMENTE FIRMADA,"ROGER CHUQUIMIA(74093998 ALCALDE PUERTO ACOSTA)- WALTER NINA (67013670 ALCALDE DE CARABUCO,)",SE REALIZARA EL SEGUIMIENTO DE LA SOLICITUD REALIZADA EN CUANTO SE ENCUENTREN VIGENTES LOS PROGRAMAS DE RIEGO Y POZO,SE REALIZO LA REUNION Y LA FIRMA DEL ACTA SIN PREVIA SOLICITUD DE AUDIENCIA. 
69,131,2026-05-15T04:00:00.000Z,CONCLUIDO,"VDADI-VICEMINISTRO KAREL RIVERO, LIC. ALEMAN Y MARIA BELEN PERALTA",ACTA DE REUNION DE FECHA 15 DE MAYO DE 2026,ELVIS TACACHIRI #CEL 76444411 (FEDERACION CARRASCO)-LIC. ALEMAN # 76210635 (VDADI-OORDINADOR GRAL),CCCC,CCCCC
70,132,2026-05-12T04:00:00.000Z,CONCLUIDO,"VDADI-VICEMINISTRO KAREL RIVERO, LIC. ALEMAN Y MARIA BELEN PERALTA",ACTA DE REUNION DE FECHA 12 DE MAYO DE 2026,"HUGO ORTIZ # 63173555, ARMIN LLUTA "" 68135551, VICEMINISTRO KAREL RODRIGUEZ  # 70156110",SE REALIZO EL ANALISIS DEL ESTADO DE COFECAY,POR LA IMPORTANCIA DEL SECTOR SOCIAL SE PRIORIZO LA ATENCION A ESTE REQUERIIENTO A HRS 20:45
71,133,2026-05-12T04:00:00.000Z,CONCLUIDO,"VDADI-VICEMINISTRO KAREL RIVERO, LIC. ALEMAN Y MARIA BELEN PERALTA",ACTA DE REUNION DE FECHA 12 DE MAYO DE 2026 ,"EUTASQUIO HUAYTA # 71959040, KAREL RODRIGUEZ VICEMINISTRO VDADI  # 70156110",SE ACORDO LA REUNION TECNICA PARA EL ANALISIS DE LOS PROYECTOS ,"DEBIDO A LO DELICADO DE LA SITUACIO COYUNTURAL NO SE ESCATIMO EN EL HORARIO PARA LA ATENCION DE ESTAS REUNIONES, EN ESTA CASO LAS 19:30"
72,134,2026-05-12T04:00:00.000Z,CONCLUIDO,"VDADI-VICEMINISTRO KAREL RIVERO, VICEMINISTRA VIVIANA MARISCAL VRHRAPySB",ACTA DE REUNION DE FECHA 12 DE MAYO DE 2026,"NELSON MAMANI (ALCALDE GAM JESUS DE MACHACA # 68135612), KAREL RIVERO (VDADI # 70156110), VIVIANA MARISCAL (VRHRAPySB # 68770703",SE REALIZARA UNA CAPACITACION Y SE INFORMARA DE LOS PROGRAMAS Y PROYECTOS EN EJECUCION Y LOS QUE ESTAN EN ELABORACION,EL REQUERIMIENTO FUE ATENDIDO SIN NOTA DE SOLICITUD
73,135,2026-05-11T04:00:00.000Z,CONCLUIDO,"VDADI-VICEMINISTRO KAREL RIVERO, LIC. ALEMAN Y MARIA BELEN PERALTA",ACTA DE REUNION EN DESPACHO MINISTERIAL  DE FECHA 11 DE MAYO DE 2026,"JESUS CHUCAMANI # 74017906, JOAQUIN BENITO MAMANI # 64109415, KAREL RIVERO #70156110",SE RESPONDIO A LA SOLICITUD DEREUNION DE COORDINACION EN EL MISMO DIA ,NINGUNA 
74,136,2026-05-11T04:00:00.000Z,CONCLUIDO,"VDADI-VICEMINISTRO KAREL RIVERO, FONADIN, JEFE DE GABINETE DEL MINISTERIO DR. VICTOR HUGO AÑEZ . ALTA",ACTA DE REUNION EN DESPACHO MINISTERIAL ,"CARLOS TANCARA (# CEL 68175147)- VICEMINISTRO KAREL RIVERO ("" 70156110), DR. VICTOR HUGO AÑEZ (#77702470). ",EL REQUERIMIENTO FUE ATENDIDO EN EL DIA ANTE LA PRESENCIA DEL EJECUTIVO Y SU COMITIVA ,SIN OBSERVACION 
75,137,2026-05-07T04:00:00.000Z,CONCLUIDO,VDADI-SENASAG-INIAF-IPDSA,ACTA DE REUNION,HERBERT QUISPE (#72958500)- VDADI VICEMINISTRO KAREL RIVERO (#70156110),SE PROPORCIONO LA INFORMACION REQUERIDA POR LA FEDERACION,NINGUNA 
76,138,2026-05-06T04:00:00.000Z,CONCLUIDO,"VDADI-VICEMINISTRO KAREL RIVERO, VICEMINISTRA VIVIANA MARISCAL VRHRAPySB",ACTA DE REUNION VDADI DE FECHA 06 DE MAYO DE 2026,"WILSON LISMO (#72052864)- VDADI (VICEMINISRO KAREL RIVERO (""70156110)","SE BRINDO INFORMACION REQUERIDA DANDO A CONOCER LOS PROGRAMAS Y PROYECTOS EJECUTADOS, EN EJECUCION Y LOS PROGRAMADOS ","NO TIENE SOLICITUD DE AUDIENCIA, LA REUNION SE LLEVO A CABO EN DESPACHO DEL VICEMINISTRO"
77,139,2026-05-05T04:00:00.000Z,CONCLUIDO,VDADI-DIRECCION DE PRODUCCION PECUARIA ACUICULTURA Y PESA,ACTA DE REUNION FIRMADA EN FECHA 05 DE MAYO ,"MARIO CONDORI (#74099689)- VDADI KAREL RIVERO (#70111556), DIRECTOR GENERAL DE LA COCA  ROGER TINTAYA (#67156854)",SE OFRECE LA GENERACIO NDE MESAS TECNICAS PARA ELABORAR PROPUESTAS EN BASE A SUS NECESIDADES ,LA SOLICITUD FUE ATENDIDA SIN NECESIDAD DE AGENDAMIENTO 
78,140,2026-07-02T04:00:00.000Z,CONCLUIDO,VDADI,ACTA DE REUNON VDADI,DIEGO POMA (#76512656)- ERIKA FERRUFINO (#76191103),SE CONSIDERARA LA INCLUSION A LOS PROGRAMAS DE FRUTAS DE VALLE Y EL PROGRAMA PAPA ,NINGUNA 
79,141,2026-06-19T04:00:00.000Z,CONCLUIDO,VDADI,ACTA DE REUNION DE FECHA 19 DE JUNIO DE 2026,JUSTINO KAMAKE (#63839227)- ERIKA FERRUFINO (#76191103),SE BRINDO INFORMACION SOBRE LO REQUERIDO ,LOS ACTORES PRODUCTIVOS HARAN LLEGAR SUS REQUERIMIENTOS SEGUN SU POTENCIAL PRODUCTIVO PAR AEL PROGRAMA PAR III Y EL PROGRAMA POZOS
80,142,2026-08-18T04:00:00.000Z,CONCLUIDO,VDADI,ACTA DE REUNION DE FECHA 18 DE AGOSTO DE 2026,ROGER ARIAS ORELLANA (# 76098656)- VDADI ERIKA FERRUFINO (#76191103) ,SE TOMO EN CUENTA LAS SOLICITUDES REQUERIDAS ,LA SOLICITUD FUE ATENDIDA SIN QUE EXISTA UNA NOTA DE AGENDAMIENTO PARA RESERVAR HORARIOS
81,143,2026-08-10T04:00:00.000Z,CONCLUIDO,VDADI,ACTA DE REUNON DE COORDINACION DEL 10 DE AGOSTO DE 2026,GRACIELA CUEVAS TORREZ (#78827887)- VDADI ERIKA FERRUFINO (#76191103),SE TOMO EN CUENTA LAS 2 SOLICITUDES REQUERIDAS ,NINGUNA 
82,60,2026-05-21T04:00:00.000Z,CONCLUIDO,"VDADI-VICEMINISTRO KAREL RIVERO, ING- LUCIO LIPA ",NOTA DE RESPUESTA NOTA SEGUN CITECAR/MDPRyA/VDAyDI/DGPPAP/UGMAP N°0098/2026gppap/ugmap,JAIME TICONA HURTADO (STRIO EJECUTIVO)-LUIS ROCHA FERNANDEZ (STRIO GRAL),EL PROGRAMA PARA LA PRODUCCION DE LA QUINUA SE ENCUENTRA EN PROCESO DE ELABORACION,NINGUNA
83,61,2026-05-21T04:00:00.000Z,CONCLUIDO,"VDADI-VICEMINISTRO KAREL RIVERO, ING. LUCIO LIPA",NOTA DE RESPUESTA NOTA SEGUN CITECAR/MDPRyA/VDAyDI/DGPPAP/UGMAP N°0098/2026gppap/ugmap,JAIME TICONA HURTADO (STRIO EJECUTIVO)-LUIS ROCHA FERNANDEZ (STRIO GRAL),"EL PROGRAMA SE ENCUENTRA EN PROCESO DE GESTION DE FINANCIAMIENTO MISMA QUE CONTEMPLA A LOS MUNICIPIOS PRODUCTORES DEL DPTO

VSHASByR: 
COMO DIRECCION GEENRAL DE SEGURIDAD HIDRIGA Y RIEGO A LA FECHA SE ENCUENTRAN EN EJECUCION PROYECTOS FINANCIADOS POR EL PROGRAMA PRITEC FINANCIADO CON EL BID DETALLADOS A CONTINUACION:

1.-CONST. SISTEMA DE RIEGO PRESA KASKA (CHALLAPATA) - EL PROYECTO SE ENCUENTRA EN EJECUCIÓN DESDE EL 17/07/2026 A LA FECHA SE PRESENTA UN AVANCE DE CERCANO AL 5%.

2-CONST. SISTEMA DE RIEGO CHUQUICHAMBI (SANTIAGO DE HUAYLLAMARCA) -- EL PROYCETO SE ENCUENTRA EN EJECUCIÓN DESDE EL 20/08/2026 SE PROCEDIO CON EL PAGO DEL ANTICIPO DEL 20%.

3.-CONSTRUCCIÓN SISTEMA DE RIEGO PRESA JACHUYO (SORACACHI) - EL PROYECTO SE ENCUENTRA CON ORDEN DE PROCEDER DESDE EL 19/08/2026, SE PROCEDIÓ CON EL PAGO DEL ANTICIPO DEL 25%.

ASI MISMO, SE VIENE COORDINANDO ACTIVMENTE CON DIFERENTES MUNICIPIOS PARA LA CONFORMACION DE CARTERA DE NUEVOS PROYECTOS.

EN EL MARCO DEL PROGRAMA GESTIÓN RESILIENTE, SE HAN PRIORIZADO LOS SIGUIENTES PROYECTOS, LOS CUALES SE ENCUENTRAN EN PROCESO DE GESTIÓN PARA LA SUSCRIPCIÓN DE LOS RESPECTIVOS CONVENIOS:
•MANEJO INTEGRAL DE LA MICROCUENCA DEL RÍO VENTA Y MEDIA: EN PROCESO DE GESTIÓN PARA LA SUSCRIPCIÓN DEL CONVENIO.
•MANEJO INTEGRAL DE LA MICROCUENCA KHONCHU MAYU: EN PROCESO DE GESTIÓN PARA LA SUSCRIPCIÓN DEL CONVENIO.
•MANEJO INTEGRAL DE LA MICROCUENCA DEL RÍO BERENGUELA: EN PROCESO DE GESTIÓN PARA LA SUSCRIPCIÓN DEL CONVENIO.
",NINGUNA
84,63,2026-05-21T04:00:00.000Z,CONCLUIDO,"VDADI-VICEMINISTRO KAREL RIVERO, ING. LUCIO LIPA ",NOTA DE RESPUESTA NOTA SEGUN CITECAR/MDPRyA/VDAyDI/DGPPAP/UGMAP N°0098/2026gppap/ugmap,JAIME TICONA HURTADO (STRIO EJECUTIVO)-LUIS ROCHA FERNANDEZ (STRIO GRAL),EL PROGRAMA SE ENCUENTRA EN PROCESO DE GESTION DE FINANCIAMIENTO MISMA QUE CONTEMPLA A LOS MUNICIPIOS PRODUCTORES DEL DPTO,NIINGUNA
85,68,2026-05-21T04:00:00.000Z,CONCLUIDO,"VDADI-VICEMINISTRO KAREL RIVERO, ING. LUCIO LIPA",NOTA DE RESPUESTA NOTA SEGUN CITECAR/MDPRyA/VDAyDI/DGPPAP/UGMAP N°0098/2026GPPAP/UGMAP,JAIME TICONA HURTADO (STRIO EJECUTIVO)-LUIS ROCHA FERNANDEZ (STRIO GRAL),PARA EL APOYO A PRODUCTORES HORTICOLAS SE VIENE ELABORANDO EL PROGRAMA NACIONAL DE HORTALIZAS DONDE SE CONSIDERARA DESPUES DE UN ESTUDIO PARA EL FORTALECIMIIENTO DE LA SEGURIDAD ALIMENTARIA DEL DEPARTAMENTO DE ORURO ,NINGUNA
86,124,2026-09-02T04:00:00.000Z,EN PROCESO,ACTA DE REUNIÓN,En fecha 30 de junio de 2026 se sostuvo reunión,Dandy Mallea,Se tiene planificado realizar la feria del pan el 10 y 11 de septiembre,
87,144,2026-09-02T04:00:00.000Z,EN PROCESO,ACTA DE REUNIÓN,En fecha 02 de agosto se sostuvo reunión con el demandante,Raul Ortiz Garnica,En reunión del 02 de septiembre se asumió el compromiso de iniciar una Mesa de Trabajo para analizar la importación de harina de trigo,
88,59,2026-09-15T04:00:00.000Z,EN PROCESO,BASE DE DATOS DIRECCI[ON GENERAL DE RECURSOS HIDRICOS Y RIEGO,BASE DE DATOS DIRECCI[ON GENERAL DE RECURSOS HIDRICOS Y RIEGO,ELIAS TRIGO 72852259,"SE CUENTA CON UN PROGRAMA GESTIÓN RESILIENTE DEL AGUA PARA RIEGO COMUNITARIO Y FAMILIAR FINANCIADO CON EL BANCON MUNDIAL QUE PUEDE ATENDER PROYECTOS DE RIEGO MENOR, MANEJO INTEGRAL DE CUENCAS, Y RIESGO HIDROLOGICOS, EL CUAL ESTA ENFOCADO EN APALEAR EL TEMA DE SEGUIAS Y LOS EFECTOS DEL CAMBIO CLIMÁTICO. CUYO PROGRAMA SE ENCUENTRA VIGENTE A LA FECHA.


ESTADO ACTUAL DE LOS CUATRO PROYECTOS DE RIEGO PRIORIZADOS CON EL PROGRAMA GESTION RESILIENTE:

1.-MEJORAMIENTO SISTEMA DE RIEGO TECNIFICADO CALA CALA (SORACACHI) - EL PROYECTO FUE PUBLICADO 04/09/2026 SE ESPERA LA FECHA DE PRESENTACIÓN DE PROPUESTAS HASTA EL 06/10/2026, SE ENCUENTRAN PUBLICADOS LOS PROCESOS PARA SUPERVISIÓN Y FORATP 

2-MEJORAMIENTO SISTEMA DE RIEGO TECNIFICADO HUALLCA (SANTIAGO DE HUARI) - EL PROYECTO FUE PUBLICADO 09/09/2026 SE ESPERA LA FECHA DE PRESENTACIÓN DE PROPUESTAS HASTA EL 05/10/2026, SE ENCUENTRAN PUBLICADOS LOS PROCESOS PARA SUPERVISIÓN Y FORATP 

3.-CONSTRUCCIÓN SISTEMA DE RIEGO TECNIFICADO PASTO DE LOBOS (GAIOC SALINAS) - SE ENVÍO A LA UTEP PATRIA AGUA PARA LA PREPARACIÓN DE DOCUEMENTOS DE SOLICITUD DE PROPUESTAS PARA OBRA. SE ENCEUNTRA PUBLICADO EL FORATP DESDE EL 01/09/2026 LA FECHA ESTIPULADA PARA LA PRESENTACIÓN ES EL  16/09/2026

4.-MEJORAMIENTO SISTEMA DE RIEGO TECNIFICADO CHILCANI (SANTIAGO DE HUAYLLAMARCA) - SE ENVÍO A LA UTEP PATRIA AGUA PARA LA PREPARACIÓN DE DOCUEMENTOS DE SOLICITUD DE PROPUESTAS PARA OBRA, SUPERVISIÓN Y FOARTP AL PPCR.

EN EL MARCO DEL PROGRAMA GESTIÓN RESILIENTE, SE HAN PRIORIZADO LOS SIGUIENTES PROYECTOS, LOS CUALES SE ENCUENTRAN EN PROCESO DE GESTIÓN PARA LA SUSCRIPCIÓN DE LOS RESPECTIVOS CONVENIOS:
•MANEJO INTEGRAL DE LA MICROCUENCA DEL RÍO VENTA Y MEDIA: EN PROCESO DE GESTIÓN PARA LA SUSCRIPCIÓN DEL CONVENIO.
•MANEJO INTEGRAL DE LA MICROCUENCA KHONCHU MAYU: EN PROCESO DE GESTIÓN PARA LA SUSCRIPCIÓN DEL CONVENIO.
•MANEJO INTEGRAL DE LA MICROCUENCA DEL RÍO BERENGUELA: EN PROCESO DE GESTIÓN PARA LA SUSCRIPCIÓN DEL CONVENIO.
",
89,154,2026-10-27T04:00:00.000Z,EN PROCESO,VDAyA,ING. LIPA,#CEL 75165998,SE ESTA A LA ESPERA DE LA PRESENTACION DEL EDTP,NINGUNA
90,155,2026-08-27T04:00:00.000Z,EN PROCESO,VDAyA,acta firmada ,INTALENCIO ZAMBRANA # cel 63412134,se coordinara una reunion con la asociacion civil respecto de la viabilidad de su solicitud ,sin observacion 
91,156,2026-08-27T04:00:00.000Z,EN PROCESO,VDAyA,ACTA,Aurelio Lipa Ch. ,se esta haciendo seguiiento al acta de reunon de fecha 28 de agosto,se esta a la espera del acta firmada 
92,157,2026-08-27T04:00:00.000Z,EN PROCESO,vdadi ,acta firmada el 27 de agosto de 2026 ,Aurelio Lipa Ch. ,se esta haciendo el seguimiento ,ninguna 
93,129,2026-09-21T04:00:00.000Z,EN PROCESO,BASE DE DATOS DGRHYR y DGAPSB,REPORTES DGRHYR y DGAPSB,"ELIAS TRIGO 72852259, RAMIRO GALAN 72222739","PUNTO 4. REQUERIMIENTO DE ALCANTARRILLADO Y AGUA POTABLE. 
VSHASByR - DIRECCIÓN GENERAL DE RECURSOS HIDRICOS Y RIEGO
EN FECHA 08/07/26 EL GAM COMANCHE INGRESO EL EDTP PROYECTO “CONSTRUCCIÓN SISTEMA DE RIEGO SUNIMURO (COMANCHE)” EL CUAL FUE REMITIDO AL GAM EL 18/08/26 CON OBS. Y NO HAN DADO ATENCIÓN HASTA LA FECHA. EN FECHA 02/09/26 INGRESARON EL DOCUMENTO CORREGIDO SIN EMBARGO, SE PROCEDIO A REVISAR Y SE CONSTATO QUE SIGUE CON OBSERVACIONES Y SE REMITIO AL GAM EN FECHA 14/09/26.

DE IGUAL MANERA INGRESARON EL ITCP PROYECTO ""CONSTRUCCION SISTEMA DE RIEGO COMUNIDAD AYLLU ORIGINARIO CHIACATA""  Y SE REMITIO el 26/08/26 AL GAM CON OBSERVACIONES, SE ESTA REALIZANDO SEGUIMIENTO PARA QUE DEN ATENCIÓN A LAS OBSERVACIONES. LA SEGUNDA SEMANA DE SEPTIEMBRE EL GAM INGRESO EL ITCP AL SEDERI PARA QUE PROCEDAN A SU CORRECCIÓN QUIENES DEBEN DAR ATENCIÓN EN 10 DÍAS HABILES.
DIRECCION GENERAL DE AGUA POTABLE: 
CONSIDERANDO QUE LAS DOS REUNIONES DE COORDINACIÓN PREVIAMENTE PROGRAMADAS CON REPRESENTANTES DE LA PROVINCIA PACAJES, EN INSTALACIONES DEL VICEMINISTERIO DE SEGURIDAD HÍDRICA, AGUA, SANEAMIENTO BÁSICO Y RIEGO, Y LA OTRA REALIZADA EL DIA 07/09/26 EL VSHASByR  EN EL MUNICIPIO DE WALDO BALLIVIAN NO PUDIERON CONCRETARSE POR LA FALTA DE LA PRESENCIA DE TODOS LOS MUNICIPIOS, SE ACORDÓ REPROGRAMAR UNA NUEVA REUNIÓN DE COORDINACIÓN EN EL MUNICIPIO DE COROCORO, PARA EL DÍA 19 DE SEPTIEMBRE DE 2026, A HORAS 08:30.
EN FECHA 19/09/26 SE SOSTUVO LA REUNIÓN REPROGRAMADA CON LA PROVINCIA  PACAJES EN EL MUNICIPIO DE CORO CORO DONDESE SOCIALIZÓ EL REGLAMENTO PARA LA PRESENTACIÓN DE PROYECTOS, ENFATIZANDO LOS REQUISITOS CLAVE, PARA LOS SISTEMAS DE AGUA POTABLE ES OBLIGATORIO GARANTIZAR LA DISPONIBILIDAD Y CONTINUIDAD DE LAS FUENTES DE AGUA, MIENTRAS QUE PARA LOS PROYECTOS DE ALCANTARILLADO SE DEBE ACREDITAR EL DERECHO PROPIETARIO DEL PREDIO DESTINADO A LA PTAR.
•	PARA FECHA 24 DE SEPTIEMBRE SE LLEVARÁ A CABO UNA REUNIÓN EN LA CASA DEL PUEBLO PARA EVALUAR LOS COMPROMISOS DE REUNIONES ANTERIORES.
•	EL VICEMINISTRO SANTAMARIA, SE COMPROMETIÓ DE HABLA CON LA VICEMINISTRA ING VIVIANA MARISCAL, PARA ABRIR UNA OFICINA TÉCNICA EN EL TELEFÉRICO MORADO, PARA BRINDAR ASISTENCIA TÉCNICA EN PROYECTOS DE AGUA POTABLE Y RIEGO PARA QUE LOS MUNICIPIOS PUEDAN ACUDIR Y RECIBIR ORIENTACIÓN EN SUS PROYECTOS.
NO SE FIRMARON COMPROMISOS POR PARTE DE LOS TÉCNICOS DEL VSHASBYR.","EL MUNICIPIO INGRESO EDTPs DE PRPOYECTOS DE AGUA POTABLE Y ALCANTARILLADO PERO ESTOS FUERON OBSERVADOS Y DEVUELTO CON OBSERVACIONES Y A LA FECHA NO VOLVIERON A INGRESAR AL VICEMINISTERIO LOS DOCUMENTOS SUBSANADOS.

SE TIENE REPROGRAMADA UNA REUNIÓN CON TODOS LOS MUNICIPIOS DE LA PROVINCIA PACAJES PARA EL DÍA 19 DE SEPTIEMBRE DE 2026, A HORAS 08:30. EN EL MUNICIPIO DE COROCORO"
95,159,2026-09-09T04:00:00.000Z,CONCLUIDO,CARTA ,,,,DGDF
96,123,2026-09-10T04:00:00.000Z,CONCLUIDO,Lista de participantes,En fecha 09 de septiembre se  realizó el CONECTA PAN en la ciudad de La Paz,Elizabeth Galarza,En fecha 09 de septiembre se  realizó el CONECTA PAN en la ciudad de La Paz,"Se concretó también realizar el CONECTA PAN en Trinidad, Cochabamba y Tarija, con los productores independientes"
97,127,2026-09-15T04:00:00.000Z,EN PROCESO,BASE DE DATOS DIRECCION GENERAL DE RECURSOS HIDRICOS Y RIEGO,BASE DE DATOS DIRECCION GENERAL DE RECURSOS HIDRICOS Y RIEGO,ELIAS TRIGO 72852259,"VICEMINISTERIO DE SEGURIDAD HIDRICA, AGUA, SANEAMIENTO BASICO Y RIEGO PUNTO  3. Construcción de reservorios de agua para microriego y riego a goteo.
 
CON EL PROGRAMA ""GESTIÓN RESILIENTE DEL AGUA PARA RIEGO COMUNITARIO Y FAMILIAR"", SE PRIORIZÓ LOS ITCPS ""AMPLIACIÓN SISTEMA DE RIEGO AZAMBO"" -LURIBAY, QUE BENEFICIA A 87 FAMILIAS Y 50,2 HA DE RIEGO Y CONSTRUCCION SISTEMA DE RIEGO COMUNIDAD MALAVI (SAPAHAQUI) QUE BENEFICIARIA A 66 FAMILIAS Y 49.67 HECTAREAS . LA LICITACIÓN PÚBLICA DE ESTOS ESTUDIOS INICIARÁ APROXIMADAMENTE EN LA TERCERA SEMANA DE SEPTIEMBRE.

EN FECHA 09/09/2026 SE SOSTUVO UNA REUNIÓN INFORMATIVA CON LA PROVINCIA LOAYZA EN EL ALTO DONDE ESTUVIERON PRESENTES LOS ALCALDES DE TODOS LOS MUNICIPIOS Y REPRESENTANTES DE DIFERENTES VICEMINISTERIOS, COMO VICEMINISTRIO DE SEGURIDAD HIDRICA, AGUA, SANEAMINTO BASICO Y RIEGO SE INFORMO SOBRE LOS PROGRAMAS DE RIEGO Y AGUA POTABLE CON LOS QUE SE CUENTA DE IGUAL MANERA SE DIO A CONOCER EL PROCEDIMIENTO QUE SE DEBE SEGUIR PARA LA PRESENTACIÓN DE ITCP O EDTP ADEMAS DE FACILITAR EL QR EN LA QUE SE BRINDA TODA LA INFORMACION TECNICA Y LOS MODELOS DE DOCUMENTOS DE PRESENTACION. ",A LA ESPERA DE LA LICITACIÓN PUBLICA
98,117,2026-09-15T04:00:00.000Z,CONCLUIDO,Nota,Se remitió nota CAR/MPSMAyA/VCLIyDUC/DGC/UDPCI N° 0315/2026,Gerónimo Choque Callata,Se cuenta con nota remitida a la ATT,
99,119,2026-09-15T04:00:00.000Z,CONCLUIDO,Nota interna emitida,"El VDAyA coordinó con el BDP la vigencia de un FIDEICOMISO para el sector porcícola, en tal sentido, el VDADI estionó  reunión con el BDP.",Gerónimo Choque Callata,Se emitió nota correspondiente,
100,122,2026-09-15T04:00:00.000Z,EN PROCESO,ACTA DE REUNIÓN,En fecha 14 de septiembre se sostuvo comunicación con EMAPA para ver estado del Decreto Supremo,Sergio Siles,El proyecto de Decreto Supremo se encuentra en consulta con el MEFP para el análisis de presupuesto,El proyecto de Decreto Supremo se analizó en UDAPE y aún sigue en análisis para su aprobación
101,160,2026-08-25T04:00:00.000Z,CONCLUIDO,VDAyA,ACTA DE REUNON DE FECHA 25 DE AGOSTO DE 2026,VICTORIA APAZA-STRIA EJECUTIVA-BARTOLINA SISA PROV. MURILLO ,SE REALIZO EN FECHA 25 DE AGOSTO EN REUNION AMPLIADA ,SIN OBSERVACIONES
102,161,2026-09-17T04:00:00.000Z,EN PROCESO,VDAyA ,ACTA DE REUNION DE FECHA 24 DE AGOSTO DE 2026,MARGARITA HUANCOLLO #CEL 73556102,SE ESTA A LA ESPERA DEL ACTA DE REUNION PREVISTA PARA EL 18 DE SEPT.,A ESTA FECHA SIN OBSERVACION 
103,162,2026-09-17T04:00:00.000Z,CONCLUIDO,VDAyA,ACTA DE REUNION ,LUCIO LIPA ,SE REALIZO EL RESPECTIVO SEGUIMIENTO ,"NINGUNA, LA DEMANDA DE INFORMACION DE PROGRAMAS Y PROYECTOS YA FUE ATENDIDA"
104,163,2026-09-17T04:00:00.000Z,EN PROCESO,VDAyA ,ACTA DE REUNION ,EDUARDO TUPA VILLCA,SE ESTA REALIZANDO EL SEGUIMIENTO,A ESTA FECHA SIN OBSERVACION
105,164,2026-09-17T04:00:00.000Z,CONCLUIDO,VDAyA,ACTA DE REUNION,ADHEMAR IGOR CHOQUE-ALCALDE ,SE REALIZO EL REGISTRO Y ARCHIVO CORRESPONDIENTE ,SIN OBSERVACIONES 
106,165,2026-09-17T04:00:00.000Z,EN PROCESO,VDAyA ,ACTA DE REUNION ,JUAN LIMACHI-JILIRI MALLKU-77220398,SE ESTA REALIZANDO EL SEGUIMIENTO CORRESPONDIENTE,A LA FECHA NO SE TIENE OBSERVACIONES 
107,166,2026-09-17T04:00:00.000Z,CONCLUIDO,VDAYA,ACTA DE REUNION,YHAMIL HERRERA-69723763,AUN NO REQUIERE,SIN OBSERVACIONES
108,168,2026-09-17T04:00:00.000Z,CONCLUIDO,VDAYA,ACTA DE FECHA 27 DE JULIO DE 2026,MARCO IRIARTE GOITIA,SE REALIZO EL SEGUIMIENTO,NINGUNA 
109,169,2026-09-17T04:00:00.000Z,CONCLUIDO,VDAYA,ACTA DE REUNION,LUCIO LIPA CHAVEZ ,SE CONCLUYO CON EL SEGUIMIENTO,NO TIENE OBSERVACIONES 
110,171,2026-09-17T04:00:00.000Z,EN PROCESO,VDAYA,ACTA DE REUNION,LUCIO LIPA,SE ESTA REALIZANDO EL SEGUIMIENTO,EN PLAZO
111,122,2026-09-22T04:00:00.000Z,EN PROCESO,Seguimiento,Llamada telefónica,Sergio Siles,"EMAPA emitirá informe complementario para aprobación de 180 millones de Bs en calidad de fondo rotativo, para continuar con la aprobación del Decreto Supremo. Posterior a la aprobación del Decreto Supremo, es necesario realizar la socialización del programa con el sector y la aprobación del Reglamento Operativo por parte de EMAPA.","El proyecto de DS se encuentra en UDAPE.
Se tiene previsto la validación de la hoja de costos de producción del pan para el 01 de octubre de 2026"
112,124,2026-09-22T04:00:00.000Z,EN PROCESO,REUNIÓN,Se sostuvo reunión el 08 de septiembre de 2026,Dandy Mallea,"A solicitud del sector, se postergó la feria del pan para el 01 de octubre de 2026.",
114,144,2026-09-22T04:00:00.000Z,EN PROCESO,Seguimiento,En fecha 16/09/26 el sector solicitó modificar la fecha de la Mesa de  Trabajo,Raul Ortiz Garnica,Se sostuvo reunión con el Sr Raúl Ortiz quien solicitó modificar la fecha del taller para el 23/09/26 y que también se convoque a EMAPA,"Aduana Nacional y SENASAG, fueron notificados con la modificación de la fecha, se remitió nota a EMAPA para su asistencia."
115,114,2026-09-22T04:00:00.000Z,EN PROCESO,Seguimiento,DGDDUC,Luis Sanga,"En fecha 19/09/26 se realizó el verificativo en la feria de ganado de Patacamaya de forma conjunta con SENASAG, CONTRACABOL, Policía Nacional y el GAM de Patacamaya",La DGDDUC y SENASAG emitirán informes para remisión al CEOLCC y al GAM de Patacamaya
116,172,2026-09-22T04:00:00.000Z,CONCLUIDO,Lista de participantes,Brigada Parlamentaria de La Paz,Claudia Bilbao Espinosa,Se concretó reunión en fecha 17/09/26 con los actores involucrados acordando nueva reunión para fecha 28/09/26,La brigada solicitó sugerencias para modificación de la Ley 100 de Lucha contra el contrabando.
117,173,2026-09-22T04:00:00.000Z,EN PROCESO,Lista de participantes,Brigada Parlamentaria de La Paz,Claudia Bilbao Espinosa,Se acordó nueva reunión para el 28/09/26 a fin de analizar propuestas de modificación normativa,"Esta atribución es netamente el VLCC, sin embargo, como el mismo afecta al abastecimiento interno de carne de res, el VCLIDUC particIpa en calidad de apoyo en la coordinación interinstitucional con SENASAG y EMAPA"
118,179,2026-09-21T04:00:00.000Z,EN PROCESO,Informe Técnico,INF/MPSMAYA/VPISYA N° 0025/2026,Gustavo Jáuregui Gonzáles - Viceministro VPISYA,"En elaboración del proyecto piloto de capacitación, diseño e implementación de crianza de cuyes en coordinación con PRO-BOLIVIA.",Semáforo verde; sin conflicto ni medidas de presión.
119,180,2026-09-21T04:00:00.000Z,EN PROCESO,Informe Técnico,INF/MPSMAYA/VPISYA N° 0025/2026,Gustavo Jáuregui Gonzáles - Viceministro VPISYA,"En elaboración del proyecto piloto para la capacitación, diseño e implementación de crianza avícola.",Semáforo verde; sin conflicto ni medidas de presión.
120,181,2026-09-21T04:00:00.000Z,EN PROCESO,Informe Técnico,INF/MPSMAYA/VPISYA N° 0025/2026,Gustavo Jáuregui Gonzáles - Viceministro VPISYA,En coordinación y formulación de la propuesta para la dotación de semillas de papa y hortalizas con asistencia técnica.,Semáforo verde; sin conflicto ni medidas de presión.
121,182,2026-09-21T04:00:00.000Z,EN PROCESO,Informe Técnico,INF/MPSMAYA/VPISYA N° 0025/2026,Gustavo Jáuregui Gonzáles - Viceministro VPISYA,En estructuración del proyecto piloto de construcción e implementación de carpas solares en la zona.,Semáforo verde; sin conflicto ni medidas de presión.
122,183,2026-09-21T04:00:00.000Z,EN PROCESO,Informe Técnico,INF/MPSMAYA/VPISYA N° 0025/2026,Gustavo Jáuregui Gonzáles - Viceministro VPISYA,Evaluación y seguimiento a las propuestas de apoyo en forraje y corrales abiertos para ganado lechero.,Semáforo verde; sin conflicto ni medidas de presión.
123,184,2026-09-21T04:00:00.000Z,EN PROCESO,Informe Técnico,INF/MPSMAYA/VPISYA N° 0025/2026,Gustavo Jáuregui Gonzáles - Viceministro VPISYA,En proceso de evaluación técnica para la generación del proyecto de infraestructura e implementación de invernaderos.,Semáforo verde; sin conflicto ni medidas de presión.
124,174,2026-09-21T04:00:00.000Z,EN PROCESO,Informe Técnico,INF/MPSMAYA/VPISYA N° 0025/2026,Gustavo Jáuregui Gonzáles - Viceministro VPISYA,Atención y sistematización de requerimientos del sector lácteo en reuniones con autoridades municipales y originarias de Corque y Totora.,Semáforo verde; demandas productivas en proceso de gestión sin medidas de presión.
125,175,2026-09-21T04:00:00.000Z,EN PROCESO,Informe Técnico,INF/MPSMAYA/VPISYA N° 0025/2026,Gustavo Jáuregui Gonzáles - Viceministro VPISYA,Coordinación interinstitucional y evaluación de alternativas de apoyo al sector agrícola en ambos municipios.,Semáforo verde; demandas productivas en proceso de gestión sin medidas de presión.
126,176,2026-09-21T04:00:00.000Z,EN PROCESO,Informe Técnico,INF/MPSMAYA/VPISYA N° 0025/2026,Gustavo Jáuregui Gonzáles - Viceministro VPISYA,"Articulación entre el Viceministerio, PRO-BOLIVIA y los GAMs de Corque y Totora para la promoción de PYMEs.",Semáforo verde; demandas productivas en proceso de gestión sin medidas de presión.
127,177,2026-09-21T04:00:00.000Z,EN PROCESO,Informe Técnico,INF/MPSMAYA/VPISYA N° 0025/2026,Gustavo Jáuregui Gonzáles - Viceministro VPISYA,Identificación de requerimientos de infraestructura productiva y evaluación de proyectos según competencias institucionales.,Semáforo verde; demandas productivas en proceso de gestión sin medidas de presión.
128,178,2026-09-21T04:00:00.000Z,EN PROCESO,Informe Técnico,INF/MPSMAYA/VPISYA N° 0025/2026,Gustavo Jáuregui Gonzáles - Viceministro VPISYA,Articulación interinstitucional con las autoridades originarias y GAMs de Corque y Totora para el seguimiento de compromisos y generación de mecanismos de apoyo productivo.,Semáforo verde; demandas productivas en proceso de gestión sin medidas de presión.
129,185,2026-09-08T04:00:00.000Z,EN PROCESO,Mesa de Trabajo,Acta / Acuerdos Mesa de Trabajo Zafra 2026,Gerencia General de EASBA / Asesor del Diputado Edgar Zegarra,EASBA asumió el compromiso de redactar y enviar el proyecto de ley corta al equipo legal de la diputación.,Gestión orientada a viabilizar mecanismos normativos para la empresa y la zafra.
130,186,2026-09-08T04:00:00.000Z,EN PROCESO,Acta / Acuerdos Mesa de Trabajo Zafra 2026,Acta / Acuerdos Mesa de Trabajo Zafra 2026,Gerencia General de EASBA / Dirigencia Cañera,EASBA se comprometió a dar prioridad a la recepción y cosecha de los cañeros de la provincia una vez arranque la Zafra.,Compromiso crítico para evitar pérdidas de sacarosa por retrasos del cronograma inicial.
131,187,2026-09-08T04:00:00.000Z,EN PROCESO,Mesa de Trabajo,Acta / Acuerdos Mesa de Trabajo Zafra 2026,Asesor del Diputado Edgar Zegarra / YPFB,Se coadyuvará desde la brigada/asamblea parlamentaria en la tramitación prioritaria de combustible ante YPFB para asegurar la maquinaria.,Factor externo determinante para asegurar el inicio oportuno de la Zafra 2026.
132,188,2026-09-08T04:00:00.000Z,EN PROCESO,Acta / Acuerdos Mesa de Trabajo Zafra 2026,Acta / Acuerdos Mesa de Trabajo Zafra 2026,Asesor del Diputado Edgar Zegarra / Ministerio de Economía y Finanzas Públicas,Apoyo parlamentario para agilizar ante el MEFP la aprobación de procedimientos de contratación directa que agilicen insumos.,Busca subsanar demoras operativas en licitaciones de EASBA.
133,189,2026-09-08T04:00:00.000Z,EN PROCESO,Mesa de Trabajo,Acta / Acuerdos Mesa de Trabajo Zafra 2026,EASBA / Instancias del Ejecutivo,Las autoridades e instancias correspondientes emitirán respuesta oficial por escrito a la solicitud del sector.,Requerimiento formal del sector cañero para dar respaldo técnico y jurídico.
134,190,2026-09-24T04:00:00.000Z,CONCLUIDO,a,a,a,a,sin obs
